ISO-10303-21;
HEADER;
FILE_DESCRIPTION (( 'STEP AP214' ),
    '1' );
FILE_NAME ('Top_Cover.STEP',
    '2026-02-26T21:21:59',
    ( '' ),
    ( '' ),
    'SwSTEP 2.0',
    'SolidWorks 2025',
    '' );
FILE_SCHEMA (( 'AUTOMOTIVE_DESIGN' ));
ENDSEC;

DATA;
#1 = CARTESIAN_POINT ( 'NONE',  ( 0.000000000000000000, -32.20000000000000284, -1.684197549492045591E-16 ) ) ;
#2 = DIRECTION ( 'NONE',  ( 0.000000000000000000, 0.000000000000000000, -1.000000000000000000 ) ) ;
#3 = FACE_OUTER_BOUND ( 'NONE', #2062, .T. ) ;
#4 = CARTESIAN_POINT ( 'NONE',  ( 5.914865008937248092, -17.47891623778159698, -19.49092215719705479 ) ) ;
#5 = EDGE_LOOP ( 'NONE', ( #2409, #1308, #3538, #934 ) ) ;
#6 = EDGE_CURVE ( 'NONE', #2832, #1638, #1069, .T. ) ;
#7 = FACE_OUTER_BOUND ( 'NONE', #1387, .T. ) ;
#8 = ORIENTED_EDGE ( 'NONE', *, *, #3334, .F. ) ;
#9 = EDGE_LOOP ( 'NONE', ( #854, #149, #361, #1356 ) ) ;
#10 = LINE ( 'NONE', #2140, #2604 ) ;
#11 = ORIENTED_EDGE ( 'NONE', *, *, #922, .T. ) ;
#12 = VERTEX_POINT ( 'NONE', #2731 ) ;
#13 = DIRECTION ( 'NONE',  ( -0.000000000000000000, 0.000000000000000000, 1.000000000000000000 ) ) ;
#14 = CARTESIAN_POINT ( 'NONE',  ( -8.485281374238574870, 10.50000000000000533, -18.87725054630192645 ) ) ;
#15 = DIRECTION ( 'NONE',  ( 0.000000000000000000, 0.000000000000000000, 1.000000000000000000 ) ) ;
#16 = DIRECTION ( 'NONE',  ( 0.000000000000000000, 0.000000000000000000, 1.000000000000000000 ) ) ;
#17 = EDGE_CURVE ( 'NONE', #63, #711, #306, .T. ) ;
#18 = LINE ( 'NONE', #3315, #2833 ) ;
#19 = EDGE_CURVE ( 'NONE', #690, #187, #198, .T. ) ;
#20 = FACE_OUTER_BOUND ( 'NONE', #166, .T. ) ;
#21 = AXIS2_PLACEMENT_3D ( 'NONE', #1436, #2303, #904 ) ;
#22 = ORIENTED_EDGE ( 'NONE', *, *, #258, .T. ) ;
#23 = FACE_OUTER_BOUND ( 'NONE', #3137, .T. ) ;
#24 = DIRECTION ( 'NONE',  ( -0.000000000000000000, 1.695169520498508698E-16, -1.000000000000000000 ) ) ;
#25 = ORIENTED_EDGE ( 'NONE', *, *, #1155, .T. ) ;
#26 = ORIENTED_EDGE ( 'NONE', *, *, #794, .F. ) ;
#27 = VECTOR ( 'NONE', #92, 1000.000000000000000 ) ;
#28 = ORIENTED_EDGE ( 'NONE', *, *, #879, .T. ) ;
#29 = EDGE_CURVE ( 'NONE', #3542, #994, #1174, .T. ) ;
#30 = ORIENTED_EDGE ( 'NONE', *, *, #788, .T. ) ;
#31 = CARTESIAN_POINT ( 'NONE',  ( 0.000000000000000000, 10.50000000000000533, -18.87725054630192645 ) ) ;
#32 = DIRECTION ( 'NONE',  ( 1.000000000000000000, 0.000000000000000000, 0.000000000000000000 ) ) ;
#33 = CARTESIAN_POINT ( 'NONE',  ( 0.000000000000000000, 30.49999999999999289, -21.79999999999998650 ) ) ;
#34 = VECTOR ( 'NONE', #1481, 1000.000000000000000 ) ;
#35 = CIRCLE ( 'NONE', #207, 2.999999999999999112 ) ;
#36 = CARTESIAN_POINT ( 'NONE',  ( 0.000000000000000000, 6.250000000000012434, -21.79999999999998650 ) ) ;
#37 = VECTOR ( 'NONE', #43, 1000.000000000000000 ) ;
#38 = DIRECTION ( 'NONE',  ( -1.000000000000000000, -0.000000000000000000, -0.000000000000000000 ) ) ;
#39 = DIRECTION ( 'NONE',  ( 0.000000000000000000, -1.000000000000000000, 0.000000000000000000 ) ) ;
#40 = VECTOR ( 'NONE', #1473, 1000.000000000000000 ) ;
#41 = EDGE_LOOP ( 'NONE', ( #386, #3539, #731, #815, #1046 ) ) ;
#42 = CARTESIAN_POINT ( 'NONE',  ( 6.000000000000000000, 29.19999999999999218, -20.49999999999998579 ) ) ;
#43 = DIRECTION ( 'NONE',  ( 1.000000000000000000, -0.000000000000000000, -0.000000000000000000 ) ) ;
#44 = ORIENTED_EDGE ( 'NONE', *, *, #1014, .T. ) ;
#45 = AXIS2_PLACEMENT_3D ( 'NONE', #1483, #321, #90 ) ;
#46 = ORIENTED_EDGE ( 'NONE', *, *, #3230, .F. ) ;
#47 = AXIS2_PLACEMENT_3D ( 'NONE', #2063, #135, #1532 ) ;
#48 = EDGE_CURVE ( 'NONE', #1887, #2105, #262, .T. ) ;
#49 = CIRCLE ( 'NONE', #2044, 5.999999999999998224 ) ;
#50 = EDGE_LOOP ( 'NONE', ( #2861, #2750 ) ) ;
#51 = EDGE_LOOP ( 'NONE', ( #1373, #2419, #571, #1530, #463, #2758, #3088, #1674, #3483, #476, #1997, #1545, #2282, #1855, #25, #75 ) ) ;
#52 = DIRECTION ( 'NONE',  ( -1.000000000000000000, 0.000000000000000000, 0.000000000000000000 ) ) ;
#53 = CARTESIAN_POINT ( 'NONE',  ( 0.000000000000000000, -1.499999999999994449, 34.50000000000001421 ) ) ;
#54 = EDGE_CURVE ( 'NONE', #244, #837, #3223, .T. ) ;
#55 = FACE_OUTER_BOUND ( 'NONE', #3203, .T. ) ;
#56 = DIRECTION ( 'NONE',  ( 0.000000000000000000, 9.020562075079396891E-15, 1.000000000000000000 ) ) ;
#57 = DIRECTION ( 'NONE',  ( 1.000000000000000000, -0.000000000000000000, -0.000000000000000000 ) ) ;
#58 = CARTESIAN_POINT ( 'NONE',  ( 7.000000000000000000, -30.49999999999999289, -21.79999999999998650 ) ) ;
#59 = ORIENTED_EDGE ( 'NONE', *, *, #2644, .F. ) ;
#60 = PLANE ( 'NONE',  #1759 ) ;
#61 = EDGE_CURVE ( 'NONE', #1377, #1400, #2911, .T. ) ;
#62 = DIRECTION ( 'NONE',  ( -1.000000000000000000, -0.000000000000000000, -0.000000000000000000 ) ) ;
#63 = VERTEX_POINT ( 'NONE', #142 ) ;
#64 = CARTESIAN_POINT ( 'NONE',  ( 5.631306122638678247, 14.98773642687598873, -19.62108217754947859 ) ) ;
#65 = ADVANCED_FACE ( 'NONE', ( #2054 ), #768, .F. ) ;
#66 = VERTEX_POINT ( 'NONE', #2397 ) ;
#67 = ORIENTED_EDGE ( 'NONE', *, *, #1066, .F. ) ;
#68 = DIRECTION ( 'NONE',  ( 0.000000000000000000, 0.000000000000000000, 1.000000000000000000 ) ) ;
#69 = UNCERTAINTY_MEASURE_WITH_UNIT (LENGTH_MEASURE( 1.000000000000000082E-05 ), #1241, 'distance_accuracy_value', 'NONE');
#70 = DIRECTION ( 'NONE',  ( 0.000000000000000000, 0.000000000000000000, -1.000000000000000000 ) ) ;
#71 = PLANE ( 'NONE',  #2483 ) ;
#72 = EDGE_CURVE ( 'NONE', #837, #832, #3011, .T. ) ;
#73 = CARTESIAN_POINT ( 'NONE',  ( -19.00000000000000355, 0.05000000000001530998, -21.79999999999998650 ) ) ;
#74 = CARTESIAN_POINT ( 'NONE',  ( 5.195785419551933515, -8.336556362441841728, -19.38611872263755131 ) ) ;
#75 = ORIENTED_EDGE ( 'NONE', *, *, #117, .T. ) ;
#76 = DIRECTION ( 'NONE',  ( 0.000000000000000000, 0.000000000000000000, -1.000000000000000000 ) ) ;
#77 = VECTOR ( 'NONE', #700, 1000.000000000000000 ) ;
#78 = LINE ( 'NONE', #1472, #2816 ) ;
#79 = DIRECTION ( 'NONE',  ( -0.000000000000000000, -0.000000000000000000, 1.000000000000000000 ) ) ;
#80 = ORIENTED_EDGE ( 'NONE', *, *, #3375, .T. ) ;
#81 = AXIS2_PLACEMENT_3D ( 'NONE', #2001, #912, #1984 ) ;
#82 = VECTOR ( 'NONE', #3171, 1000.000000000000000 ) ;
#83 = CARTESIAN_POINT ( 'NONE',  ( 6.000000000000000000, 4.114584349593751078, -20.49999999999998579 ) ) ;
#84 = AXIS2_PLACEMENT_3D ( 'NONE', #657, #52, #3104 ) ;
#85 = EDGE_LOOP ( 'NONE', ( #1265, #3069, #3117, #891 ) ) ;
#86 = ORIENTED_EDGE ( 'NONE', *, *, #1663, .F. ) ;
#87 = CARTESIAN_POINT ( 'NONE',  ( 7.000000000000000000, 10.50000000000000533, -18.87725054630192645 ) ) ;
#88 = AXIS2_PLACEMENT_3D ( 'NONE', #3476, #2895, #1542 ) ;
#89 = ADVANCED_FACE ( 'NONE', ( #966 ), #3207, .F. ) ;
#90 = DIRECTION ( 'NONE',  ( 0.000000000000000000, 0.000000000000000000, 1.000000000000000000 ) ) ;
#91 = VECTOR ( 'NONE', #749, 1000.000000000000000 ) ;
#92 = DIRECTION ( 'NONE',  ( 1.000000000000000000, -0.000000000000000000, -0.000000000000000000 ) ) ;
#93 = CARTESIAN_POINT ( 'NONE',  ( 0.000000000000000000, -40.50000000000000000, 31.92763390695375136 ) ) ;
#94 = VECTOR ( 'NONE', #1165, 1000.000000000000000 ) ;
#95 = CARTESIAN_POINT ( 'NONE',  ( 6.999999999999999112, -1.449999999999987743, -21.79999999999999005 ) ) ;
#96 = VERTEX_POINT ( 'NONE', #2130 ) ;
#97 = DIRECTION ( 'NONE',  ( -1.000000000000000000, 0.000000000000000000, 0.000000000000000000 ) ) ;
#98 = ADVANCED_FACE ( 'NONE', ( #752 ), #162, .T. ) ;
#99 = DIRECTION ( 'NONE',  ( 1.000000000000000000, 0.000000000000000000, 0.000000000000000000 ) ) ;
#100 = CARTESIAN_POINT ( 'NONE',  ( 0.000000000000000000, 29.19999999999999929, 40.90000000000001279 ) ) ;
#101 = VERTEX_POINT ( 'NONE', #1842 ) ;
#102 = EDGE_CURVE ( 'NONE', #1549, #3099, #1788, .T. ) ;
#103 = AXIS2_PLACEMENT_3D ( 'NONE', #2624, #1859, #1810 ) ;
#104 = FACE_OUTER_BOUND ( 'NONE', #2122, .T. ) ;
#105 = ORIENTED_EDGE ( 'NONE', *, *, #1777, .T. ) ;
#106 = VERTEX_POINT ( 'NONE', #2871 ) ;
#107 = CARTESIAN_POINT ( 'NONE',  ( -19.00000000000000355, 22.75000000000000711, -21.79999999999998650 ) ) ;
#108 = AXIS2_PLACEMENT_3D ( 'NONE', #274, #3294, #1364 ) ;
#109 = CARTESIAN_POINT ( 'NONE',  ( 5.992096537511261367, -6.735877807082090385, -20.49999999999998224 ) ) ;
#110 = CARTESIAN_POINT ( 'NONE',  ( 0.000000000000000000, -40.49999999999999289, -17.12763390695372223 ) ) ;
#111 = LINE ( 'NONE', #2271, #2546 ) ;
#112 = FACE_OUTER_BOUND ( 'NONE', #2222, .T. ) ;
#113 = DIRECTION ( 'NONE',  ( 1.000000000000000000, 0.000000000000000000, 0.000000000000000000 ) ) ;
#114 = B_SPLINE_CURVE_WITH_KNOTS ( 'NONE', 3,
 ( #2469, #3025, #1637, #1135, #2983, #2969, #508, #2701, #2742, #2725, #2435, #1613, #1919, #827, #1399, #1100, #260, #294 ),
 .UNSPECIFIED., .F., .F.,
 ( 4, 2, 2, 2, 2, 2, 2, 2, 4 ),
 ( 1.959318332196438622E-07, 0.0006043863968010887823, 0.001208576861768957894, 0.001812767326736827115, 0.002416957791704696119, 0.003021148256672565122, 0.003625338721640434560, 0.004229529186608303563, 0.004833719651576172567 ),
 .UNSPECIFIED. ) ;
#115 = CARTESIAN_POINT ( 'NONE',  ( -14.50000000000000178, -26.19999999999999574, -11.54999999999998117 ) ) ;
#116 = ORIENTED_EDGE ( 'NONE', *, *, #2967, .F. ) ;
#117 = EDGE_CURVE ( 'NONE', #3219, #2506, #1043, .T. ) ;
#118 = DIRECTION ( 'NONE',  ( 1.000000000000000000, -0.000000000000000000, -0.000000000000000000 ) ) ;
#119 = ORIENTED_EDGE ( 'NONE', *, *, #2431, .T. ) ;
#120 = VERTEX_POINT ( 'NONE', #2641 ) ;
#121 = FACE_OUTER_BOUND ( 'NONE', #51, .T. ) ;
#122 = FACE_OUTER_BOUND ( 'NONE', #297, .T. ) ;
#123 = LINE ( 'NONE', #3127, #3165 ) ;
#124 = CARTESIAN_POINT ( 'NONE',  ( 6.000000000000000888, 21.25000000000000355, -21.79999999999998650 ) ) ;
#125 = LINE ( 'NONE', #1153, #628 ) ;
#126 = EDGE_CURVE ( 'NONE', #2551, #1242, #1527, .T. ) ;
#127 = LINE ( 'NONE', #3149, #897 ) ;
#128 = EDGE_CURVE ( 'NONE', #2506, #1893, #1314, .T. ) ;
#129 = CARTESIAN_POINT ( 'NONE',  ( 1.000000000000000000, -1.499999999999994227, 38.00000000000001421 ) ) ;
#130 = PLANE ( 'NONE',  #668 ) ;
#131 = ORIENTED_EDGE ( 'NONE', *, *, #1410, .F. ) ;
#132 = CARTESIAN_POINT ( 'NONE',  ( 2.999999999999999112, 7.616980938942851331, -19.70682941149867062 ) ) ;
#133 = ORIENTED_EDGE ( 'NONE', *, *, #582, .F. ) ;
#134 = ORIENTED_EDGE ( 'NONE', *, *, #844, .F. ) ;
#135 = DIRECTION ( 'NONE',  ( 1.000000000000000000, -0.000000000000000000, -0.000000000000000000 ) ) ;
#136 = ADVANCED_FACE ( 'NONE', ( #1828 ), #1522, .F. ) ;
#137 = CARTESIAN_POINT ( 'NONE',  ( -23.68401537145216196, -30.50000000000000000, 9.650000000000019895 ) ) ;
#138 = CARTESIAN_POINT ( 'NONE',  ( -8.485281374238574870, -12.24999927169117697, -18.87149398043249704 ) ) ;
#139 = DIRECTION ( 'NONE',  ( 0.000000000000000000, -1.000000000000000000, 5.940833821838381710E-17 ) ) ;
#140 = VECTOR ( 'NONE', #1290, 1000.000000000000000 ) ;
#141 = CARTESIAN_POINT ( 'NONE',  ( -11.00000000000000355, -25.70832781755653684, -3.567747183457833567E-14 ) ) ;
#142 = CARTESIAN_POINT ( 'NONE',  ( 5.976418595484294549, 15.88541565040627113, -20.49999999999998579 ) ) ;
#143 = DIRECTION ( 'NONE',  ( 1.000000000000000000, -0.000000000000000000, 0.000000000000000000 ) ) ;
#144 = DIRECTION ( 'NONE',  ( 0.000000000000000000, 0.000000000000000000, 1.000000000000000000 ) ) ;
#145 = EDGE_LOOP ( 'NONE', ( #280, #2970, #2061, #1326 ) ) ;
#146 = CIRCLE ( 'NONE', #1977, 1.500000000000001332 ) ;
#147 = CIRCLE ( 'NONE', #2313, 2.399999999999999467 ) ;
#148 = PLANE ( 'NONE',  #1187 ) ;
#149 = ORIENTED_EDGE ( 'NONE', *, *, #238, .T. ) ;
#150 = CIRCLE ( 'NONE', #1524, 2.999999999999999112 ) ;
#151 = EDGE_CURVE ( 'NONE', #192, #2335, #1257, .T. ) ;
#152 = ORIENTED_EDGE ( 'NONE', *, *, #1176, .F. ) ;
#153 = DIRECTION ( 'NONE',  ( 1.000000000000000000, -0.000000000000000000, -0.000000000000000000 ) ) ;
#154 = ORIENTED_EDGE ( 'NONE', *, *, #2844, .T. ) ;
#155 = VERTEX_POINT ( 'NONE', #737 ) ;
#156 = DIRECTION ( 'NONE',  ( 0.000000000000000000, 0.000000000000000000, -1.000000000000000000 ) ) ;
#157 = VECTOR ( 'NONE', #3379, 1000.000000000000000 ) ;
#158 = CYLINDRICAL_SURFACE ( 'NONE', #2201, 1.500000000000004885 ) ;
#159 = ADVANCED_FACE ( 'NONE', ( #2181 ), #1347, .T. ) ;
#160 = AXIS2_PLACEMENT_3D ( 'NONE', #1697, #355, #70 ) ;
#161 = DIRECTION ( 'NONE',  ( 1.000000000000000000, 0.000000000000000000, 0.000000000000000000 ) ) ;
#162 = CYLINDRICAL_SURFACE ( 'NONE', #103, 2.499999999999995115 ) ;
#163 = CARTESIAN_POINT ( 'NONE',  ( -8.485281374238574870, 10.50000000000000533, -16.47725054630192787 ) ) ;
#164 = LINE ( 'NONE', #1299, #416 ) ;
#165 = AXIS2_PLACEMENT_3D ( 'NONE', #2378, #410, #1273 ) ;
#166 = EDGE_LOOP ( 'NONE', ( #2734, #1803, #1718, #917 ) ) ;
#167 = ADVANCED_FACE ( 'NONE', ( #2682, #3527 ), #256, .F. ) ;
#168 = CARTESIAN_POINT ( 'NONE',  ( -5.954748607317418951, -18.63541565040624093, -20.49999999999998224 ) ) ;
#169 = ORIENTED_EDGE ( 'NONE', *, *, #276, .F. ) ;
#170 = EDGE_CURVE ( 'NONE', #1638, #1335, #2893, .T. ) ;
#171 = ORIENTED_EDGE ( 'NONE', *, *, #2024, .F. ) ;
#172 = EDGE_CURVE ( 'NONE', #1847, #2335, #292, .T. ) ;
#173 = DIRECTION ( 'NONE',  ( 1.000000000000000000, 0.000000000000000000, 0.000000000000000000 ) ) ;
#174 = DIRECTION ( 'NONE',  ( 0.000000000000000000, -1.000000000000000000, 5.940833821838381710E-17 ) ) ;
#175 = ORIENTED_EDGE ( 'NONE', *, *, #2189, .T. ) ;
#176 = EDGE_LOOP ( 'NONE', ( #565, #2027, #2392, #2384 ) ) ;
#177 = CYLINDRICAL_SURFACE ( 'NONE', #2825, 2.399999999999999467 ) ;
#178 = DIRECTION ( 'NONE',  ( 0.000000000000000000, 0.000000000000000000, 1.000000000000000000 ) ) ;
#179 = LINE ( 'NONE', #2894, #1987 ) ;
#180 = ADVANCED_FACE ( 'NONE', ( #2147 ), #1115, .F. ) ;
#181 = CARTESIAN_POINT ( 'NONE',  ( 3.378534767700996699, 13.48625024371683523, -19.31368209960964677 ) ) ;
#182 = CARTESIAN_POINT ( 'NONE',  ( 6.999999999999999112, -40.50000000000000000, 16.27236609304626924 ) ) ;
#183 = CYLINDRICAL_SURFACE ( 'NONE', #1393, 2.399999999999999467 ) ;
#184 = ORIENTED_EDGE ( 'NONE', *, *, #2890, .T. ) ;
#185 = LINE ( 'NONE', #741, #3524 ) ;
#186 = EDGE_LOOP ( 'NONE', ( #1513, #828, #3440, #3372 ) ) ;
#187 = VERTEX_POINT ( 'NONE', #2755 ) ;
#188 = CARTESIAN_POINT ( 'NONE',  ( 0.000000000000000000, -2.949999999999990852, -21.79999999999998650 ) ) ;
#189 = AXIS2_PLACEMENT_3D ( 'NONE', #2561, #3337, #1973 ) ;
#190 = DIRECTION ( 'NONE',  ( 0.000000000000000000, 5.940833821838381710E-17, 1.000000000000000000 ) ) ;
#191 = ORIENTED_EDGE ( 'NONE', *, *, #1777, .F. ) ;
#192 = VERTEX_POINT ( 'NONE', #861 ) ;
#193 = CARTESIAN_POINT ( 'NONE',  ( 5.917190429162962673, -1.969151740288292984, 40.90000000000001990 ) ) ;
#194 = CIRCLE ( 'NONE', #2704, 2.999999999999999112 ) ;
#195 = CARTESIAN_POINT ( 'NONE',  ( 0.000000000000000000, 30.50000000000000000, 42.20000000000001705 ) ) ;
#196 = VECTOR ( 'NONE', #1259, 1000.000000000000000 ) ;
#197 = LINE ( 'NONE', #1003, #852 ) ;
#198 = LINE ( 'NONE', #3456, #544 ) ;
#199 = LINE ( 'NONE', #1296, #825 ) ;
#200 = AXIS2_PLACEMENT_3D ( 'NONE', #138, #2050, #156 ) ;
#201 = PLANE ( 'NONE',  #3045 ) ;
#202 = ORIENTED_EDGE ( 'NONE', *, *, #3451, .F. ) ;
#203 = AXIS2_PLACEMENT_3D ( 'NONE', #3188, #2051, #713 ) ;
#204 = EDGE_CURVE ( 'NONE', #2798, #3233, #2269, .T. ) ;
#205 = AXIS2_PLACEMENT_3D ( 'NONE', #87, #1443, #925 ) ;
#206 = CARTESIAN_POINT ( 'NONE',  ( 6.000000000000000888, -1.449999999999987743, -21.79999999999999005 ) ) ;
#207 = AXIS2_PLACEMENT_3D ( 'NONE', #1134, #1382, #3298 ) ;
#208 = EDGE_CURVE ( 'NONE', #1400, #1660, #1331, .T. ) ;
#209 = ORIENTED_EDGE ( 'NONE', *, *, #1632, .T. ) ;
#210 = ORIENTED_EDGE ( 'NONE', *, *, #2629, .T. ) ;
#211 = DIRECTION ( 'NONE',  ( 0.000000000000000000, 0.000000000000000000, -1.000000000000000000 ) ) ;
#212 = AXIS2_PLACEMENT_3D ( 'NONE', #799, #1325, #3288 ) ;
#213 = CARTESIAN_POINT ( 'NONE',  ( 7.000000000000000000, -30.49999999999999645, 15.22763390695377339 ) ) ;
#214 = ORIENTED_EDGE ( 'NONE', *, *, #2745, .T. ) ;
#215 = ORIENTED_EDGE ( 'NONE', *, *, #1845, .T. ) ;
#216 = LINE ( 'NONE', #425, #1120 ) ;
#217 = EDGE_CURVE ( 'NONE', #3185, #624, #2199, .T. ) ;
#218 = LINE ( 'NONE', #2377, #1007 ) ;
#219 = DIRECTION ( 'NONE',  ( -0.000000000000000000, 0.000000000000000000, 1.000000000000000000 ) ) ;
#220 = AXIS2_PLACEMENT_3D ( 'NONE', #1820, #1248, #3200 ) ;
#221 = DIRECTION ( 'NONE',  ( 1.000000000000000000, -0.000000000000000000, -0.000000000000000000 ) ) ;
#222 = CARTESIAN_POINT ( 'NONE',  ( -23.68401537145216196, -40.49999999999999289, -1.472366093046238333 ) ) ;
#223 = VECTOR ( 'NONE', #174, 1000.000000000000000 ) ;
#224 = FACE_OUTER_BOUND ( 'NONE', #1565, .T. ) ;
#225 = VERTEX_POINT ( 'NONE', #1395 ) ;
#226 = DIRECTION ( 'NONE',  ( -1.000000000000000000, -0.000000000000000000, -0.000000000000000000 ) ) ;
#227 = EDGE_LOOP ( 'NONE', ( #1944, #1021, #1873, #1658 ) ) ;
#228 = ORIENTED_EDGE ( 'NONE', *, *, #2376, .T. ) ;
#229 = DIRECTION ( 'NONE',  ( -0.000000000000000000, 0.000000000000000000, 1.000000000000000000 ) ) ;
#230 = CARTESIAN_POINT ( 'NONE',  ( -19.00000000000000355, -32.20000000000000284, 9.650000000000019895 ) ) ;
#231 = ORIENTED_EDGE ( 'NONE', *, *, #618, .T. ) ;
#232 = ORIENTED_EDGE ( 'NONE', *, *, #2444, .F. ) ;
#233 = LINE ( 'NONE', #499, #883 ) ;
#234 = DIRECTION ( 'NONE',  ( 0.000000000000000000, 1.445602896647337931E-16, 1.000000000000000000 ) ) ;
#235 = DIRECTION ( 'NONE',  ( 1.000000000000000000, -0.000000000000000000, -0.000000000000000000 ) ) ;
#236 = DIRECTION ( 'NONE',  ( 0.000000000000000000, 5.940833821838381710E-17, 1.000000000000000000 ) ) ;
#237 = CARTESIAN_POINT ( 'NONE',  ( 7.000000000000000000, 30.50000000000000711, -21.79999999999998650 ) ) ;
#238 = EDGE_CURVE ( 'NONE', #2881, #1837, #3243, .T. ) ;
#239 = CYLINDRICAL_SURFACE ( 'NONE', #3279, 10.00000000000000178 ) ;
#240 = VERTEX_POINT ( 'NONE', #1936 ) ;
#241 = ADVANCED_FACE ( 'NONE', ( #3022, #1666 ), #3004, .T. ) ;
#242 = DIRECTION ( 'NONE',  ( -1.000000000000000000, 0.000000000000000000, 0.000000000000000000 ) ) ;
#243 = ORIENTED_EDGE ( 'NONE', *, *, #3032, .F. ) ;
#244 = VERTEX_POINT ( 'NONE', #304 ) ;
#245 = DIRECTION ( 'NONE',  ( 0.000000000000000000, -1.000000000000000000, 5.940833821838381710E-17 ) ) ;
#246 = EDGE_CURVE ( 'NONE', #624, #1847, #2485, .T. ) ;
#247 = PLANE ( 'NONE',  #2317 ) ;
#248 = ORIENTED_EDGE ( 'NONE', *, *, #640, .F. ) ;
#249 = ORIENTED_EDGE ( 'NONE', *, *, #3155, .T. ) ;
#250 = DIRECTION ( 'NONE',  ( 0.000000000000000000, 0.000000000000000000, 1.000000000000000000 ) ) ;
#251 = LINE ( 'NONE', #1649, #2369 ) ;
#252 = VECTOR ( 'NONE', #1208, 1000.000000000000000 ) ;
#253 = EDGE_CURVE ( 'NONE', #635, #1335, #789, .T. ) ;
#254 = PLANE ( 'NONE',  #3015 ) ;
#255 = EDGE_CURVE ( 'NONE', #101, #3030, #1950, .T. ) ;
#256 = PLANE ( 'NONE',  #1193 ) ;
#257 = DIRECTION ( 'NONE',  ( 1.000000000000000000, 0.000000000000000000, 0.000000000000000000 ) ) ;
#258 = EDGE_CURVE ( 'NONE', #3050, #1013, #194, .T. ) ;
#259 = AXIS2_PLACEMENT_3D ( 'NONE', #464, #2068, #2111 ) ;
#260 = CARTESIAN_POINT ( 'NONE',  ( 6.000000000000028422, 4.745297138137831716, -19.79316782989147683 ) ) ;
#261 = VERTEX_POINT ( 'NONE', #2698 ) ;
#262 = CIRCLE ( 'NONE', #2251, 10.00000000000000000 ) ;
#263 = DIRECTION ( 'NONE',  ( 0.000000000000000000, -1.130113013665672383E-16, -1.000000000000000000 ) ) ;
#264 = VECTOR ( 'NONE', #1725, 1000.000000000000000 ) ;
#265 = VERTEX_POINT ( 'NONE', #1080 ) ;
#266 = ORIENTED_EDGE ( 'NONE', *, *, #3453, .T. ) ;
#267 = CIRCLE ( 'NONE', #2658, 1.499999999999994449 ) ;
#268 = CARTESIAN_POINT ( 'NONE',  ( 0.000000000000000000, -12.24999927169117697, -18.87149398043249704 ) ) ;
#269 = ORIENTED_EDGE ( 'NONE', *, *, #2279, .T. ) ;
#270 = ORIENTED_EDGE ( 'NONE', *, *, #3392, .T. ) ;
#271 = CARTESIAN_POINT ( 'NONE',  ( 7.000000000000000888, -17.99999999999998224, -21.79999999999998650 ) ) ;
#272 = CYLINDRICAL_SURFACE ( 'NONE', #3514, 2.499999999999995115 ) ;
#273 = VECTOR ( 'NONE', #2760, 1000.000000000000000 ) ;
#274 = CARTESIAN_POINT ( 'NONE',  ( 0.000000000000000000, 14.12971002403926413, 26.49862543497017953 ) ) ;
#275 = DIRECTION ( 'NONE',  ( 1.000000000000000000, 0.000000000000000000, -0.000000000000000000 ) ) ;
#276 = EDGE_CURVE ( 'NONE', #994, #2047, #2245, .T. ) ;
#277 = CARTESIAN_POINT ( 'NONE',  ( -17.50000000000000000, -20.96491132730395535, 21.85000000000000497 ) ) ;
#278 = VECTOR ( 'NONE', #16, 1000.000000000000000 ) ;
#279 = CARTESIAN_POINT ( 'NONE',  ( 4.985532408995393183, -15.96131031432255298, -19.35437722257118054 ) ) ;
#280 = ORIENTED_EDGE ( 'NONE', *, *, #2402, .T. ) ;
#281 = AXIS2_PLACEMENT_3D ( 'NONE', #1650, #15, #1610 ) ;
#282 = CARTESIAN_POINT ( 'NONE',  ( -5.954748607317418951, 14.12971002403926413, 31.38237902200329543 ) ) ;
#283 = ORIENTED_EDGE ( 'NONE', *, *, #1014, .F. ) ;
#284 = EDGE_LOOP ( 'NONE', ( #3499, #1960, #424, #1708, #3012, #2673 ) ) ;
#285 = ADVANCED_FACE ( 'NONE', ( #1897 ), #537, .F. ) ;
#286 = CARTESIAN_POINT ( 'NONE',  ( 0.000000000000000000, 10.72266117239508887, 31.38237902200329543 ) ) ;
#287 = ORIENTED_EDGE ( 'NONE', *, *, #3194, .T. ) ;
#288 = ORIENTED_EDGE ( 'NONE', *, *, #1518, .T. ) ;
#289 = FACE_OUTER_BOUND ( 'NONE', #1925, .T. ) ;
#290 = DIRECTION ( 'NONE',  ( 1.000000000000000000, 0.000000000000000000, -1.334402673828312846E-16 ) ) ;
#291 = CARTESIAN_POINT ( 'NONE',  ( 7.000000000000000000, -30.49999999999999289, -21.79999999999998650 ) ) ;
#292 = LINE ( 'NONE', #2740, #278 ) ;
#293 = LINE ( 'NONE', #522, #1639 ) ;
#294 = CARTESIAN_POINT ( 'NONE',  ( 6.000000000000000000, 4.592761747465426758, -19.92821973128891244 ) ) ;
#295 = ORIENTED_EDGE ( 'NONE', *, *, #685, .F. ) ;
#296 = CYLINDRICAL_SURFACE ( 'NONE', #949, 2.399999999999999467 ) ;
#297 = EDGE_LOOP ( 'NONE', ( #687, #2905, #269, #2996 ) ) ;
#298 = ORIENTED_EDGE ( 'NONE', *, *, #48, .F. ) ;
#299 = ORIENTED_EDGE ( 'NONE', *, *, #758, .F. ) ;
#300 = ORIENTED_EDGE ( 'NONE', *, *, #653, .T. ) ;
#301 = CARTESIAN_POINT ( 'NONE',  ( 6.000000000000000000, 14.12971002403926413, 26.49862543497017953 ) ) ;
#302 = CARTESIAN_POINT ( 'NONE',  ( 6.999999999999999112, -12.24999927169117697, -16.47149398043249846 ) ) ;
#303 = CARTESIAN_POINT ( 'NONE',  ( 0.000000000000000000, 29.19999999999999218, -20.49999999999998579 ) ) ;
#304 = CARTESIAN_POINT ( 'NONE',  ( -14.50000000000000178, -29.19999999999999218, 5.150000000000008349 ) ) ;
#305 = CARTESIAN_POINT ( 'NONE',  ( 2.999999999999999112, -1.499999999999994449, 35.60000000000001563 ) ) ;
#306 = B_SPLINE_CURVE_WITH_KNOTS ( 'NONE', 3,
 ( #2512, #1688, #1423, #335, #3323, #64, #1159, #868, #600, #1958, #2780, #3048, #3148, #181, #3418, #505 ),
 .UNSPECIFIED., .F., .F.,
 ( 4, 2, 2, 2, 2, 2, 2, 4 ),
 ( 2.319503574898206845E-07, 0.0005647174727925111494, 0.001129202995227532487, 0.001693688517662553933, 0.002258174040097575379, 0.003387145084967616102, 0.003951630607402634512, 0.004516116129837652489 ),
 .UNSPECIFIED. ) ;
#307 = DIRECTION ( 'NONE',  ( 1.000000000000000000, -0.000000000000000000, -0.000000000000000000 ) ) ;
#308 = EDGE_CURVE ( 'NONE', #2799, #811, #927, .T. ) ;
#309 = ORIENTED_EDGE ( 'NONE', *, *, #1463, .F. ) ;
#310 = CARTESIAN_POINT ( 'NONE',  ( -19.00000000000000355, -25.70832781755652618, -7.049999999999984723 ) ) ;
#311 = LINE ( 'NONE', #1421, #326 ) ;
#312 = ORIENTED_EDGE ( 'NONE', *, *, #2189, .F. ) ;
#313 = ORIENTED_EDGE ( 'NONE', *, *, #1291, .F. ) ;
#314 = ADVANCED_FACE ( 'NONE', ( #1715 ), #1164, .F. ) ;
#315 = AXIS2_PLACEMENT_3D ( 'NONE', #1753, #2769, #1445 ) ;
#316 = EDGE_CURVE ( 'NONE', #2763, #1796, #2556, .T. ) ;
#317 = VERTEX_POINT ( 'NONE', #2518 ) ;
#318 = ORIENTED_EDGE ( 'NONE', *, *, #443, .F. ) ;
#319 = CARTESIAN_POINT ( 'NONE',  ( 7.000000000000000000, 12.82360210107642651, -19.47797783540509187 ) ) ;
#320 = DIRECTION ( 'NONE',  ( 1.000000000000000000, 0.000000000000000000, 0.000000000000000000 ) ) ;
#321 = DIRECTION ( 'NONE',  ( -1.000000000000000000, 0.000000000000000000, 0.000000000000000000 ) ) ;
#322 = VECTOR ( 'NONE', #139, 1000.000000000000000 ) ;
#323 = EDGE_CURVE ( 'NONE', #1146, #2227, #2987, .T. ) ;
#324 = CARTESIAN_POINT ( 'NONE',  ( -5.954748607317418951, -3.585415650406242882, -20.49999999999998224 ) ) ;
#325 = AXIS2_PLACEMENT_3D ( 'NONE', #1719, #363, #2807 ) ;
#326 = VECTOR ( 'NONE', #1403, 1000.000000000000000 ) ;
#327 = CARTESIAN_POINT ( 'NONE',  ( 0.000000000000000000, 12.25000000000001066, -21.79999999999998650 ) ) ;
#328 = DIRECTION ( 'NONE',  ( 0.000000000000000000, -2.775557561562890957E-15, 1.000000000000000000 ) ) ;
#329 = AXIS2_PLACEMENT_3D ( 'NONE', #2193, #2175, #1929 ) ;
#330 = EDGE_LOOP ( 'NONE', ( #352, #3401, #1748, #3520 ) ) ;
#331 = CARTESIAN_POINT ( 'NONE',  ( -19.00000000000000355, -32.20000000000000284, 5.150000000000007461 ) ) ;
#332 = DIRECTION ( 'NONE',  ( 0.000000000000000000, -1.000000000000000000, 1.130113013665672383E-16 ) ) ;
#333 = ORIENTED_EDGE ( 'NONE', *, *, #3044, .F. ) ;
#334 = VECTOR ( 'NONE', #219, 1000.000000000000000 ) ;
#335 = CARTESIAN_POINT ( 'NONE',  ( 5.842047552345640327, 15.41614728498807985, -19.92709947054634867 ) ) ;
#336 = VECTOR ( 'NONE', #1822, 1000.000000000000000 ) ;
#337 = ORIENTED_EDGE ( 'NONE', *, *, #460, .T. ) ;
#338 = VERTEX_POINT ( 'NONE', #2285 ) ;
#339 = PLANE ( 'NONE',  #1006 ) ;
#340 = LINE ( 'NONE', #660, #2322 ) ;
#341 = CARTESIAN_POINT ( 'NONE',  ( 6.000000000000000000, 29.19999999999999929, 40.90000000000001279 ) ) ;
#342 = DIRECTION ( 'NONE',  ( 0.000000000000000000, 0.000000000000000000, -1.000000000000000000 ) ) ;
#343 = CARTESIAN_POINT ( 'NONE',  ( 6.000000000000000000, 29.19999999999999929, 40.90000000000001279 ) ) ;
#344 = ORIENTED_EDGE ( 'NONE', *, *, #1821, .T. ) ;
#345 = DIRECTION ( 'NONE',  ( -1.000000000000000000, 0.000000000000000000, -0.000000000000000000 ) ) ;
#346 = CARTESIAN_POINT ( 'NONE',  ( 7.000000000000000888, -2.949999999999992628, -21.79999999999998650 ) ) ;
#347 = LINE ( 'NONE', #2324, #2664 ) ;
#348 = EDGE_CURVE ( 'NONE', #2762, #2295, #536, .T. ) ;
#349 = EDGE_LOOP ( 'NONE', ( #589, #871, #2460, #1564 ) ) ;
#350 = CARTESIAN_POINT ( 'NONE',  ( -23.68401537145216196, -29.19999999999999929, -7.049999999999982059 ) ) ;
#351 = ORIENTED_EDGE ( 'NONE', *, *, #2290, .T. ) ;
#352 = ORIENTED_EDGE ( 'NONE', *, *, #2117, .F. ) ;
#353 = DIRECTION ( 'NONE',  ( -1.000000000000000000, 0.000000000000000000, 0.000000000000000000 ) ) ;
#354 = ADVANCED_FACE ( 'NONE', ( #1966 ), #2822, .T. ) ;
#355 = DIRECTION ( 'NONE',  ( 1.000000000000000000, 0.000000000000000000, 0.000000000000000000 ) ) ;
#356 = DIRECTION ( 'NONE',  ( 0.000000000000000000, -1.000000000000000000, 0.000000000000000000 ) ) ;
#357 = CARTESIAN_POINT ( 'NONE',  ( 1.732050807568878747, 0.000000000000000000, 30.38237902200329543 ) ) ;
#358 = EDGE_CURVE ( 'NONE', #240, #970, #1465, .T. ) ;
#359 = EDGE_CURVE ( 'NONE', #479, #3196, #123, .T. ) ;
#360 = FACE_OUTER_BOUND ( 'NONE', #2934, .T. ) ;
#361 = ORIENTED_EDGE ( 'NONE', *, *, #1106, .T. ) ;
#362 = EDGE_CURVE ( 'NONE', #2901, #1020, #3364, .T. ) ;
#363 = DIRECTION ( 'NONE',  ( -0.000000000000000000, 1.000000000000000000, 1.084202172485504434E-16 ) ) ;
#364 = CARTESIAN_POINT ( 'NONE',  ( -5.954748607317418951, 6.250000000000012434, -21.79999999999998650 ) ) ;
#365 = ORIENTED_EDGE ( 'NONE', *, *, #1471, .F. ) ;
#366 = VECTOR ( 'NONE', #2828, 1000.000000000000000 ) ;
#367 = CARTESIAN_POINT ( 'NONE',  ( 6.999999999999999112, 13.75000000000001243, -21.79999999999998650 ) ) ;
#368 = VECTOR ( 'NONE', #2464, 1000.000000000000000 ) ;
#369 = EDGE_LOOP ( 'NONE', ( #2088, #3465, #999, #2935, #2210, #2236 ) ) ;
#370 = ORIENTED_EDGE ( 'NONE', *, *, #1258, .F. ) ;
#371 = CARTESIAN_POINT ( 'NONE',  ( 7.000000000000000000, -30.50000000000000000, 42.20000000000001705 ) ) ;
#372 =( LENGTH_UNIT ( ) NAMED_UNIT ( * ) SI_UNIT ( .MILLI., .METRE. ) );
#373 = AXIS2_PLACEMENT_3D ( 'NONE', #1710, #1211, #2593 ) ;
#374 = DIRECTION ( 'NONE',  ( -1.000000000000000000, 0.000000000000000000, -0.000000000000000000 ) ) ;
#375 = FACE_OUTER_BOUND ( 'NONE', #1801, .T. ) ;
#376 = AXIS2_PLACEMENT_3D ( 'NONE', #625, #388, #590 ) ;
#377 = AXIS2_PLACEMENT_3D ( 'NONE', #3056, #1700, #2034 ) ;
#378 = CARTESIAN_POINT ( 'NONE',  ( 4.457202339853127526, -8.926184331554475548, -19.29713668568424012 ) ) ;
#379 = ADVANCED_FACE ( 'NONE', ( #3380 ), #607, .T. ) ;
#380 = CARTESIAN_POINT ( 'NONE',  ( 2.999999999999999112, -1.499999999999994449, 35.60000000000001563 ) ) ;
#381 = VECTOR ( 'NONE', #3486, 1000.000000000000000 ) ;
#382 = CARTESIAN_POINT ( 'NONE',  ( 0.000000000000000000, -29.19999999999999574, -7.049999999999980282 ) ) ;
#383 = EDGE_LOOP ( 'NONE', ( #1201, #2266, #818, #1970 ) ) ;
#384 = CARTESIAN_POINT ( 'NONE',  ( -23.68401537145216196, -29.19999999999999929, 21.85000000000001208 ) ) ;
#385 = AXIS2_PLACEMENT_3D ( 'NONE', #3181, #726, #3125 ) ;
#386 = ORIENTED_EDGE ( 'NONE', *, *, #516, .F. ) ;
#387 = ORIENTED_EDGE ( 'NONE', *, *, #17, .F. ) ;
#388 = DIRECTION ( 'NONE',  ( -1.000000000000000000, -0.000000000000000000, 0.000000000000000000 ) ) ;
#389 = VECTOR ( 'NONE', #559, 1000.000000000000000 ) ;
#390 = EDGE_CURVE ( 'NONE', #655, #265, #2533, .T. ) ;
#391 = PRODUCT_DEFINITION_SHAPE ( 'NONE', 'NONE',  #406 ) ;
#392 = CARTESIAN_POINT ( 'NONE',  ( 0.000000000000000000, -30.49999999999999645, 15.22763390695377339 ) ) ;
#393 = ADVANCED_FACE ( 'NONE', ( #629 ), #3106, .F. ) ;
#394 = LINE ( 'NONE', #324, #486 ) ;
#395 = DIRECTION ( 'NONE',  ( 0.000000000000000000, 0.000000000000000000, 1.000000000000000000 ) ) ;
#396 = DIRECTION ( 'NONE',  ( 1.000000000000000000, -0.000000000000000000, -0.000000000000000000 ) ) ;
#397 = FACE_OUTER_BOUND ( 'NONE', #1661, .T. ) ;
#398 = CARTESIAN_POINT ( 'NONE',  ( -5.954748607317418951, 14.12971002403926413, 0.000000000000000000 ) ) ;
#399 = CARTESIAN_POINT ( 'NONE',  ( 2.999999999999999112, -12.24999927169117697, -18.87149398043249704 ) ) ;
#400 = ORIENTED_EDGE ( 'NONE', *, *, #623, .T. ) ;
#401 = EDGE_CURVE ( 'NONE', #1409, #1210, #394, .T. ) ;
#402 = FACE_OUTER_BOUND ( 'NONE', #1480, .T. ) ;
#403 = ORIENTED_EDGE ( 'NONE', *, *, #1385, .T. ) ;
#404 = ORIENTED_EDGE ( 'NONE', *, *, #1659, .F. ) ;
#405 = CARTESIAN_POINT ( 'NONE',  ( 7.000000000000000000, -30.49999999999999645, 15.22763390695377339 ) ) ;
#406 = PRODUCT_DEFINITION ( 'UNKNOWN', '', #3183, #1679 ) ;
#407 = DIRECTION ( 'NONE',  ( -1.000000000000000000, -0.000000000000000000, -0.000000000000000000 ) ) ;
#408 = CARTESIAN_POINT ( 'NONE',  ( 6.999999999999999112, 11.72266117239508887, 30.38237902200329543 ) ) ;
#409 = CARTESIAN_POINT ( 'NONE',  ( 0.000000000000000000, -1.499999999999994227, 36.70000000000000995 ) ) ;
#410 = DIRECTION ( 'NONE',  ( 1.000000000000000000, 0.000000000000000000, 0.000000000000000000 ) ) ;
#411 = CYLINDRICAL_SURFACE ( 'NONE', #3404, 2.399999999999999467 ) ;
#412 = EDGE_CURVE ( 'NONE', #2798, #2462, #2839, .T. ) ;
#413 = DIRECTION ( 'NONE',  ( 1.000000000000000000, 0.000000000000000000, -1.334402673828313093E-16 ) ) ;
#414 = CARTESIAN_POINT ( 'NONE',  ( 1.000000000000000888, -11.13541565040624626, -20.49999999999998224 ) ) ;
#415 = VERTEX_POINT ( 'NONE', #2270 ) ;
#416 = VECTOR ( 'NONE', #771, 1000.000000000000000 ) ;
#417 = DIRECTION ( 'NONE',  ( -0.000000000000000000, 1.000000000000000000, 0.000000000000000000 ) ) ;
#418 = ORIENTED_EDGE ( 'NONE', *, *, #2217, .T. ) ;
#419 = EDGE_CURVE ( 'NONE', #489, #3290, #2033, .T. ) ;
#420 = ORIENTED_EDGE ( 'NONE', *, *, #308, .T. ) ;
#421 = CARTESIAN_POINT ( 'NONE',  ( 3.500000000000000444, 12.82360210107642651, -19.47797783540509187 ) ) ;
#422 = AXIS2_PLACEMENT_3D ( 'NONE', #31, #1932, #819 ) ;
#423 = ORIENTED_EDGE ( 'NONE', *, *, #1291, .T. ) ;
#424 = ORIENTED_EDGE ( 'NONE', *, *, #681, .F. ) ;
#425 = CARTESIAN_POINT ( 'NONE',  ( 0.000000000000000000, -29.19999999999999929, 26.35000000000001208 ) ) ;
#426 = LINE ( 'NONE', #2622, #2090 ) ;
#427 = EDGE_CURVE ( 'NONE', #2227, #690, #1415, .T. ) ;
#428 = AXIS2_PLACEMENT_3D ( 'NONE', #2179, #3274, #1947 ) ;
#429 = DIRECTION ( 'NONE',  ( 0.000000000000000000, -1.000000000000000000, -1.387778780781445676E-15 ) ) ;
#430 = DIRECTION ( 'NONE',  ( 0.000000000000000000, 1.000000000000000000, 0.000000000000000000 ) ) ;
#431 = FACE_OUTER_BOUND ( 'NONE', #2046, .T. ) ;
#432 = AXIS2_PLACEMENT_3D ( 'NONE', #1447, #1467, #2586 ) ;
#433 = ADVANCED_FACE ( 'NONE', ( #942 ), #71, .F. ) ;
#434 = CARTESIAN_POINT ( 'NONE',  ( 1.000000000000000888, 10.50000000000000533, -18.87725054630192645 ) ) ;
#435 = ORIENTED_EDGE ( 'NONE', *, *, #1183, .F. ) ;
#436 = VECTOR ( 'NONE', #3384, 1000.000000000000000 ) ;
#437 = VECTOR ( 'NONE', #2648, 1000.000000000000000 ) ;
#438 = DIRECTION ( 'NONE',  ( 0.000000000000000000, -1.000000000000000000, 5.940833821838381710E-17 ) ) ;
#439 = VERTEX_POINT ( 'NONE', #1232 ) ;
#440 = ORIENTED_EDGE ( 'NONE', *, *, #2224, .F. ) ;
#441 = PLANE ( 'NONE',  #385 ) ;
#442 = VECTOR ( 'NONE', #575, 1000.000000000000000 ) ;
#443 = EDGE_CURVE ( 'NONE', #2727, #1054, #1039, .T. ) ;
#444 = LINE ( 'NONE', #2921, #223 ) ;
#445 = ORIENTED_EDGE ( 'NONE', *, *, #3344, .F. ) ;
#446 = VERTEX_POINT ( 'NONE', #3164 ) ;
#447 = LINE ( 'NONE', #3413, #829 ) ;
#448 = DIRECTION ( 'NONE',  ( -0.000000000000000000, -2.668805347656628453E-15, -1.000000000000000000 ) ) ;
#449 = VECTOR ( 'NONE', #3393, 1000.000000000000000 ) ;
#450 = CARTESIAN_POINT ( 'NONE',  ( -19.00000000000000355, -25.70832781755651908, -11.54999999999998472 ) ) ;
#451 = DIRECTION ( 'NONE',  ( 0.000000000000000000, -1.084202172485504434E-16, 1.000000000000000000 ) ) ;
#452 = LINE ( 'NONE', #3192, #705 ) ;
#453 = FACE_OUTER_BOUND ( 'NONE', #1137, .T. ) ;
#454 = VERTEX_POINT ( 'NONE', #2091 ) ;
#455 = B_SPLINE_CURVE_WITH_KNOTS ( 'NONE', 3,
 ( #1599, #3511, #3262, #1117, #3317, #1063, #2151, #1882, #279, #1368, #1350, #3530, #810, #542, #4, #1654, #2202, #3299 ),
 .UNSPECIFIED., .F., .F.,
 ( 4, 2, 2, 2, 2, 2, 2, 2, 4 ),
 ( 1.959160699893435394E-07, 0.0006044113970114030386, 0.001208626877952816755, 0.001812842358894230579, 0.002417057839835640935, 0.003021273320777044351, 0.003625488801718447767, 0.004229704282659852051, 0.004833919763601255033 ),
 .UNSPECIFIED. ) ;
#456 = DIRECTION ( 'NONE',  ( 1.000000000000000000, -0.000000000000000000, 0.000000000000000000 ) ) ;
#457 = ORIENTED_EDGE ( 'NONE', *, *, #2455, .F. ) ;
#458 = ORIENTED_EDGE ( 'NONE', *, *, #2339, .F. ) ;
#459 = DIRECTION ( 'NONE',  ( 0.000000000000000000, -1.387778780781445676E-15, 1.000000000000000000 ) ) ;
#460 = EDGE_CURVE ( 'NONE', #870, #2105, #2889, .T. ) ;
#461 = CARTESIAN_POINT ( 'NONE',  ( 0.000000000000000000, 7.750000000000015987, -21.79999999999998650 ) ) ;
#462 = ORIENTED_EDGE ( 'NONE', *, *, #3179, .F. ) ;
#463 = ORIENTED_EDGE ( 'NONE', *, *, #2743, .F. ) ;
#464 = CARTESIAN_POINT ( 'NONE',  ( -23.68401537145216196, -40.49999999999999289, -17.12763390695372223 ) ) ;
#465 = FACE_OUTER_BOUND ( 'NONE', #1161, .T. ) ;
#466 = PLANE ( 'NONE',  #2732 ) ;
#467 = DIRECTION ( 'NONE',  ( -0.000000000000000000, 1.000000000000000000, 1.084202172485504434E-16 ) ) ;
#468 = EDGE_CURVE ( 'NONE', #2470, #1341, #3109, .T. ) ;
#469 = CARTESIAN_POINT ( 'NONE',  ( 7.000000000000000000, -30.50000000000000000, 31.92763390695375136 ) ) ;
#470 = ADVANCED_FACE ( 'NONE', ( #481 ), #2315, .F. ) ;
#471 = DIRECTION ( 'NONE',  ( 0.000000000000000000, 0.000000000000000000, 1.000000000000000000 ) ) ;
#472 = ORIENTED_EDGE ( 'NONE', *, *, #2402, .F. ) ;
#473 = LINE ( 'NONE', #168, #1466 ) ;
#474 = EDGE_CURVE ( 'NONE', #2677, #3219, #216, .T. ) ;
#475 = ORIENTED_EDGE ( 'NONE', *, *, #2686, .F. ) ;
#476 = ORIENTED_EDGE ( 'NONE', *, *, #54, .T. ) ;
#477 = VECTOR ( 'NONE', #686, 1000.000000000000000 ) ;
#478 = CARTESIAN_POINT ( 'NONE',  ( 7.000000000000000000, -30.50000000000000000, 42.20000000000001705 ) ) ;
#479 = VERTEX_POINT ( 'NONE', #1515 ) ;
#480 = VERTEX_POINT ( 'NONE', #408 ) ;
#481 = FACE_OUTER_BOUND ( 'NONE', #5, .T. ) ;
#482 = DIRECTION ( 'NONE',  ( 0.000000000000000000, 5.940833821838381710E-17, 1.000000000000000000 ) ) ;
#483 = CARTESIAN_POINT ( 'NONE',  ( 0.000000000000000000, -12.24999927169117697, -19.97149398043249846 ) ) ;
#484 = DIRECTION ( 'NONE',  ( 0.000000000000000000, 1.000000000000000000, 0.000000000000000000 ) ) ;
#485 = CARTESIAN_POINT ( 'NONE',  ( 1.000000000000000888, -12.24999927169117697, -17.77149398043249917 ) ) ;
#486 = VECTOR ( 'NONE', #2536, 1000.000000000000000 ) ;
#487 = EDGE_CURVE ( 'NONE', #489, #454, #940, .T. ) ;
#488 = DIRECTION ( 'NONE',  ( 0.000000000000000000, -1.000000000000000000, 0.000000000000000000 ) ) ;
#489 = VERTEX_POINT ( 'NONE', #1253 ) ;
#490 = VECTOR ( 'NONE', #1508, 1000.000000000000000 ) ;
#491 = CARTESIAN_POINT ( 'NONE',  ( 0.000000000000000000, 0.000000000000000000, 26.49862543497017953 ) ) ;
#492 = EDGE_LOOP ( 'NONE', ( #80, #549, #2782, #704 ) ) ;
#493 = ORIENTED_EDGE ( 'NONE', *, *, #2224, .T. ) ;
#494 = AXIS2_PLACEMENT_3D ( 'NONE', #2746, #3283, #1672 ) ;
#495 = DIRECTION ( 'NONE',  ( 0.000000000000000000, -1.000000000000000000, 0.000000000000000000 ) ) ;
#496 = DIRECTION ( 'NONE',  ( -1.000000000000000000, 0.000000000000000000, 0.000000000000000000 ) ) ;
#497 = EDGE_LOOP ( 'NONE', ( #2177, #2827, #3541, #1456 ) ) ;
#498 = ORIENTED_EDGE ( 'NONE', *, *, #3087, .T. ) ;
#499 = CARTESIAN_POINT ( 'NONE',  ( -19.00000000000000355, -25.70832781755656882, 21.85000000000000497 ) ) ;
#500 = CARTESIAN_POINT ( 'NONE',  ( 6.000000000000000000, 29.19999999999999218, -20.49999999999998579 ) ) ;
#501 = EDGE_CURVE ( 'NONE', #3466, #1103, #1310, .T. ) ;
#502 = ADVANCED_FACE ( 'NONE', ( #1022 ), #177, .F. ) ;
#503 = DIRECTION ( 'NONE',  ( 1.000000000000000000, 0.000000000000000000, 0.000000000000000000 ) ) ;
#504 = VECTOR ( 'NONE', #3091, 1000.000000000000000 ) ;
#505 = CARTESIAN_POINT ( 'NONE',  ( 2.999999999999999112, 13.46774533856334344, -19.31598464052709119 ) ) ;
#506 = LINE ( 'NONE', #1027, #196 ) ;
#507 = VECTOR ( 'NONE', #2348, 1000.000000000000000 ) ;
#508 = CARTESIAN_POINT ( 'NONE',  ( 4.508398377528265222, 7.151237646989502039, -19.46489774135144302 ) ) ;
#509 = ORIENTED_EDGE ( 'NONE', *, *, #889, .T. ) ;
#510 = CARTESIAN_POINT ( 'NONE',  ( 5.976418595484294549, 15.88541565040627113, -20.49999999999998579 ) ) ;
#511 = ORIENTED_EDGE ( 'NONE', *, *, #990, .T. ) ;
#512 = VERTEX_POINT ( 'NONE', #1570 ) ;
#513 = DIRECTION ( 'NONE',  ( -1.000000000000000000, -0.000000000000000000, -0.000000000000000000 ) ) ;
#514 = LINE ( 'NONE', #2733, #381 ) ;
#515 = ORIENTED_EDGE ( 'NONE', *, *, #348, .F. ) ;
#516 = EDGE_CURVE ( 'NONE', #650, #120, #2098, .T. ) ;
#517 = EDGE_LOOP ( 'NONE', ( #646, #1954, #1405, #2866 ) ) ;
#518 = DIRECTION ( 'NONE',  ( -1.000000000000000000, -0.000000000000000000, -0.000000000000000000 ) ) ;
#519 = CARTESIAN_POINT ( 'NONE',  ( 0.000000000000000000, -30.49999999999999645, -0.4276339069537379856 ) ) ;
#520 = FACE_OUTER_BOUND ( 'NONE', #1901, .T. ) ;
#521 = CARTESIAN_POINT ( 'NONE',  ( 0.000000000000000000, 10.50000000000000533, -18.87725054630192645 ) ) ;
#522 = CARTESIAN_POINT ( 'NONE',  ( -17.50000000000000000, -26.19999999999999574, -11.54999999999998117 ) ) ;
#523 = DIRECTION ( 'NONE',  ( 0.000000000000000000, 1.000000000000000000, -2.668805347656628453E-15 ) ) ;
#524 = ORIENTED_EDGE ( 'NONE', *, *, #468, .F. ) ;
#525 = LINE ( 'NONE', #2458, #37 ) ;
#526 = ORIENTED_EDGE ( 'NONE', *, *, #2070, .T. ) ;
#527 = ORIENTED_EDGE ( 'NONE', *, *, #3140, .F. ) ;
#528 = EDGE_CURVE ( 'NONE', #1586, #1887, #1805, .T. ) ;
#529 = LINE ( 'NONE', #1605, #2209 ) ;
#530 = ORIENTED_EDGE ( 'NONE', *, *, #758, .T. ) ;
#531 = ORIENTED_EDGE ( 'NONE', *, *, #2823, .F. ) ;
#532 = CARTESIAN_POINT ( 'NONE',  ( -14.50000000000000178, -29.19999999999999929, -11.54999999999998117 ) ) ;
#533 = CARTESIAN_POINT ( 'NONE',  ( 0.000000000000000000, 29.19999999999999218, -20.49999999999998579 ) ) ;
#534 = VECTOR ( 'NONE', #2077, 1000.000000000000000 ) ;
#535 = LINE ( 'NONE', #291, #389 ) ;
#536 = CIRCLE ( 'NONE', #3281, 10.00000000000000000 ) ;
#537 = CYLINDRICAL_SURFACE ( 'NONE', #1448, 10.00000000000000000 ) ;
#538 = AXIS2_PLACEMENT_3D ( 'NONE', #3208, #2626, #3457 ) ;
#539 = LINE ( 'NONE', #1634, #719 ) ;
#540 = EDGE_CURVE ( 'NONE', #1038, #120, #447, .T. ) ;
#541 = AXIS2_PLACEMENT_3D ( 'NONE', #1662, #13, #1362 ) ;
#542 = CARTESIAN_POINT ( 'NONE',  ( 5.861548449719501619, -17.29654605453966454, -19.42262154315083222 ) ) ;
#543 = ORIENTED_EDGE ( 'NONE', *, *, #2056, .F. ) ;
#544 = VECTOR ( 'NONE', #2072, 1000.000000000000000 ) ;
#545 = ADVANCED_FACE ( 'NONE', ( #2602 ), #3489, .F. ) ;
#546 = EDGE_CURVE ( 'NONE', #2408, #870, #3145, .T. ) ;
#547 = CARTESIAN_POINT ( 'NONE',  ( -17.50000000000000000, -26.20000000000000284, 21.85000000000001208 ) ) ;
#548 = VECTOR ( 'NONE', #2998, 1000.000000000000000 ) ;
#549 = ORIENTED_EDGE ( 'NONE', *, *, #253, .T. ) ;
#550 = ORIENTED_EDGE ( 'NONE', *, *, #2873, .F. ) ;
#551 = VECTOR ( 'NONE', #3381, 1000.000000000000000 ) ;
#552 = CARTESIAN_POINT ( 'NONE',  ( 7.000000000000000888, 0.05000000000001357525, -21.79999999999998650 ) ) ;
#553 = ORIENTED_EDGE ( 'NONE', *, *, #2625, .T. ) ;
#554 = ORIENTED_EDGE ( 'NONE', *, *, #1620, .F. ) ;
#555 = CARTESIAN_POINT ( 'NONE',  ( 0.000000000000000000, -9.283125506481916034, -19.31608374787324678 ) ) ;
#556 = CARTESIAN_POINT ( 'NONE',  ( -17.50000000000000000, -25.70832781755656882, 21.84999999999999787 ) ) ;
#557 = ADVANCED_FACE ( 'NONE', ( #979 ), #1000, .F. ) ;
#558 = CIRCLE ( 'NONE', #1357, 1.099999999999996758 ) ;
#559 = DIRECTION ( 'NONE',  ( 0.000000000000000000, 1.000000000000000000, 0.000000000000000000 ) ) ;
#560 = CARTESIAN_POINT ( 'NONE',  ( -19.00000000000000355, 0.000000000000000000, 30.38237902200329543 ) ) ;
#561 = FACE_OUTER_BOUND ( 'NONE', #349, .T. ) ;
#562 = AXIS2_PLACEMENT_3D ( 'NONE', #2430, #1381, #2722 ) ;
#563 = DIRECTION ( 'NONE',  ( -1.000000000000000000, 0.000000000000000000, 0.000000000000000000 ) ) ;
#564 = ORIENTED_EDGE ( 'NONE', *, *, #3009, .F. ) ;
#565 = ORIENTED_EDGE ( 'NONE', *, *, #2152, .F. ) ;
#566 = TOROIDAL_SURFACE ( 'NONE', #1417, 5.999999999999999112, 3.000000000000000000 ) ;
#567 = CARTESIAN_POINT ( 'NONE',  ( 6.000000000000000888, 10.72266117239508887, 31.38237902200329543 ) ) ;
#568 = ORIENTED_EDGE ( 'NONE', *, *, #2524, .T. ) ;
#569 = ORIENTED_EDGE ( 'NONE', *, *, #2477, .T. ) ;
#570 = ORIENTED_EDGE ( 'NONE', *, *, #419, .F. ) ;
#571 = ORIENTED_EDGE ( 'NONE', *, *, #2279, .F. ) ;
#572 = PLANE ( 'NONE',  #541 ) ;
#573 = DIRECTION ( 'NONE',  ( 1.000000000000000000, -0.000000000000000000, -0.000000000000000000 ) ) ;
#574 = DIRECTION ( 'NONE',  ( -0.7745966692414831822, -0.4472135954999582053, -0.4472135954999582053 ) ) ;
#575 = DIRECTION ( 'NONE',  ( 1.000000000000000000, 0.000000000000000000, 0.000000000000000000 ) ) ;
#576 = DIRECTION ( 'NONE',  ( 1.000000000000000000, 0.000000000000000000, 0.000000000000000000 ) ) ;
#577 = VERTEX_POINT ( 'NONE', #3204 ) ;
#578 = CYLINDRICAL_SURFACE ( 'NONE', #821, 2.999999999999999112 ) ;
#579 = EDGE_CURVE ( 'NONE', #855, #3272, #2249, .T. ) ;
#580 = ORIENTED_EDGE ( 'NONE', *, *, #255, .T. ) ;
#581 = CARTESIAN_POINT ( 'NONE',  ( -19.00000000000000355, 13.12971002403926413, 0.000000000000000000 ) ) ;
#582 = EDGE_CURVE ( 'NONE', #635, #2832, #2080, .T. ) ;
#583 = DIRECTION ( 'NONE',  ( 0.000000000000000000, 1.084202172485504434E-16, -1.000000000000000000 ) ) ;
#584 = VERTEX_POINT ( 'NONE', #2178 ) ;
#585 = ORIENTED_EDGE ( 'NONE', *, *, #2079, .T. ) ;
#586 = ORIENTED_EDGE ( 'NONE', *, *, #803, .F. ) ;
#587 = EDGE_CURVE ( 'NONE', #2836, #2793, #3455, .T. ) ;
#588 = VERTEX_POINT ( 'NONE', #1912 ) ;
#589 = ORIENTED_EDGE ( 'NONE', *, *, #2786, .F. ) ;
#590 = DIRECTION ( 'NONE',  ( 0.000000000000000000, 0.000000000000000000, 1.000000000000000000 ) ) ;
#591 = CARTESIAN_POINT ( 'NONE',  ( 6.000000000000000000, 10.72266117239508887, 26.49862543497017953 ) ) ;
#592 = CARTESIAN_POINT ( 'NONE',  ( -5.954748607317418951, 10.72266117239508887, 31.38237902200329543 ) ) ;
#593 = DIRECTION ( 'NONE',  ( 0.000000000000000000, -1.000000000000000000, 5.940833821838381710E-17 ) ) ;
#594 = DIRECTION ( 'NONE',  ( 0.000000000000000000, 0.000000000000000000, -1.000000000000000000 ) ) ;
#595 = DIRECTION ( 'NONE',  ( 0.000000000000000000, 0.000000000000000000, -1.000000000000000000 ) ) ;
#596 = EDGE_LOOP ( 'NONE', ( #1228, #1451, #564, #1911, #1931 ) ) ;
#597 = PLANE ( 'NONE',  #1018 ) ;
#598 = DIRECTION ( 'NONE',  ( -1.000000000000000000, 0.000000000000000000, 0.000000000000000000 ) ) ;
#599 = VERTEX_POINT ( 'NONE', #2997 ) ;
#600 = CARTESIAN_POINT ( 'NONE',  ( 5.195489435573606762, 14.41386572040543790, -19.38623627136600547 ) ) ;
#601 = AXIS2_PLACEMENT_3D ( 'NONE', #2860, #1778, #3407 ) ;
#602 = ORIENTED_EDGE ( 'NONE', *, *, #2136, .T. ) ;
#603 = EDGE_LOOP ( 'NONE', ( #2685, #675, #2647, #2228, #1945, #152 ) ) ;
#604 = FACE_OUTER_BOUND ( 'NONE', #938, .T. ) ;
#605 = CYLINDRICAL_SURFACE ( 'NONE', #3231, 3.000000000000002665 ) ;
#606 = DIRECTION ( 'NONE',  ( -0.000000000000000000, 0.000000000000000000, -1.000000000000000000 ) ) ;
#607 = PLANE ( 'NONE',  #81 ) ;
#608 = CIRCLE ( 'NONE', #2943, 10.00000000000000000 ) ;
#609 = CIRCLE ( 'NONE', #3389, 1.500000000000004885 ) ;
#610 = DIRECTION ( 'NONE',  ( -1.000000000000000000, -0.000000000000000000, -0.000000000000000000 ) ) ;
#611 = EDGE_CURVE ( 'NONE', #1660, #1284, #1378, .T. ) ;
#612 = CARTESIAN_POINT ( 'NONE',  ( 5.930222255680822840, -7.077837434873189615, -20.19092839376394011 ) ) ;
#613 = CIRCLE ( 'NONE', #1582, 1.100000000000000311 ) ;
#614 = ORIENTED_EDGE ( 'NONE', *, *, #733, .T. ) ;
#615 = DIRECTION ( 'NONE',  ( 0.000000000000000000, -1.000000000000000000, 0.000000000000000000 ) ) ;
#616 = DIRECTION ( 'NONE',  ( 0.000000000000000000, 0.000000000000000000, 1.000000000000000000 ) ) ;
#617 = VERTEX_POINT ( 'NONE', #555 ) ;
#618 = EDGE_CURVE ( 'NONE', #415, #2901, #233, .T. ) ;
#619 = VECTOR ( 'NONE', #1541, 1000.000000000000000 ) ;
#620 =( GEOMETRIC_REPRESENTATION_CONTEXT ( 3 ) GLOBAL_UNCERTAINTY_ASSIGNED_CONTEXT ( ( #3329 ) ) GLOBAL_UNIT_ASSIGNED_CONTEXT ( ( #372, #2802, #2314 ) ) REPRESENTATION_CONTEXT ( 'NONE', 'WORKASPACE' ) );
#621 = CYLINDRICAL_SURFACE ( 'NONE', #373, 1.099999999999996758 ) ;
#622 = ORIENTED_EDGE ( 'NONE', *, *, #1262, .T. ) ;
#623 = EDGE_CURVE ( 'NONE', #832, #2104, #1647, .T. ) ;
#624 = VERTEX_POINT ( 'NONE', #301 ) ;
#625 = CARTESIAN_POINT ( 'NONE',  ( 6.000000000000000000, 0.000000000000000000, 0.000000000000000000 ) ) ;
#626 = ADVANCED_FACE ( 'NONE', ( #289 ), #572, .F. ) ;
#627 = EDGE_CURVE ( 'NONE', #1834, #480, #1328, .T. ) ;
#628 = VECTOR ( 'NONE', #3111, 1000.000000000000114 ) ;
#629 = FACE_OUTER_BOUND ( 'NONE', #517, .T. ) ;
#630 = DIRECTION ( 'NONE',  ( 0.000000000000000000, 0.000000000000000000, -1.000000000000000000 ) ) ;
#631 = DIRECTION ( 'NONE',  ( -1.000000000000000000, -0.000000000000000000, -0.000000000000000000 ) ) ;
#632 = ORIENTED_EDGE ( 'NONE', *, *, #1252, .T. ) ;
#633 = PLANE ( 'NONE',  #325 ) ;
#634 = LINE ( 'NONE', #932, #2475 ) ;
#635 = VERTEX_POINT ( 'NONE', #2480 ) ;
#636 = CARTESIAN_POINT ( 'NONE',  ( -19.00000000000000355, -2.949999999999990852, -21.79999999999998650 ) ) ;
#637 = ORIENTED_EDGE ( 'NONE', *, *, #1923, .F. ) ;
#638 = ORIENTED_EDGE ( 'NONE', *, *, #1213, .T. ) ;
#639 = CARTESIAN_POINT ( 'NONE',  ( 0.000000000000000000, -30.50000000000000000, 9.650000000000019895 ) ) ;
#640 = EDGE_CURVE ( 'NONE', #837, #817, #1110, .T. ) ;
#641 = CARTESIAN_POINT ( 'NONE',  ( 0.000000000000000000, -29.20000000000000284, 40.90000000000001279 ) ) ;
#642 = CARTESIAN_POINT ( 'NONE',  ( -17.50000000000000000, -20.96491132730395535, -11.54999999999998472 ) ) ;
#643 = PLANE ( 'NONE',  #377 ) ;
#644 = CARTESIAN_POINT ( 'NONE',  ( -19.00000000000000355, 0.000000000000000000, 0.000000000000000000 ) ) ;
#645 = PRODUCT ( 'Top_Cover', 'Top_Cover', '', ( #1196 ) ) ;
#646 = ORIENTED_EDGE ( 'NONE', *, *, #1369, .F. ) ;
#647 = LINE ( 'NONE', #3419, #776 ) ;
#648 = AXIS2_PLACEMENT_3D ( 'NONE', #1454, #2526, #1173 ) ;
#649 = FACE_OUTER_BOUND ( 'NONE', #2446, .T. ) ;
#650 = VERTEX_POINT ( 'NONE', #3220 ) ;
#651 = VECTOR ( 'NONE', #1880, 1000.000000000000000 ) ;
#652 = ADVANCED_FACE ( 'NONE', ( #2978 ), #1628, .F. ) ;
#653 = EDGE_CURVE ( 'NONE', #624, #192, #3291, .T. ) ;
#654 = CARTESIAN_POINT ( 'NONE',  ( 7.000000000000000000, -30.49999999999999289, -21.79999999999998650 ) ) ;
#655 = VERTEX_POINT ( 'NONE', #3505 ) ;
#656 = EDGE_LOOP ( 'NONE', ( #2126, #2125, #783, #171, #3309, #2972, #1531, #2961, #1642, #1669, #3253, #1390, #1301, #986, #2575, #1426, #2513, #2109, #2226, #1614, #403, #3027, #2730, #3516, #2153, #1868, #1101, #1904 ) ) ;
#657 = CARTESIAN_POINT ( 'NONE',  ( 0.000000000000000000, 0.000000000000000000, 0.000000000000000000 ) ) ;
#658 = VECTOR ( 'NONE', #3394, 1000.000000000000000 ) ;
#659 = ORIENTED_EDGE ( 'NONE', *, *, #362, .F. ) ;
#660 = CARTESIAN_POINT ( 'NONE',  ( -88.41379982785491620, 29.19999999999999929, 40.90000000000001279 ) ) ;
#661 = VECTOR ( 'NONE', #785, 1000.000000000000000 ) ;
#662 = DIRECTION ( 'NONE',  ( 0.000000000000000000, -1.695169520498508698E-16, 1.000000000000000000 ) ) ;
#663 = LINE ( 'NONE', #2570, #322 ) ;
#664 = VECTOR ( 'NONE', #173, 1000.000000000000000 ) ;
#665 = AXIS2_PLACEMENT_3D ( 'NONE', #1151, #2699, #2432 ) ;
#666 = CARTESIAN_POINT ( 'NONE',  ( 5.782900195656369924, -7.475275130049134908, -19.81130636703848680 ) ) ;
#667 = FACE_OUTER_BOUND ( 'NONE', #3141, .T. ) ;
#668 = AXIS2_PLACEMENT_3D ( 'NONE', #2277, #2562, #3355 ) ;
#669 = CARTESIAN_POINT ( 'NONE',  ( 0.000000000000000000, -29.20000000000000284, 40.90000000000001279 ) ) ;
#670 = CARTESIAN_POINT ( 'NONE',  ( 6.000000000000000000, 16.27639024049818417, -20.49999999999998579 ) ) ;
#671 = VERTEX_POINT ( 'NONE', #1056 ) ;
#672 = DIRECTION ( 'NONE',  ( 0.000000000000000000, 0.000000000000000000, 1.000000000000000000 ) ) ;
#673 = AXIS2_PLACEMENT_3D ( 'NONE', #1305, #2390, #850 ) ;
#674 = VERTEX_POINT ( 'NONE', #2143 ) ;
#675 = ORIENTED_EDGE ( 'NONE', *, *, #1213, .F. ) ;
#676 = CARTESIAN_POINT ( 'NONE',  ( 0.000000000000000000, -29.19999999999999574, 5.150000000000008349 ) ) ;
#677 = AXIS2_PLACEMENT_3D ( 'NONE', #137, #3161, #1019 ) ;
#678 = CARTESIAN_POINT ( 'NONE',  ( 0.000000000000000000, 10.50000000000000533, -19.97725054630192432 ) ) ;
#679 = DIRECTION ( 'NONE',  ( 0.000000000000000000, 0.000000000000000000, -1.000000000000000000 ) ) ;
#680 = CARTESIAN_POINT ( 'NONE',  ( 1.000000000000000888, -12.24999927169117697, -19.97149398043249846 ) ) ;
#681 = EDGE_CURVE ( 'NONE', #674, #1989, #1875, .T. ) ;
#682 = APPLICATION_CONTEXT ( 'automotive_design' ) ;
#683 = DIRECTION ( 'NONE',  ( 0.000000000000000000, 0.000000000000000000, -1.000000000000000000 ) ) ;
#684 = FACE_OUTER_BOUND ( 'NONE', #596, .T. ) ;
#685 = EDGE_CURVE ( 'NONE', #1013, #1288, #1172, .T. ) ;
#686 = DIRECTION ( 'NONE',  ( 0.000000000000000000, 1.000000000000000000, 0.000000000000000000 ) ) ;
#687 = ORIENTED_EDGE ( 'NONE', *, *, #2252, .F. ) ;
#688 = DIRECTION ( 'NONE',  ( 0.000000000000000000, 1.000000000000000000, 0.000000000000000000 ) ) ;
#689 = ORIENTED_EDGE ( 'NONE', *, *, #2215, .T. ) ;
#690 = VERTEX_POINT ( 'NONE', #1343 ) ;
#691 = DIRECTION ( 'NONE',  ( 0.000000000000000000, 0.000000000000000000, 1.000000000000000000 ) ) ;
#692 = EDGE_CURVE ( 'NONE', #757, #106, #3340, .T. ) ;
#693 = DIRECTION ( 'NONE',  ( 0.000000000000000000, 5.940833821838381710E-17, 1.000000000000000000 ) ) ;
#694 = ORIENTED_EDGE ( 'NONE', *, *, #3406, .T. ) ;
#695 = DIRECTION ( 'NONE',  ( -0.000000000000000000, -1.000000000000000000, -0.000000000000000000 ) ) ;
#696 = PLANE ( 'NONE',  #831 ) ;
#697 = DIRECTION ( 'NONE',  ( -0.000000000000000000, -1.000000000000000000, 0.000000000000000000 ) ) ;
#698 = DIRECTION ( 'NONE',  ( 0.000000000000000000, 0.000000000000000000, -1.000000000000000000 ) ) ;
#699 = DIRECTION ( 'NONE',  ( 1.000000000000000000, -0.000000000000000000, -0.000000000000000000 ) ) ;
#700 = DIRECTION ( 'NONE',  ( 0.000000000000000000, -1.000000000000000000, 5.940833821838381710E-17 ) ) ;
#701 = ORIENTED_EDGE ( 'NONE', *, *, #2813, .T. ) ;
#702 = VECTOR ( 'NONE', #62, 1000.000000000000000 ) ;
#703 = CARTESIAN_POINT ( 'NONE',  ( 0.000000000000000000, -1.499999999999994449, 35.60000000000001563 ) ) ;
#704 = ORIENTED_EDGE ( 'NONE', *, *, #6, .F. ) ;
#705 = VECTOR ( 'NONE', #738, 1000.000000000000000 ) ;
#706 = VERTEX_POINT ( 'NONE', #3256 ) ;
#707 = CARTESIAN_POINT ( 'NONE',  ( -23.68401537145216196, -29.19999999999999929, -11.54999999999998117 ) ) ;
#708 = AXIS2_PLACEMENT_3D ( 'NONE', #2448, #3019, #784 ) ;
#709 = LINE ( 'NONE', #2618, #507 ) ;
#710 = VERTEX_POINT ( 'NONE', #532 ) ;
#711 = VERTEX_POINT ( 'NONE', #802 ) ;
#712 = CARTESIAN_POINT ( 'NONE',  ( 6.000000000000000000, -4.312472222085031781, 40.90000000000001279 ) ) ;
#713 = DIRECTION ( 'NONE',  ( 0.000000000000000000, 0.000000000000000000, 1.000000000000000000 ) ) ;
#714 = AXIS2_PLACEMENT_3D ( 'NONE', #1826, #3491, #3146 ) ;
#715 = CARTESIAN_POINT ( 'NONE',  ( 2.999999999999999112, -12.24999927169117697, -18.87149398043249704 ) ) ;
#716 = CARTESIAN_POINT ( 'NONE',  ( 7.000000000000000000, -30.50000000000000000, 42.20000000000001705 ) ) ;
#717 = DIRECTION ( 'NONE',  ( 0.000000000000000000, 0.000000000000000000, -1.000000000000000000 ) ) ;
#718 = EDGE_CURVE ( 'NONE', #2835, #1910, #1894, .T. ) ;
#719 = VECTOR ( 'NONE', #2723, 1000.000000000000000 ) ;
#720 = DIRECTION ( 'NONE',  ( 1.000000000000000000, 0.000000000000000000, 0.000000000000000000 ) ) ;
#721 = ORIENTED_EDGE ( 'NONE', *, *, #2786, .T. ) ;
#722 = VECTOR ( 'NONE', #3229, 1000.000000000000000 ) ;
#723 = DIRECTION ( 'NONE',  ( 0.000000000000000000, 0.000000000000000000, -1.000000000000000000 ) ) ;
#724 = VERTEX_POINT ( 'NONE', #271 ) ;
#725 = EDGE_LOOP ( 'NONE', ( #2142, #3095, #26, #1303 ) ) ;
#726 = DIRECTION ( 'NONE',  ( 0.000000000000000000, 0.000000000000000000, 1.000000000000000000 ) ) ;
#727 = AXIS2_PLACEMENT_3D ( 'NONE', #36, #3276, #1366 ) ;
#728 = ADVANCED_FACE ( 'NONE', ( #2765 ), #1981, .T. ) ;
#729 = DIRECTION ( 'NONE',  ( 0.000000000000000000, 0.000000000000000000, 1.000000000000000000 ) ) ;
#730 = ORIENTED_EDGE ( 'NONE', *, *, #3490, .T. ) ;
#731 = ORIENTED_EDGE ( 'NONE', *, *, #1439, .F. ) ;
#732 = DIRECTION ( 'NONE',  ( -1.000000000000000000, -0.000000000000000000, 0.000000000000000000 ) ) ;
#733 = EDGE_CURVE ( 'NONE', #2811, #2188, #1147, .T. ) ;
#734 = CIRCLE ( 'NONE', #3255, 2.399999999999999467 ) ;
#735 = CARTESIAN_POINT ( 'NONE',  ( 0.000000000000000000, 14.12971002403926413, 31.38237902200329543 ) ) ;
#736 = CARTESIAN_POINT ( 'NONE',  ( 7.000000000000000000, 0.000000000000000000, 27.49862543497017953 ) ) ;
#737 = CARTESIAN_POINT ( 'NONE',  ( 0.000000000000000000, -29.19999999999999218, -20.49999999999998224 ) ) ;
#738 = DIRECTION ( 'NONE',  ( 0.000000000000000000, 1.084202172485504434E-16, -1.000000000000000000 ) ) ;
#739 = CARTESIAN_POINT ( 'NONE',  ( 0.000000000000000000, -10.49999999999999112, -21.79999999999998650 ) ) ;
#740 = EDGE_LOOP ( 'NONE', ( #2305, #2361, #2026, #530 ) ) ;
#741 = CARTESIAN_POINT ( 'NONE',  ( -19.00000000000000355, -7.499999999999982236, -21.79999999999998650 ) ) ;
#742 = ORIENTED_EDGE ( 'NONE', *, *, #2024, .T. ) ;
#743 = EDGE_LOOP ( 'NONE', ( #3157, #2601, #992, #3532 ) ) ;
#744 = LINE ( 'NONE', #3442, #2952 ) ;
#745 = DIRECTION ( 'NONE',  ( 0.000000000000000000, 5.551115123125785858E-15, 1.000000000000000000 ) ) ;
#746 = ORIENTED_EDGE ( 'NONE', *, *, #2244, .F. ) ;
#747 = ORIENTED_EDGE ( 'NONE', *, *, #474, .F. ) ;
#748 = DIRECTION ( 'NONE',  ( 1.000000000000000000, -0.000000000000000000, -0.000000000000000000 ) ) ;
#749 = DIRECTION ( 'NONE',  ( 0.000000000000000000, -1.000000000000000000, 5.940833821838381710E-17 ) ) ;
#750 = ADVANCED_FACE ( 'NONE', ( #121 ), #911, .T. ) ;
#751 = FACE_OUTER_BOUND ( 'NONE', #838, .T. ) ;
#752 = FACE_OUTER_BOUND ( 'NONE', #976, .T. ) ;
#753 = CARTESIAN_POINT ( 'NONE',  ( 2.999999999999999112, -1.499999999999994449, 29.60000000000001208 ) ) ;
#754 = FACE_OUTER_BOUND ( 'NONE', #775, .T. ) ;
#755 = VERTEX_POINT ( 'NONE', #1749 ) ;
#756 = LINE ( 'NONE', #1584, #1643 ) ;
#757 = VERTEX_POINT ( 'NONE', #2515 ) ;
#758 = EDGE_CURVE ( 'NONE', #777, #3438, #1921, .T. ) ;
#759 = ORIENTED_EDGE ( 'NONE', *, *, #1276, .F. ) ;
#760 = PLANE ( 'NONE',  #1470 ) ;
#761 = EDGE_CURVE ( 'NONE', #1939, #1874, #1181, .T. ) ;
#762 = LINE ( 'NONE', #781, #3409 ) ;
#763 = ORIENTED_EDGE ( 'NONE', *, *, #1471, .T. ) ;
#764 = ORIENTED_EDGE ( 'NONE', *, *, #540, .F. ) ;
#765 = DIRECTION ( 'NONE',  ( -1.000000000000000000, 0.000000000000000000, 0.000000000000000000 ) ) ;
#766 = PLANE ( 'NONE',  #3460 ) ;
#767 = CARTESIAN_POINT ( 'NONE',  ( -5.954748607317418951, -16.49999999999998579, -21.79999999999998650 ) ) ;
#768 = PLANE ( 'NONE',  #1794 ) ;
#769 = DIRECTION ( 'NONE',  ( 0.000000000000000000, -1.084202172485504434E-16, 1.000000000000000000 ) ) ;
#770 = VECTOR ( 'NONE', #1825, 1000.000000000000000 ) ;
#771 = DIRECTION ( 'NONE',  ( 1.000000000000000000, -0.000000000000000000, -0.000000000000000000 ) ) ;
#772 = EDGE_CURVE ( 'NONE', #2425, #817, #2567, .T. ) ;
#773 = ORIENTED_EDGE ( 'NONE', *, *, #1698, .F. ) ;
#774 = PLANE ( 'NONE',  #898 ) ;
#775 = EDGE_LOOP ( 'NONE', ( #923, #1673, #3199, #2405 ) ) ;
#776 = VECTOR ( 'NONE', #2560, 1000.000000000000000 ) ;
#777 = VERTEX_POINT ( 'NONE', #319 ) ;
#778 = AXIS2_PLACEMENT_3D ( 'NONE', #853, #2971, #2708 ) ;
#779 = LINE ( 'NONE', #2936, #1934 ) ;
#780 = VECTOR ( 'NONE', #933, 1000.000000000000000 ) ;
#781 = CARTESIAN_POINT ( 'NONE',  ( -19.00000000000000355, -32.20000000000000284, 26.35000000000001208 ) ) ;
#782 = ORIENTED_EDGE ( 'NONE', *, *, #3378, .F. ) ;
#783 = ORIENTED_EDGE ( 'NONE', *, *, #2056, .T. ) ;
#784 = DIRECTION ( 'NONE',  ( 0.000000000000000000, 0.000000000000000000, 1.000000000000000000 ) ) ;
#785 = DIRECTION ( 'NONE',  ( 0.000000000000000000, 1.000000000000000000, 0.000000000000000000 ) ) ;
#786 = CARTESIAN_POINT ( 'NONE',  ( -14.50000000000000178, -29.19999999999999574, -7.049999999999984723 ) ) ;
#787 = CIRCLE ( 'NONE', #3534, 2.499999999999995115 ) ;
#788 = EDGE_CURVE ( 'NONE', #706, #1561, #1125, .T. ) ;
#789 = LINE ( 'NONE', #2966, #1736 ) ;
#790 = DIRECTION ( 'NONE',  ( 0.000000000000000000, 1.000000000000000000, 0.000000000000000000 ) ) ;
#791 = CIRCLE ( 'NONE', #961, 2.399999999999999467 ) ;
#792 = DIRECTION ( 'NONE',  ( 0.000000000000000000, 0.000000000000000000, -1.000000000000000000 ) ) ;
#793 = VERTEX_POINT ( 'NONE', #858 ) ;
#794 = EDGE_CURVE ( 'NONE', #920, #3214, #3116, .T. ) ;
#795 = VECTOR ( 'NONE', #574, 1000.000000000000114 ) ;
#796 = FACE_OUTER_BOUND ( 'NONE', #3211, .T. ) ;
#797 = EDGE_LOOP ( 'NONE', ( #2371, #1437, #46, #1646 ) ) ;
#798 = ORIENTED_EDGE ( 'NONE', *, *, #1744, .F. ) ;
#799 = CARTESIAN_POINT ( 'NONE',  ( 6.999999999999999112, -16.49999999999998579, -21.79999999999998650 ) ) ;
#800 = VERTEX_POINT ( 'NONE', #872 ) ;
#801 = ORIENTED_EDGE ( 'NONE', *, *, #3150, .T. ) ;
#802 = CARTESIAN_POINT ( 'NONE',  ( 2.999999999999999112, 13.46774533856334344, -19.31598464052709119 ) ) ;
#803 = EDGE_CURVE ( 'NONE', #1549, #1920, #2837, .T. ) ;
#804 = LINE ( 'NONE', #3293, #1572 ) ;
#805 = CARTESIAN_POINT ( 'NONE',  ( 0.000000000000000000, 13.46774533856334344, -19.31598464052709119 ) ) ;
#806 = DIRECTION ( 'NONE',  ( 0.000000000000000000, 0.000000000000000000, -1.000000000000000000 ) ) ;
#807 = EDGE_CURVE ( 'NONE', #2425, #3214, #3377, .T. ) ;
#808 = ADVANCED_FACE ( 'NONE', ( #2498 ), #1946, .F. ) ;
#809 = LINE ( 'NONE', #826, #1462 ) ;
#810 = CARTESIAN_POINT ( 'NONE',  ( 5.710744818269956724, -16.92649094191413184, -19.32926743240826895 ) ) ;
#811 = VERTEX_POINT ( 'NONE', #1677 ) ;
#812 = DIRECTION ( 'NONE',  ( 1.000000000000000000, -0.000000000000000000, -0.000000000000000000 ) ) ;
#813 = ORIENTED_EDGE ( 'NONE', *, *, #2117, .T. ) ;
#814 = EDGE_CURVE ( 'NONE', #1980, #1549, #2204, .T. ) ;
#815 = ORIENTED_EDGE ( 'NONE', *, *, #1243, .F. ) ;
#816 = CYLINDRICAL_SURFACE ( 'NONE', #1866, 10.00000000000000000 ) ;
#817 = VERTEX_POINT ( 'NONE', #3326 ) ;
#818 = ORIENTED_EDGE ( 'NONE', *, *, #2788, .F. ) ;
#819 = DIRECTION ( 'NONE',  ( 0.000000000000000000, 0.000000000000000000, 1.000000000000000000 ) ) ;
#820 = DIRECTION ( 'NONE',  ( 0.5000000000000004441, -0.8660254037844384856, 0.000000000000000000 ) ) ;
#821 = AXIS2_PLACEMENT_3D ( 'NONE', #1668, #2487, #39 ) ;
#822 = CARTESIAN_POINT ( 'NONE',  ( -19.00000000000000355, 6.250000000000012434, -21.79999999999998650 ) ) ;
#823 = AXIS2_PLACEMENT_3D ( 'NONE', #3331, #662, #1218 ) ;
#824 = DIRECTION ( 'NONE',  ( 1.000000000000000000, -0.000000000000000000, -0.000000000000000000 ) ) ;
#825 = VECTOR ( 'NONE', #2381, 1000.000000000000000 ) ;
#826 = CARTESIAN_POINT ( 'NONE',  ( -5.954748607317418951, 15.88541565040627113, -20.49999999999998579 ) ) ;
#827 = CARTESIAN_POINT ( 'NONE',  ( 5.861720378777162566, 5.452316795729369225, -19.42300292975469489 ) ) ;
#828 = ORIENTED_EDGE ( 'NONE', *, *, #358, .F. ) ;
#829 = VECTOR ( 'NONE', #2621, 1000.000000000000000 ) ;
#830 = FACE_OUTER_BOUND ( 'NONE', #2922, .T. ) ;
#831 = AXIS2_PLACEMENT_3D ( 'NONE', #3221, #2942, #1786 ) ;
#832 = VERTEX_POINT ( 'NONE', #1963 ) ;
#833 = ORIENTED_EDGE ( 'NONE', *, *, #1319, .T. ) ;
#834 = AXIS2_PLACEMENT_3D ( 'NONE', #371, #1460, #2552 ) ;
#835 = CIRCLE ( 'NONE', #2491, 10.00000000000000178 ) ;
#836 = DIRECTION ( 'NONE',  ( 1.000000000000000000, -0.000000000000000000, -0.000000000000000000 ) ) ;
#837 = VERTEX_POINT ( 'NONE', #3051 ) ;
#838 = EDGE_LOOP ( 'NONE', ( #1930, #2672, #833, #3318 ) ) ;
#839 = CARTESIAN_POINT ( 'NONE',  ( 2.999999999999999112, 10.50000000000000533, -18.87725054630192645 ) ) ;
#840 = CARTESIAN_POINT ( 'NONE',  ( -19.00000000000000711, -32.20000000000000284, -7.049999999999984723 ) ) ;
#841 = VECTOR ( 'NONE', #2676, 1000.000000000000000 ) ;
#842 = ADVANCED_FACE ( 'NONE', ( #604 ), #339, .F. ) ;
#843 = LINE ( 'NONE', #1078, #2842 ) ;
#844 = EDGE_CURVE ( 'NONE', #2274, #3423, #1998, .T. ) ;
#845 = CARTESIAN_POINT ( 'NONE',  ( -5.954748607317418951, 14.12971002403926413, 26.49862543497017953 ) ) ;
#846 = DIRECTION ( 'NONE',  ( 0.000000000000000000, 0.000000000000000000, 1.000000000000000000 ) ) ;
#847 = CARTESIAN_POINT ( 'NONE',  ( 7.000000000000000000, 10.50000000000000533, -21.27725054630192503 ) ) ;
#848 = AXIS2_PLACEMENT_3D ( 'NONE', #707, #691, #3501 ) ;
#849 = ORIENTED_EDGE ( 'NONE', *, *, #2354, .T. ) ;
#850 = DIRECTION ( 'NONE',  ( 1.000000000000000000, 0.000000000000000000, -0.000000000000000000 ) ) ;
#851 = ADVANCED_FACE ( 'NONE', ( #2532 ), #3090, .F. ) ;
#852 = VECTOR ( 'NONE', #161, 1000.000000000000000 ) ;
#853 = CARTESIAN_POINT ( 'NONE',  ( -19.00000000000000355, 11.72266117239508887, 0.000000000000000000 ) ) ;
#854 = ORIENTED_EDGE ( 'NONE', *, *, #1845, .F. ) ;
#855 = VERTEX_POINT ( 'NONE', #1215 ) ;
#856 = EDGE_LOOP ( 'NONE', ( #2651, #1712, #524, #2242 ) ) ;
#857 = ORIENTED_EDGE ( 'NONE', *, *, #907, .F. ) ;
#858 = CARTESIAN_POINT ( 'NONE',  ( 6.999999999999999112, 13.12971002403926413, 27.49862543497017953 ) ) ;
#859 = DIRECTION ( 'NONE',  ( 1.000000000000000000, 0.000000000000000000, 0.000000000000000000 ) ) ;
#860 = CARTESIAN_POINT ( 'NONE',  ( 0.000000000000000000, 13.75000000000001243, -21.79999999999998650 ) ) ;
#861 = CARTESIAN_POINT ( 'NONE',  ( 6.000000000000000000, 14.12971002403926413, 31.38237902200329543 ) ) ;
#862 = FACE_OUTER_BOUND ( 'NONE', #1792, .T. ) ;
#863 = LINE ( 'NONE', #1084, #1905 ) ;
#864 = ORIENTED_EDGE ( 'NONE', *, *, #3368, .T. ) ;
#865 = LINE ( 'NONE', #2690, #2040 ) ;
#866 = DIRECTION ( 'NONE',  ( 0.000000000000000000, -1.000000000000000000, 5.940833821838381710E-17 ) ) ;
#867 = EDGE_LOOP ( 'NONE', ( #1247, #1225, #2325, #527, #721 ) ) ;
#868 = CARTESIAN_POINT ( 'NONE',  ( 5.320331836748121823, 14.55245153793592294, -19.42726535437102342 ) ) ;
#869 = ADVANCED_FACE ( 'NONE', ( #2368, #2311 ), #3467, .F. ) ;
#870 = VERTEX_POINT ( 'NONE', #676 ) ;
#871 = ORIENTED_EDGE ( 'NONE', *, *, #2662, .T. ) ;
#872 = CARTESIAN_POINT ( 'NONE',  ( 0.000000000000000000, -6.864584349593725321, -20.49999999999998224 ) ) ;
#873 = EDGE_CURVE ( 'NONE', #757, #777, #2085, .T. ) ;
#874 = DIRECTION ( 'NONE',  ( -1.000000000000000000, -0.000000000000000000, -0.000000000000000000 ) ) ;
#875 = CARTESIAN_POINT ( 'NONE',  ( 6.000000000000000000, -6.475229307075055729, -20.49999999999998224 ) ) ;
#876 = DIRECTION ( 'NONE',  ( 0.000000000000000000, -1.130113013665672383E-16, -1.000000000000000000 ) ) ;
#877 = DIRECTION ( 'NONE',  ( 1.000000000000000000, -0.000000000000000000, 0.000000000000000000 ) ) ;
#878 = CIRCLE ( 'NONE', #2864, 2.399999999999999467 ) ;
#879 = EDGE_CURVE ( 'NONE', #1747, #101, #1577, .T. ) ;
#880 = CARTESIAN_POINT ( 'NONE',  ( -14.50000000000000178, -29.19999999999999929, 26.35000000000001208 ) ) ;
#881 = ORIENTED_EDGE ( 'NONE', *, *, #2183, .T. ) ;
#882 = LINE ( 'NONE', #3060, #2669 ) ;
#883 = VECTOR ( 'NONE', #765, 1000.000000000000000 ) ;
#884 = EDGE_CURVE ( 'NONE', #671, #3050, #2029, .T. ) ;
#885 = EDGE_CURVE ( 'NONE', #2274, #1847, #2652, .T. ) ;
#886 = DIRECTION ( 'NONE',  ( 0.000000000000000000, 0.000000000000000000, 1.000000000000000000 ) ) ;
#887 = ORIENTED_EDGE ( 'NONE', *, *, #359, .T. ) ;
#888 = ADVANCED_FACE ( 'NONE', ( #3427 ), #1267, .F. ) ;
#889 = EDGE_CURVE ( 'NONE', #655, #479, #1551, .T. ) ;
#890 = VECTOR ( 'NONE', #2603, 1000.000000000000000 ) ;
#891 = ORIENTED_EDGE ( 'NONE', *, *, #1106, .F. ) ;
#892 = VERTEX_POINT ( 'NONE', #188 ) ;
#893 = DIRECTION ( 'NONE',  ( 0.000000000000000000, 1.000000000000000000, -0.000000000000000000 ) ) ;
#894 = VECTOR ( 'NONE', #610, 1000.000000000000000 ) ;
#895 = SURFACE_SIDE_STYLE ('',( #2789 ) ) ;
#896 = DIRECTION ( 'NONE',  ( 0.000000000000000000, -1.000000000000000000, -2.668805347656628453E-15 ) ) ;
#897 = VECTOR ( 'NONE', #950, 1000.000000000000000 ) ;
#898 = AXIS2_PLACEMENT_3D ( 'NONE', #1832, #3481, #2954 ) ;
#899 = CARTESIAN_POINT ( 'NONE',  ( 0.000000000000000000, -1.499999999999994449, 35.60000000000001563 ) ) ;
#900 = PLANE ( 'NONE',  #3082 ) ;
#901 = ORIENTED_EDGE ( 'NONE', *, *, #460, .F. ) ;
#902 = DIRECTION ( 'NONE',  ( 1.000000000000000000, -0.000000000000000000, 0.000000000000000000 ) ) ;
#903 = AXIS2_PLACEMENT_3D ( 'NONE', #2981, #1633, #3509 ) ;
#904 = DIRECTION ( 'NONE',  ( 0.000000000000000000, 0.000000000000000000, 1.000000000000000000 ) ) ;
#905 = ORIENTED_EDGE ( 'NONE', *, *, #1689, .F. ) ;
#906 = AXIS2_PLACEMENT_3D ( 'NONE', #822, #1346, #3241 ) ;
#907 = EDGE_CURVE ( 'NONE', #12, #1342, #2596, .T. ) ;
#908 = DIRECTION ( 'NONE',  ( 1.000000000000000000, -0.000000000000000000, -0.000000000000000000 ) ) ;
#909 = ORIENTED_EDGE ( 'NONE', *, *, #3066, .T. ) ;
#910 = ORIENTED_EDGE ( 'NONE', *, *, #611, .F. ) ;
#911 = PLANE ( 'NONE',  #997 ) ;
#912 = DIRECTION ( 'NONE',  ( -1.000000000000000000, 0.000000000000000000, 0.000000000000000000 ) ) ;
#913 = CARTESIAN_POINT ( 'NONE',  ( -14.50000000000000178, -29.19999999999999929, -7.049999999999982059 ) ) ;
#914 = CARTESIAN_POINT ( 'NONE',  ( 3.933279713122605603, -9.137036667719057093, -19.30276866661007062 ) ) ;
#915 = ADVANCED_FACE ( 'NONE', ( #974 ), #441, .F. ) ;
#916 = ADVANCED_FACE ( 'NONE', ( #2851 ), #2106, .T. ) ;
#917 = ORIENTED_EDGE ( 'NONE', *, *, #623, .F. ) ;
#918 = DIRECTION ( 'NONE',  ( 1.000000000000000000, -0.000000000000000000, -0.000000000000000000 ) ) ;
#919 = CARTESIAN_POINT ( 'NONE',  ( 1.000000000000000888, 10.50000000000000533, -17.77725054630192503 ) ) ;
#920 = VERTEX_POINT ( 'NONE', #405 ) ;
#921 = CARTESIAN_POINT ( 'NONE',  ( 7.000000000000000000, -30.49999999999999289, -17.12763390695372223 ) ) ;
#922 = EDGE_CURVE ( 'NONE', #1210, #2583, #2634, .T. ) ;
#923 = ORIENTED_EDGE ( 'NONE', *, *, #443, .T. ) ;
#924 = VERTEX_POINT ( 'NONE', #1494 ) ;
#925 = DIRECTION ( 'NONE',  ( 0.000000000000000000, 0.000000000000000000, -1.000000000000000000 ) ) ;
#926 = CARTESIAN_POINT ( 'NONE',  ( 0.000000000000000000, -1.449999999999987743, -21.79999999999999005 ) ) ;
#927 = LINE ( 'NONE', #642, #1621 ) ;
#928 = LINE ( 'NONE', #1188, #1861 ) ;
#929 = CARTESIAN_POINT ( 'NONE',  ( 0.000000000000000000, -40.50000000000000000, 16.27236609304626924 ) ) ;
#930 = DIRECTION ( 'NONE',  ( 0.000000000000000000, 1.000000000000000000, 0.000000000000000000 ) ) ;
#931 = AXIS2_PLACEMENT_3D ( 'NONE', #3479, #2930, #2628 ) ;
#932 = CARTESIAN_POINT ( 'NONE',  ( -19.00000000000000355, -32.20000000000000284, 26.35000000000001208 ) ) ;
#933 = DIRECTION ( 'NONE',  ( 1.000000000000000000, -0.000000000000000000, -0.000000000000000000 ) ) ;
#934 = ORIENTED_EDGE ( 'NONE', *, *, #803, .T. ) ;
#935 = DIRECTION ( 'NONE',  ( 0.000000000000000000, 0.000000000000000000, -1.000000000000000000 ) ) ;
#936 = ORIENTED_EDGE ( 'NONE', *, *, #1594, .F. ) ;
#937 = EDGE_CURVE ( 'NONE', #2688, #2579, #744, .T. ) ;
#938 = EDGE_LOOP ( 'NONE', ( #2862, #1197, #3504, #134 ) ) ;
#939 = CARTESIAN_POINT ( 'NONE',  ( 7.000000000000000000, -30.50000000000000000, 31.92763390695375136 ) ) ;
#940 = CIRCLE ( 'NONE', #2306, 2.399999999999999467 ) ;
#941 = CARTESIAN_POINT ( 'NONE',  ( 7.000000000000000000, -32.20000000000000284, 9.650000000000019895 ) ) ;
#942 = FACE_OUTER_BOUND ( 'NONE', #3031, .T. ) ;
#943 = CARTESIAN_POINT ( 'NONE',  ( 0.000000000000000000, -18.63541565040624093, -20.49999999999998224 ) ) ;
#944 = ADVANCED_FACE ( 'NONE', ( #2580 ), #1835, .F. ) ;
#945 = AXIS2_PLACEMENT_3D ( 'NONE', #2296, #3139, #459 ) ;
#946 = AXIS2_PLACEMENT_3D ( 'NONE', #2200, #576, #3024 ) ;
#947 = ADVANCED_FACE ( 'NONE', ( #2919 ), #3307, .F. ) ;
#948 = CARTESIAN_POINT ( 'NONE',  ( -23.68401537145216196, -40.49999999999999289, 15.22763390695376984 ) ) ;
#949 = AXIS2_PLACEMENT_3D ( 'NONE', #1956, #1353, #3046 ) ;
#950 = DIRECTION ( 'NONE',  ( -1.000000000000000000, -0.000000000000000000, -0.000000000000000000 ) ) ;
#951 = LINE ( 'NONE', #3133, #2016 ) ;
#952 = SHAPE_DEFINITION_REPRESENTATION ( #391, #1899 ) ;
#953 = EDGE_LOOP ( 'NONE', ( #1338, #1974, #119, #493 ) ) ;
#954 = ADVANCED_FACE ( 'NONE', ( #960 ), #2048, .F. ) ;
#955 = CARTESIAN_POINT ( 'NONE',  ( 7.000000000000000888, 7.750000000000012434, -21.79999999999998650 ) ) ;
#956 = AXIS2_PLACEMENT_3D ( 'NONE', #1772, #2856, #2623 ) ;
#957 = VECTOR ( 'NONE', #1285, 1000.000000000000000 ) ;
#958 = ORIENTED_EDGE ( 'NONE', *, *, #359, .F. ) ;
#959 = ORIENTED_EDGE ( 'NONE', *, *, #3344, .T. ) ;
#960 = FACE_OUTER_BOUND ( 'NONE', #1764, .T. ) ;
#961 = AXIS2_PLACEMENT_3D ( 'NONE', #2904, #3445, #729 ) ;
#962 = CARTESIAN_POINT ( 'NONE',  ( 6.000000000000000000, 1.312472222085064200, 40.90000000000001279 ) ) ;
#963 = DIRECTION ( 'NONE',  ( 0.000000000000000000, 0.000000000000000000, -1.000000000000000000 ) ) ;
#964 = LINE ( 'NONE', #195, #140 ) ;
#965 = CARTESIAN_POINT ( 'NONE',  ( -17.50000000000000000, -25.70832781755655105, 9.650000000000012790 ) ) ;
#966 = FACE_OUTER_BOUND ( 'NONE', #2473, .T. ) ;
#967 = DIRECTION ( 'NONE',  ( -1.000000000000000000, 0.000000000000000000, 0.000000000000000000 ) ) ;
#968 = CARTESIAN_POINT ( 'NONE',  ( 7.000000000000000000, 11.34304260083278315, -21.12431066414058733 ) ) ;
#969 = DIRECTION ( 'NONE',  ( 0.000000000000000000, 0.000000000000000000, -1.000000000000000000 ) ) ;
#970 = VERTEX_POINT ( 'NONE', #310 ) ;
#971 = CARTESIAN_POINT ( 'NONE',  ( 0.000000000000000000, 30.50000000000000000, 42.20000000000001705 ) ) ;
#972 = ORIENTED_EDGE ( 'NONE', *, *, #3352, .T. ) ;
#973 = ORIENTED_EDGE ( 'NONE', *, *, #546, .F. ) ;
#974 = FACE_OUTER_BOUND ( 'NONE', #3410, .T. ) ;
#975 = CYLINDRICAL_SURFACE ( 'NONE', #2502, 1.100000000000000311 ) ;
#976 = EDGE_LOOP ( 'NONE', ( #387, #2761, #2711, #423 ) ) ;
#977 = VERTEX_POINT ( 'NONE', #1323 ) ;
#978 = ADVANCED_FACE ( 'NONE', ( #1670 ), #1955, .T. ) ;
#979 = FACE_OUTER_BOUND ( 'NONE', #1979, .T. ) ;
#980 = CARTESIAN_POINT ( 'NONE',  ( 0.000000000000000000, 23.38541565040626224, -20.49999999999998579 ) ) ;
#981 = LINE ( 'NONE', #2338, #2103 ) ;
#982 = CARTESIAN_POINT ( 'NONE',  ( 6.000000000000000000, 0.000000000000000000, 31.38237902200329543 ) ) ;
#983 = DIRECTION ( 'NONE',  ( 0.000000000000000000, 0.000000000000000000, -1.000000000000000000 ) ) ;
#984 = ADVANCED_FACE ( 'NONE', ( #3301 ), #597, .T. ) ;
#985 = CARTESIAN_POINT ( 'NONE',  ( -19.00000000000000355, -14.99999999999999289, -21.79999999999998650 ) ) ;
#986 = ORIENTED_EDGE ( 'NONE', *, *, #1260, .T. ) ;
#987 = AXIS2_PLACEMENT_3D ( 'NONE', #2456, #3245, #792 ) ;
#988 = EDGE_CURVE ( 'NONE', #1865, #1341, #2500, .T. ) ;
#989 = DIRECTION ( 'NONE',  ( 1.000000000000000000, 0.000000000000000000, 0.000000000000000000 ) ) ;
#990 = EDGE_CURVE ( 'NONE', #1796, #1831, #2490, .T. ) ;
#991 = AXIS2_PLACEMENT_3D ( 'NONE', #2299, #1680, #2014 ) ;
#992 = ORIENTED_EDGE ( 'NONE', *, *, #2644, .T. ) ;
#993 = CIRCLE ( 'NONE', #2359, 2.399999999999999467 ) ;
#994 = VERTEX_POINT ( 'NONE', #1050 ) ;
#995 = ADVANCED_FACE ( 'NONE', ( #2958 ), #2138, .F. ) ;
#996 = DIRECTION ( 'NONE',  ( 0.000000000000000000, 0.000000000000000000, 1.000000000000000000 ) ) ;
#997 = AXIS2_PLACEMENT_3D ( 'NONE', #2243, #1427, #2785 ) ;
#998 = ORIENTED_EDGE ( 'NONE', *, *, #3079, .T. ) ;
#999 = ORIENTED_EDGE ( 'NONE', *, *, #1516, .F. ) ;
#1000 = CYLINDRICAL_SURFACE ( 'NONE', #259, 10.00000000000000178 ) ;
#1001 = DIRECTION ( 'NONE',  ( -0.000000000000000000, 1.387778780781445676E-15, -1.000000000000000000 ) ) ;
#1002 = VECTOR ( 'NONE', #874, 1000.000000000000000 ) ;
#1003 = CARTESIAN_POINT ( 'NONE',  ( -19.00000000000000355, -25.70832781755655105, 9.650000000000019895 ) ) ;
#1004 = DIRECTION ( 'NONE',  ( 1.000000000000000000, 0.000000000000000000, -0.000000000000000000 ) ) ;
#1005 = DIRECTION ( 'NONE',  ( -1.000000000000000000, 0.000000000000000000, -0.000000000000000000 ) ) ;
#1006 = AXIS2_PLACEMENT_3D ( 'NONE', #3343, #893, #3071 ) ;
#1007 = VECTOR ( 'NONE', #1312, 1000.000000000000000 ) ;
#1008 = FACE_BOUND ( 'NONE', #2906, .T. ) ;
#1009 = ORIENTED_EDGE ( 'NONE', *, *, #1396, .T. ) ;
#1010 = VECTOR ( 'NONE', #2877, 1000.000000000000000 ) ;
#1011 = CIRCLE ( 'NONE', #329, 2.499999999999995115 ) ;
#1012 = DIRECTION ( 'NONE',  ( 0.000000000000000000, -1.000000000000000000, 5.940833821838381710E-17 ) ) ;
#1013 = VERTEX_POINT ( 'NONE', #1971 ) ;
#1014 = EDGE_CURVE ( 'NONE', #2105, #2188, #1705, .T. ) ;
#1015 = ORIENTED_EDGE ( 'NONE', *, *, #468, .T. ) ;
#1016 = DIRECTION ( 'NONE',  ( 1.000000000000000000, -0.000000000000000000, -0.000000000000000000 ) ) ;
#1017 = AXIS2_PLACEMENT_3D ( 'NONE', #560, #3039, #275 ) ;
#1018 = AXIS2_PLACEMENT_3D ( 'NONE', #3234, #1685, #211 ) ;
#1019 = DIRECTION ( 'NONE',  ( 0.000000000000000000, 1.000000000000000000, -2.668805347656614254E-15 ) ) ;
#1020 = VERTEX_POINT ( 'NONE', #3319 ) ;
#1021 = ORIENTED_EDGE ( 'NONE', *, *, #3378, .T. ) ;
#1022 = FACE_OUTER_BOUND ( 'NONE', #1479, .T. ) ;
#1023 = AXIS2_PLACEMENT_3D ( 'NONE', #2180, #1915, #3275 ) ;
#1024 = DIRECTION ( 'NONE',  ( 0.000000000000000000, 1.000000000000000000, -2.312964634635743450E-15 ) ) ;
#1025 = DIRECTION ( 'NONE',  ( 1.000000000000000000, 0.000000000000000000, -1.334402673828313093E-16 ) ) ;
#1026 = CARTESIAN_POINT ( 'NONE',  ( 7.000000000000000000, 30.50000000000000000, 42.20000000000001705 ) ) ;
#1027 = CARTESIAN_POINT ( 'NONE',  ( 0.000000000000000000, 0.000000000000000000, -21.79999999999998650 ) ) ;
#1028 = ADVANCED_FACE ( 'NONE', ( #2406 ), #60, .F. ) ;
#1029 = CARTESIAN_POINT ( 'NONE',  ( 7.000000000000000000, -30.49999999999999645, 16.27236609304626924 ) ) ;
#1030 = EDGE_LOOP ( 'NONE', ( #2265, #2514, #1384, #1824, #1687, #2764, #2960 ) ) ;
#1031 = ADVANCED_FACE ( 'NONE', ( #1119 ), #3336, .F. ) ;
#1032 = DIRECTION ( 'NONE',  ( 0.000000000000000000, 0.000000000000000000, -1.000000000000000000 ) ) ;
#1033 = ORIENTED_EDGE ( 'NONE', *, *, #1767, .T. ) ;
#1034 = ORIENTED_EDGE ( 'NONE', *, *, #1410, .T. ) ;
#1035 = CARTESIAN_POINT ( 'NONE',  ( 0.000000000000000000, -17.99999999999998224, -21.79999999999998650 ) ) ;
#1036 = CARTESIAN_POINT ( 'NONE',  ( -19.00000000000000355, 12.25000000000001066, -21.79999999999998650 ) ) ;
#1037 = EDGE_LOOP ( 'NONE', ( #998, #30 ) ) ;
#1038 = VERTEX_POINT ( 'NONE', #3484 ) ;
#1039 = LINE ( 'NONE', #2375, #770 ) ;
#1040 = CARTESIAN_POINT ( 'NONE',  ( 7.000000000000000000, 11.72266117239508887, 27.49862543497017953 ) ) ;
#1041 = EDGE_CURVE ( 'NONE', #2610, #2798, #865, .T. ) ;
#1042 = CARTESIAN_POINT ( 'NONE',  ( 0.000000000000000000, -29.19999999999999218, -11.54999999999998472 ) ) ;
#1043 = LINE ( 'NONE', #2095, #1983 ) ;
#1044 = DIRECTION ( 'NONE',  ( 1.000000000000000000, 0.000000000000000000, -0.000000000000000000 ) ) ;
#1045 = LINE ( 'NONE', #1029, #1051 ) ;
#1046 = ORIENTED_EDGE ( 'NONE', *, *, #1585, .F. ) ;
#1047 = LINE ( 'NONE', #1867, #722 ) ;
#1048 = ORIENTED_EDGE ( 'NONE', *, *, #2707, .F. ) ;
#1049 = ORIENTED_EDGE ( 'NONE', *, *, #2318, .F. ) ;
#1050 = CARTESIAN_POINT ( 'NONE',  ( 6.000000000000000000, 4.592761747465426758, -19.92821973128891244 ) ) ;
#1051 = VECTOR ( 'NONE', #1830, 1000.000000000000000 ) ;
#1052 = EDGE_CURVE ( 'NONE', #1458, #261, #882, .T. ) ;
#1053 = DIRECTION ( 'NONE',  ( 1.000000000000000000, 0.000000000000000000, 0.000000000000000000 ) ) ;
#1054 = VERTEX_POINT ( 'NONE', #1035 ) ;
#1055 = VERTEX_POINT ( 'NONE', #2123 ) ;
#1056 = CARTESIAN_POINT ( 'NONE',  ( 0.000000000000000000, 15.88541565040627113, -20.49999999999998579 ) ) ;
#1057 = LINE ( 'NONE', #3257, #1349 ) ;
#1058 = CYLINDRICAL_SURFACE ( 'NONE', #906, 1.500000000000001332 ) ;
#1059 = CARTESIAN_POINT ( 'NONE',  ( 6.000000000000000000, 0.000000000000000000, 26.49862543497017953 ) ) ;
#1060 = ADVANCED_FACE ( 'NONE', ( #3215 ), #760, .T. ) ;
#1061 = CARTESIAN_POINT ( 'NONE',  ( 7.000000000000000000, -30.50000000000000000, 42.20000000000001705 ) ) ;
#1062 = AXIS2_PLACEMENT_3D ( 'NONE', #2145, #820, #1678 ) ;
#1063 = CARTESIAN_POINT ( 'NONE',  ( 4.338540957163955269, -15.49690824274090772, -19.50810323061772422 ) ) ;
#1064 = ORIENTED_EDGE ( 'NONE', *, *, #217, .F. ) ;
#1065 = DIRECTION ( 'NONE',  ( 1.000000000000000000, -0.000000000000000000, -0.000000000000000000 ) ) ;
#1066 = EDGE_CURVE ( 'NONE', #977, #832, #779, .T. ) ;
#1067 = ORIENTED_EDGE ( 'NONE', *, *, #151, .T. ) ;
#1068 = VECTOR ( 'NONE', #930, 1000.000000000000000 ) ;
#1069 = LINE ( 'NONE', #2158, #1630 ) ;
#1070 = CIRCLE ( 'NONE', #2492, 2.399999999999999467 ) ;
#1071 = ADVANCED_FACE ( 'NONE', ( #1588 ), #1870, .F. ) ;
#1072 = DIRECTION ( 'NONE',  ( 0.000000000000000000, 0.000000000000000000, 1.000000000000000000 ) ) ;
#1073 = ORIENTED_EDGE ( 'NONE', *, *, #390, .T. ) ;
#1074 = ORIENTED_EDGE ( 'NONE', *, *, #2107, .F. ) ;
#1075 = DIRECTION ( 'NONE',  ( 1.000000000000000000, -0.000000000000000000, -0.000000000000000000 ) ) ;
#1076 = VECTOR ( 'NONE', #484, 1000.000000000000000 ) ;
#1077 = CARTESIAN_POINT ( 'NONE',  ( 7.000000000000000000, -30.49999999999999289, -21.79999999999998650 ) ) ;
#1078 = CARTESIAN_POINT ( 'NONE',  ( 0.000000000000000000, -29.20000000000000284, 40.90000000000001279 ) ) ;
#1079 = CIRCLE ( 'NONE', #2787, 2.999999999999999112 ) ;
#1080 = CARTESIAN_POINT ( 'NONE',  ( 6.000000000000000000, 10.50000000000000533, -21.27725054630192503 ) ) ;
#1081 = DIRECTION ( 'NONE',  ( 1.000000000000000000, -0.000000000000000000, -0.000000000000000000 ) ) ;
#1082 = STYLED_ITEM ( 'NONE', ( #2000 ), #3209 ) ;
#1083 = ADVANCED_FACE ( 'NONE', ( #23 ), #2205, .T. ) ;
#1084 = CARTESIAN_POINT ( 'NONE',  ( -0.001000000000000132727, -1.499999999999994449, 33.20000000000001705 ) ) ;
#1085 = ORIENTED_EDGE ( 'NONE', *, *, #3302, .T. ) ;
#1086 = CIRCLE ( 'NONE', #45, 1.099999999999996758 ) ;
#1087 = CARTESIAN_POINT ( 'NONE',  ( -19.00000000000000355, -10.49999999999999112, -21.79999999999998650 ) ) ;
#1088 = ORIENTED_EDGE ( 'NONE', *, *, #1152, .T. ) ;
#1089 = ORIENTED_EDGE ( 'NONE', *, *, #2182, .T. ) ;
#1090 = DIRECTION ( 'NONE',  ( -0.000000000000000000, -0.000000000000000000, 1.000000000000000000 ) ) ;
#1091 = ORIENTED_EDGE ( 'NONE', *, *, #1105, .T. ) ;
#1092 = EDGE_LOOP ( 'NONE', ( #3446, #905, #910, #3018 ) ) ;
#1093 = CARTESIAN_POINT ( 'NONE',  ( 0.000000000000000000, 6.250000000000012434, -21.79999999999998650 ) ) ;
#1094 = LINE ( 'NONE', #1077, #661 ) ;
#1095 = EDGE_CURVE ( 'NONE', #1154, #1242, #1222, .T. ) ;
#1096 = PLANE ( 'NONE',  #108 ) ;
#1097 = CARTESIAN_POINT ( 'NONE',  ( -5.954748607317418951, 19.11458434959374841, -20.49999999999998579 ) ) ;
#1098 = CYLINDRICAL_SURFACE ( 'NONE', #2878, 1.100000000000000311 ) ;
#1099 = EDGE_CURVE ( 'NONE', #225, #2727, #127, .T. ) ;
#1100 = CARTESIAN_POINT ( 'NONE',  ( 5.984651824376443940, 4.914906065073695984, -19.67687866251235107 ) ) ;
#1101 = ORIENTED_EDGE ( 'NONE', *, *, #1216, .T. ) ;
#1102 = LINE ( 'NONE', #1616, #3182 ) ;
#1103 = VERTEX_POINT ( 'NONE', #1207 ) ;
#1104 = EDGE_LOOP ( 'NONE', ( #2694, #3008, #1727, #1354 ) ) ;
#1105 = EDGE_CURVE ( 'NONE', #1055, #2811, #3096, .T. ) ;
#1106 = EDGE_CURVE ( 'NONE', #1837, #793, #647, .T. ) ;
#1107 = CARTESIAN_POINT ( 'NONE',  ( 0.000000000000000000, 0.000000000000000000, 31.38237902200329543 ) ) ;
#1108 = EDGE_LOOP ( 'NONE', ( #28, #580, #2346, #2549 ) ) ;
#1109 = ORIENTED_EDGE ( 'NONE', *, *, #3271, .F. ) ;
#1110 = LINE ( 'NONE', #2196, #2870 ) ;
#1111 = CARTESIAN_POINT ( 'NONE',  ( 7.000000000000000000, -9.928067277245252953, -19.47864454921125699 ) ) ;
#1112 = CIRCLE ( 'NONE', #2191, 2.999999999999999112 ) ;
#1113 = CARTESIAN_POINT ( 'NONE',  ( 0.000000000000000000, -30.50000000000000000, 42.20000000000001705 ) ) ;
#1114 = ADVANCED_FACE ( 'NONE', ( #667 ), #411, .F. ) ;
#1115 = PLANE ( 'NONE',  #1017 ) ;
#1116 = CARTESIAN_POINT ( 'NONE',  ( 0.000000000000000000, 10.50000000000000533, -18.87725054630192645 ) ) ;
#1117 = CARTESIAN_POINT ( 'NONE',  ( 3.792333910759651427, -15.25555760843309017, -19.63099038035157307 ) ) ;
#1118 = EDGE_LOOP ( 'NONE', ( #435, #909, #1124, #782 ) ) ;
#1119 = FACE_OUTER_BOUND ( 'NONE', #1926, .T. ) ;
#1120 = VECTOR ( 'NONE', #2127, 1000.000000000000000 ) ;
#1121 = PLANE ( 'NONE',  #3405 ) ;
#1122 = AXIS2_PLACEMENT_3D ( 'NONE', #14, #32, #2197 ) ;
#1123 = ORIENTED_EDGE ( 'NONE', *, *, #3179, .T. ) ;
#1124 = ORIENTED_EDGE ( 'NONE', *, *, #1169, .F. ) ;
#1125 = CIRCLE ( 'NONE', #2940, 1.099999999999996758 ) ;
#1126 = CIRCLE ( 'NONE', #1922, 3.000000000000002665 ) ;
#1127 = ADVANCED_FACE ( 'NONE', ( #684 ), #1355, .F. ) ;
#1128 = ORIENTED_EDGE ( 'NONE', *, *, #2455, .T. ) ;
#1129 = ORIENTED_EDGE ( 'NONE', *, *, #1548, .T. ) ;
#1130 = CARTESIAN_POINT ( 'NONE',  ( 2.999999999999999112, -1.499999999999994449, 35.60000000000001563 ) ) ;
#1131 = DIRECTION ( 'NONE',  ( -0.7745966692414831822, -0.4472135954999582053, 0.4472135954999582053 ) ) ;
#1132 = DIRECTION ( 'NONE',  ( 0.000000000000000000, -1.695169520498508698E-16, 1.000000000000000000 ) ) ;
#1133 = DIRECTION ( 'NONE',  ( 0.000000000000000000, -1.000000000000000000, 0.000000000000000000 ) ) ;
#1134 = CARTESIAN_POINT ( 'NONE',  ( -14.50000000000000178, -26.20000000000000284, 21.85000000000001918 ) ) ;
#1135 = CARTESIAN_POINT ( 'NONE',  ( 3.792394204747794983, 7.492738189466032317, -19.63001806823688966 ) ) ;
#1136 = AXIS2_PLACEMENT_3D ( 'NONE', #581, #2675, #2471 ) ;
#1137 = EDGE_LOOP ( 'NONE', ( #3232, #1692, #2119, #2531 ) ) ;
#1138 = CARTESIAN_POINT ( 'NONE',  ( 0.000000000000000000, 14.12971002403926413, 31.38237902200329543 ) ) ;
#1139 = VECTOR ( 'NONE', #407, 1000.000000000000000 ) ;
#1140 = EDGE_CURVE ( 'NONE', #1920, #66, #146, .T. ) ;
#1141 = DIRECTION ( 'NONE',  ( 1.000000000000000000, -0.000000000000000000, -0.000000000000000000 ) ) ;
#1142 = EDGE_CURVE ( 'NONE', #2875, #2793, #2255, .T. ) ;
#1143 = ORIENTED_EDGE ( 'NONE', *, *, #3058, .T. ) ;
#1144 = ORIENTED_EDGE ( 'NONE', *, *, #72, .T. ) ;
#1145 = ORIENTED_EDGE ( 'NONE', *, *, #2890, .F. ) ;
#1146 = VERTEX_POINT ( 'NONE', #1171 ) ;
#1147 = LINE ( 'NONE', #2011, #2537 ) ;
#1148 = CARTESIAN_POINT ( 'NONE',  ( 0.000000000000000000, 19.75000000000000355, -21.79999999999998650 ) ) ;
#1149 = LINE ( 'NONE', #592, #1529 ) ;
#1150 = DIRECTION ( 'NONE',  ( 0.000000000000000000, 0.000000000000000000, -1.000000000000000000 ) ) ;
#1151 = CARTESIAN_POINT ( 'NONE',  ( 0.000000000000000000, -32.20000000000000284, -1.684197549492045591E-16 ) ) ;
#1152 = EDGE_CURVE ( 'NONE', #1288, #2047, #2038, .T. ) ;
#1153 = CARTESIAN_POINT ( 'NONE',  ( 1.691781868877622941, 13.15295930663264024, 27.47537615237680342 ) ) ;
#1154 = VERTEX_POINT ( 'NONE', #2572 ) ;
#1155 = EDGE_CURVE ( 'NONE', #2779, #3219, #2018, .T. ) ;
#1156 = DIRECTION ( 'NONE',  ( 0.5000000000000004441, 0.8660254037844384856, 0.000000000000000000 ) ) ;
#1157 = CARTESIAN_POINT ( 'NONE',  ( 6.999999999999999112, -40.50000000000000000, 31.92763390695375136 ) ) ;
#1158 = EDGE_LOOP ( 'NONE', ( #1625, #191 ) ) ;
#1159 = CARTESIAN_POINT ( 'NONE',  ( 5.537397643670854741, 14.83807982377499002, -19.54392365678871712 ) ) ;
#1160 = ORIENTED_EDGE ( 'NONE', *, *, #3119, .T. ) ;
#1161 = EDGE_LOOP ( 'NONE', ( #3178, #2007, #570, #440 ) ) ;
#1162 = CARTESIAN_POINT ( 'NONE',  ( -19.00000000000000355, -32.20000000000000284, 9.650000000000019895 ) ) ;
#1163 = SURFACE_STYLE_USAGE ( .BOTH. , #895 ) ;
#1164 = CYLINDRICAL_SURFACE ( 'NONE', #823, 2.999999999999999112 ) ;
#1165 = DIRECTION ( 'NONE',  ( -0.000000000000000000, 1.000000000000000000, -0.000000000000000000 ) ) ;
#1166 = VECTOR ( 'NONE', #3076, 1000.000000000000000 ) ;
#1167 = CARTESIAN_POINT ( 'NONE',  ( 4.782817754759230766, -8.718385247263388038, -19.30227818668502593 ) ) ;
#1168 = CIRCLE ( 'NONE', #3167, 10.00000000000000178 ) ;
#1169 = EDGE_CURVE ( 'NONE', #2748, #446, #2149, .T. ) ;
#1170 = ORIENTED_EDGE ( 'NONE', *, *, #2808, .T. ) ;
#1171 = CARTESIAN_POINT ( 'NONE',  ( 0.000000000000000000, -30.49999999999999289, -17.12763390695372223 ) ) ;
#1172 = CIRCLE ( 'NONE', #1345, 2.499999999999998668 ) ;
#1173 = DIRECTION ( 'NONE',  ( 0.000000000000000000, 0.000000000000000000, -1.000000000000000000 ) ) ;
#1174 = CIRCLE ( 'NONE', #88, 5.999999999999998224 ) ;
#1175 = ORIENTED_EDGE ( 'NONE', *, *, #3140, .T. ) ;
#1176 = EDGE_CURVE ( 'NONE', #777, #2541, #2883, .T. ) ;
#1177 = VECTOR ( 'NONE', #2164, 1000.000000000000000 ) ;
#1178 = CARTESIAN_POINT ( 'NONE',  ( 5.917190429162962673, -1.499999999999993783, 40.90000000000001279 ) ) ;
#1179 = ORIENTED_EDGE ( 'NONE', *, *, #1615, .F. ) ;
#1180 = ORIENTED_EDGE ( 'NONE', *, *, #2182, .F. ) ;
#1181 = LINE ( 'NONE', #2283, #3295 ) ;
#1182 = CIRCLE ( 'NONE', #2374, 2.499999999999995115 ) ;
#1183 = EDGE_CURVE ( 'NONE', #3034, #1586, #608, .T. ) ;
#1184 = EDGE_CURVE ( 'NONE', #2727, #1146, #1990, .T. ) ;
#1185 = DIRECTION ( 'NONE',  ( 1.000000000000000000, 0.000000000000000000, 0.000000000000000000 ) ) ;
#1186 = DIRECTION ( 'NONE',  ( -1.000000000000000000, -0.000000000000000000, 1.334402673828312846E-16 ) ) ;
#1187 = AXIS2_PLACEMENT_3D ( 'NONE', #350, #3136, #2528 ) ;
#1188 = CARTESIAN_POINT ( 'NONE',  ( -8.485281374238574870, -1.499999999999994005, 38.60000000000001563 ) ) ;
#1189 = VECTOR ( 'NONE', #2591, 1000.000000000000000 ) ;
#1190 = DIRECTION ( 'NONE',  ( 1.000000000000000000, 0.000000000000000000, 0.000000000000000000 ) ) ;
#1191 = ORIENTED_EDGE ( 'NONE', *, *, #788, .F. ) ;
#1192 = DIRECTION ( 'NONE',  ( 0.000000000000000000, 0.000000000000000000, 1.000000000000000000 ) ) ;
#1193 = AXIS2_PLACEMENT_3D ( 'NONE', #2467, #3314, #1651 ) ;
#1194 = ADVANCED_FACE ( 'NONE', ( #397 ), #633, .F. ) ;
#1195 = CARTESIAN_POINT ( 'NONE',  ( 3.500000000000000444, 11.34304260083278315, -21.12431066414058733 ) ) ;
#1196 = PRODUCT_CONTEXT ( 'NONE', #682, 'mechanical' ) ;
#1197 = ORIENTED_EDGE ( 'NONE', *, *, #172, .T. ) ;
#1198 = VECTOR ( 'NONE', #2452, 1000.000000000000000 ) ;
#1199 = CARTESIAN_POINT ( 'NONE',  ( 5.934181881704299499, -0.5621968105486881973, 40.90000000000001990 ) ) ;
#1200 = ORIENTED_EDGE ( 'NONE', *, *, #1583, .F. ) ;
#1201 = ORIENTED_EDGE ( 'NONE', *, *, #1152, .F. ) ;
#1202 = DIRECTION ( 'NONE',  ( 0.000000000000000000, 5.551115123125782702E-15, -1.000000000000000000 ) ) ;
#1203 = DIRECTION ( 'NONE',  ( -1.000000000000000000, -0.000000000000000000, -0.000000000000000000 ) ) ;
#1204 = CARTESIAN_POINT ( 'NONE',  ( -19.00000000000000355, -29.19999999999999929, 21.85000000000001208 ) ) ;
#1205 = DIRECTION ( 'NONE',  ( 0.000000000000000000, 0.000000000000000000, 1.000000000000000000 ) ) ;
#1206 = DIRECTION ( 'NONE',  ( 0.000000000000000000, 0.000000000000000000, -1.000000000000000000 ) ) ;
#1207 = CARTESIAN_POINT ( 'NONE',  ( 1.732050807568878747, 11.72266117239508887, 27.49862543497017953 ) ) ;
#1208 = DIRECTION ( 'NONE',  ( -1.000000000000000000, -0.000000000000000000, -0.000000000000000000 ) ) ;
#1209 = LINE ( 'NONE', #1224, #1189 ) ;
#1210 = VERTEX_POINT ( 'NONE', #1487 ) ;
#1211 = DIRECTION ( 'NONE',  ( 1.000000000000000000, -0.000000000000000000, -0.000000000000000000 ) ) ;
#1212 = ORIENTED_EDGE ( 'NONE', *, *, #2989, .F. ) ;
#1213 = EDGE_CURVE ( 'NONE', #3196, #757, #2312, .T. ) ;
#1214 = ORIENTED_EDGE ( 'NONE', *, *, #3066, .F. ) ;
#1215 = CARTESIAN_POINT ( 'NONE',  ( 0.000000000000000000, 10.50000000000000533, -17.77725054630192503 ) ) ;
#1216 = EDGE_CURVE ( 'NONE', #2551, #2393, #2275, .T. ) ;
#1217 = CARTESIAN_POINT ( 'NONE',  ( 0.000000000000000000, -1.499999999999994005, 38.60000000000001563 ) ) ;
#1218 = DIRECTION ( 'NONE',  ( 0.000000000000000000, -1.000000000000000000, 0.000000000000000000 ) ) ;
#1219 = DIRECTION ( 'NONE',  ( 1.000000000000000000, 0.000000000000000000, 0.000000000000000000 ) ) ;
#1220 = ADVANCED_FACE ( 'NONE', ( #431 ), #3477, .F. ) ;
#1221 = CARTESIAN_POINT ( 'NONE',  ( 2.999999999999999112, -1.499999999999994449, 32.60000000000000853 ) ) ;
#1222 = LINE ( 'NONE', #2589, #1068 ) ;
#1223 = LINE ( 'NONE', #1195, #252 ) ;
#1224 = CARTESIAN_POINT ( 'NONE',  ( 3.500000000000000444, -9.283125506481916034, -19.31608374787324678 ) ) ;
#1225 = ORIENTED_EDGE ( 'NONE', *, *, #2707, .T. ) ;
#1226 = FACE_OUTER_BOUND ( 'NONE', #656, .T. ) ;
#1227 = ORIENTED_EDGE ( 'NONE', *, *, #528, .T. ) ;
#1228 = ORIENTED_EDGE ( 'NONE', *, *, #1683, .F. ) ;
#1229 = DIRECTION ( 'NONE',  ( -1.000000000000000000, 0.000000000000000000, 0.000000000000000000 ) ) ;
#1230 = VECTOR ( 'NONE', #1344, 1000.000000000000000 ) ;
#1231 = DIRECTION ( 'NONE',  ( 1.000000000000000000, -0.000000000000000000, -0.000000000000000000 ) ) ;
#1232 = CARTESIAN_POINT ( 'NONE',  ( 2.999999999999999112, -9.283125506481916034, -19.31608374787324678 ) ) ;
#1233 = DIRECTION ( 'NONE',  ( 1.000000000000000000, -0.000000000000000000, -0.000000000000000000 ) ) ;
#1234 = CARTESIAN_POINT ( 'NONE',  ( 0.000000000000000000, -12.24999927169117697, -18.87149398043249704 ) ) ;
#1235 = AXIS2_PLACEMENT_3D ( 'NONE', #1469, #2321, #3369 ) ;
#1236 = AXIS2_PLACEMENT_3D ( 'NONE', #1941, #332, #263 ) ;
#1237 = CARTESIAN_POINT ( 'NONE',  ( -19.00000000000000355, 13.75000000000001243, -21.79999999999998650 ) ) ;
#1238 = CARTESIAN_POINT ( 'NONE',  ( 6.999999999999999112, -40.49999999999999289, -1.472366093046238333 ) ) ;
#1239 = VECTOR ( 'NONE', #2713, 1000.000000000000000 ) ;
#1240 = CARTESIAN_POINT ( 'NONE',  ( 6.999999999999999112, -12.24999927169117697, -18.87149398043249704 ) ) ;
#1241 =( LENGTH_UNIT ( ) NAMED_UNIT ( * ) SI_UNIT ( .MILLI., .METRE. ) );
#1242 = VERTEX_POINT ( 'NONE', #2074 ) ;
#1243 = EDGE_CURVE ( 'NONE', #584, #2793, #2988, .T. ) ;
#1244 = DIRECTION ( 'NONE',  ( 0.000000000000000000, -1.000000000000000000, -2.668805347656628453E-15 ) ) ;
#1245 = AXIS2_PLACEMENT_3D ( 'NONE', #1752, #3330, #606 ) ;
#1246 = EDGE_LOOP ( 'NONE', ( #637, #1009, #287, #370, #3386, #509 ) ) ;
#1247 = ORIENTED_EDGE ( 'NONE', *, *, #3526, .F. ) ;
#1248 = DIRECTION ( 'NONE',  ( 1.000000000000000000, 0.000000000000000000, 0.000000000000000000 ) ) ;
#1249 = DIRECTION ( 'NONE',  ( 1.000000000000000000, -0.000000000000000000, -0.000000000000000000 ) ) ;
#1250 = ORIENTED_EDGE ( 'NONE', *, *, #1703, .T. ) ;
#1251 = ORIENTED_EDGE ( 'NONE', *, *, #889, .F. ) ;
#1252 = EDGE_CURVE ( 'NONE', #2345, #338, #1450, .T. ) ;
#1253 = CARTESIAN_POINT ( 'NONE',  ( 6.000000000000000000, -14.01294230657133433, -20.49999999999998224 ) ) ;
#1254 = LINE ( 'NONE', #735, #2829 ) ;
#1255 = CIRCLE ( 'NONE', #3193, 10.00000000000000178 ) ;
#1256 = FACE_OUTER_BOUND ( 'NONE', #497, .T. ) ;
#1257 = LINE ( 'NONE', #982, #1648 ) ;
#1258 = EDGE_CURVE ( 'NONE', #265, #2715, #2896, .T. ) ;
#1259 = DIRECTION ( 'NONE',  ( 0.000000000000000000, 1.000000000000000000, 0.000000000000000000 ) ) ;
#1260 = EDGE_CURVE ( 'NONE', #3237, #920, #452, .T. ) ;
#1261 = FACE_OUTER_BOUND ( 'NONE', #1361, .T. ) ;
#1262 = EDGE_CURVE ( 'NONE', #2811, #588, #3435, .T. ) ;
#1263 = ORIENTED_EDGE ( 'NONE', *, *, #685, .T. ) ;
#1264 = LINE ( 'NONE', #2344, #437 ) ;
#1265 = ORIENTED_EDGE ( 'NONE', *, *, #1986, .F. ) ;
#1266 = ORIENTED_EDGE ( 'NONE', *, *, #1276, .T. ) ;
#1267 = PLANE ( 'NONE',  #945 ) ;
#1268 = DIRECTION ( 'NONE',  ( 0.000000000000000000, 0.000000000000000000, -1.000000000000000000 ) ) ;
#1269 = ORIENTED_EDGE ( 'NONE', *, *, #3531, .F. ) ;
#1270 = ORIENTED_EDGE ( 'NONE', *, *, #922, .F. ) ;
#1271 = DIRECTION ( 'NONE',  ( 0.000000000000000000, -1.084202172485504434E-16, 1.000000000000000000 ) ) ;
#1272 = CARTESIAN_POINT ( 'NONE',  ( -14.50000000000000178, -26.20000000000000284, 5.150000000000008349 ) ) ;
#1273 = DIRECTION ( 'NONE',  ( 0.000000000000000000, 0.000000000000000000, -1.000000000000000000 ) ) ;
#1274 = DIRECTION ( 'NONE',  ( 0.000000000000000000, 0.000000000000000000, 1.000000000000000000 ) ) ;
#1275 = CARTESIAN_POINT ( 'NONE',  ( 3.500000000000000444, 13.46774533856334344, -19.31598464052709119 ) ) ;
#1276 = EDGE_CURVE ( 'NONE', #3263, #1980, #506, .T. ) ;
#1277 = DIRECTION ( 'NONE',  ( 1.000000000000000000, 0.000000000000000000, -0.000000000000000000 ) ) ;
#1278 = ORIENTED_EDGE ( 'NONE', *, *, #1652, .T. ) ;
#1279 = CIRCLE ( 'NONE', #1732, 1.500000000000004885 ) ;
#1280 = CARTESIAN_POINT ( 'NONE',  ( 0.000000000000000000, -32.20000000000000284, 5.150000000000007461 ) ) ;
#1281 = AXIS2_PLACEMENT_3D ( 'NONE', #110, #3092, #56 ) ;
#1282 = ORIENTED_EDGE ( 'NONE', *, *, #1095, .F. ) ;
#1283 = AXIS2_PLACEMENT_3D ( 'NONE', #753, #1811, #717 ) ;
#1284 = VERTEX_POINT ( 'NONE', #2357 ) ;
#1285 = DIRECTION ( 'NONE',  ( 0.000000000000000000, -1.000000000000000000, 5.940833821838381710E-17 ) ) ;
#1286 = CARTESIAN_POINT ( 'NONE',  ( 7.000000000000000000, 11.72266117239508887, 0.000000000000000000 ) ) ;
#1287 = ORIENTED_EDGE ( 'NONE', *, *, #937, .F. ) ;
#1288 = VERTEX_POINT ( 'NONE', #2948 ) ;
#1289 = DIRECTION ( 'NONE',  ( 0.000000000000000000, 0.000000000000000000, 1.000000000000000000 ) ) ;
#1290 = DIRECTION ( 'NONE',  ( 0.000000000000000000, 1.000000000000000000, 0.000000000000000000 ) ) ;
#1291 = EDGE_CURVE ( 'NONE', #3050, #711, #1543, .T. ) ;
#1292 = CIRCLE ( 'NONE', #3113, 2.999999999999999112 ) ;
#1293 = EDGE_CURVE ( 'NONE', #2295, #2748, #1598, .T. ) ;
#1294 = DIRECTION ( 'NONE',  ( 0.000000000000000000, -1.387778780781445676E-15, 1.000000000000000000 ) ) ;
#1295 = DIRECTION ( 'NONE',  ( -0.000000000000000000, -1.084202172485504434E-16, 1.000000000000000000 ) ) ;
#1296 = CARTESIAN_POINT ( 'NONE',  ( -0.001000000000000132727, -1.499999999999994227, 38.00000000000001421 ) ) ;
#1297 = AXIS2_PLACEMENT_3D ( 'NONE', #3361, #353, #2230 ) ;
#1298 = CIRCLE ( 'NONE', #3002, 3.000000000000002665 ) ;
#1299 = CARTESIAN_POINT ( 'NONE',  ( -19.00000000000000355, 19.75000000000000355, -21.79999999999998650 ) ) ;
#1300 = ORIENTED_EDGE ( 'NONE', *, *, #579, .F. ) ;
#1301 = ORIENTED_EDGE ( 'NONE', *, *, #1324, .T. ) ;
#1302 = DIRECTION ( 'NONE',  ( 0.000000000000000000, 0.000000000000000000, -1.000000000000000000 ) ) ;
#1303 = ORIENTED_EDGE ( 'NONE', *, *, #3352, .F. ) ;
#1304 = ORIENTED_EDGE ( 'NONE', *, *, #2582, .F. ) ;
#1305 = CARTESIAN_POINT ( 'NONE',  ( -23.68401537145216196, -30.50000000000000000, 5.150000000000008349 ) ) ;
#1306 = AXIS2_PLACEMENT_3D ( 'NONE', #2759, #3043, #1940 ) ;
#1307 = CARTESIAN_POINT ( 'NONE',  ( 6.000000000000000000, -11.40514059298904037, -21.11787191235350036 ) ) ;
#1308 = ORIENTED_EDGE ( 'NONE', *, *, #2587, .F. ) ;
#1309 = ORIENTED_EDGE ( 'NONE', *, *, #3108, .T. ) ;
#1310 = LINE ( 'NONE', #3472, #2364 ) ;
#1311 = AXIS2_PLACEMENT_3D ( 'NONE', #926, #1729, #3038 ) ;
#1312 = DIRECTION ( 'NONE',  ( 1.000000000000000000, -0.000000000000000000, -0.000000000000000000 ) ) ;
#1313 = LINE ( 'NONE', #965, #1365 ) ;
#1314 = LINE ( 'NONE', #2340, #2729 ) ;
#1315 = DIRECTION ( 'NONE',  ( 1.000000000000000000, -0.000000000000000000, 0.000000000000000000 ) ) ;
#1316 = B_SPLINE_CURVE_WITH_KNOTS ( 'NONE', 3,
 ( #2547, #2025, #2280, #1199, #2307, #1178 ),
 .UNSPECIFIED., .F., .F.,
 ( 4, 2, 4 ),
 ( 6.938893903907227607E-18, 0.001406845533900424189, 0.002813691067800841439 ),
 .UNSPECIFIED. ) ;
#1317 = DIRECTION ( 'NONE',  ( 0.000000000000000000, 0.000000000000000000, 1.000000000000000000 ) ) ;
#1318 = EDGE_LOOP ( 'NONE', ( #299, #3122, #2751, #1493 ) ) ;
#1319 = EDGE_CURVE ( 'NONE', #2715, #2541, #1738, .T. ) ;
#1320 = CARTESIAN_POINT ( 'NONE',  ( 1.000000000000000000, -1.499999999999994449, 33.20000000000001705 ) ) ;
#1321 = ORIENTED_EDGE ( 'NONE', *, *, #3158, .T. ) ;
#1322 = ORIENTED_EDGE ( 'NONE', *, *, #1142, .F. ) ;
#1323 = CARTESIAN_POINT ( 'NONE',  ( -17.50000000000000000, -25.70832781755655105, 9.650000000000019895 ) ) ;
#1324 = EDGE_CURVE ( 'NONE', #674, #3237, #2534, .T. ) ;
#1325 = DIRECTION ( 'NONE',  ( 1.000000000000000000, -0.000000000000000000, -0.000000000000000000 ) ) ;
#1326 = ORIENTED_EDGE ( 'NONE', *, *, #61, .F. ) ;
#1327 = EDGE_LOOP ( 'NONE', ( #472, #2451, #586, #2784 ) ) ;
#1328 = LINE ( 'NONE', #2941, #2710 ) ;
#1329 = FACE_OUTER_BOUND ( 'NONE', #2021, .T. ) ;
#1330 = CARTESIAN_POINT ( 'NONE',  ( 6.000000000000000000, 19.11458434959374841, -20.49999999999998579 ) ) ;
#1331 = LINE ( 'NONE', #3297, #3067 ) ;
#1332 = CARTESIAN_POINT ( 'NONE',  ( 6.999999999999999112, -40.49999999999999289, -17.12763390695372223 ) ) ;
#1333 = ADVANCED_FACE ( 'NONE', ( #3225 ), #3494, .F. ) ;
#1334 = DIRECTION ( 'NONE',  ( 0.000000000000000000, 0.000000000000000000, 1.000000000000000000 ) ) ;
#1335 = VERTEX_POINT ( 'NONE', #485 ) ;
#1336 = DIRECTION ( 'NONE',  ( 1.000000000000000000, -0.000000000000000000, -0.000000000000000000 ) ) ;
#1337 = EDGE_LOOP ( 'NONE', ( #2993, #209, #215, #2527 ) ) ;
#1338 = ORIENTED_EDGE ( 'NONE', *, *, #487, .T. ) ;
#1339 = DIRECTION ( 'NONE',  ( 0.000000000000000000, 1.000000000000000000, 0.000000000000000000 ) ) ;
#1340 = CARTESIAN_POINT ( 'NONE',  ( 0.000000000000000000, -1.449999999999987743, -21.79999999999999005 ) ) ;
#1341 = VERTEX_POINT ( 'NONE', #1559 ) ;
#1342 = VERTEX_POINT ( 'NONE', #469 ) ;
#1343 = CARTESIAN_POINT ( 'NONE',  ( -19.00000000000000711, -32.20000000000000284, -11.54999999999998117 ) ) ;
#1344 = DIRECTION ( 'NONE',  ( 0.000000000000000000, 1.000000000000000000, 0.000000000000000000 ) ) ;
#1345 = AXIS2_PLACEMENT_3D ( 'NONE', #1093, #2695, #250 ) ;
#1346 = DIRECTION ( 'NONE',  ( 1.000000000000000000, -0.000000000000000000, -0.000000000000000000 ) ) ;
#1347 = PLANE ( 'NONE',  #2555 ) ;
#1348 = DIRECTION ( 'NONE',  ( 0.000000000000000000, -1.000000000000000000, 0.000000000000000000 ) ) ;
#1349 = VECTOR ( 'NONE', #1131, 1000.000000000000114 ) ;
#1350 = CARTESIAN_POINT ( 'NONE',  ( 5.393660721959284032, -16.40862208153064117, -19.29589168060331161 ) ) ;
#1351 = ORIENTED_EDGE ( 'NONE', *, *, #2812, .T. ) ;
#1352 = AXIS2_PLACEMENT_3D ( 'NONE', #1754, #2015, #630 ) ;
#1353 = DIRECTION ( 'NONE',  ( 1.000000000000000000, 0.000000000000000000, 0.000000000000000000 ) ) ;
#1354 = ORIENTED_EDGE ( 'NONE', *, *, #238, .F. ) ;
#1355 = TOROIDAL_SURFACE ( 'NONE', #2776, 6.000000000000000888, 3.000000000000000000 ) ;
#1356 = ORIENTED_EDGE ( 'NONE', *, *, #2879, .T. ) ;
#1357 = AXIS2_PLACEMENT_3D ( 'NONE', #703, #242, #1816 ) ;
#1358 = ADVANCED_FACE ( 'NONE', ( #2643 ), #2872, .F. ) ;
#1359 = LINE ( 'NONE', #1036, #841 ) ;
#1360 = ORIENTED_EDGE ( 'NONE', *, *, #2484, .F. ) ;
#1361 = EDGE_LOOP ( 'NONE', ( #2083, #2239, #3338, #2383 ) ) ;
#1362 = DIRECTION ( 'NONE',  ( 1.000000000000000000, 0.000000000000000000, 0.000000000000000000 ) ) ;
#1363 = CARTESIAN_POINT ( 'NONE',  ( 7.000000000000000888, 22.75000000000000355, -21.79999999999998650 ) ) ;
#1364 = DIRECTION ( 'NONE',  ( -0.8660254037844383745, 0.000000000000000000, -0.5000000000000003331 ) ) ;
#1365 = VECTOR ( 'NONE', #1498, 1000.000000000000000 ) ;
#1366 = DIRECTION ( 'NONE',  ( 0.000000000000000000, 0.000000000000000000, 1.000000000000000000 ) ) ;
#1367 = CARTESIAN_POINT ( 'NONE',  ( 5.976627852770886484, -6.864584349593727985, -20.49999999999998224 ) ) ;
#1368 = CARTESIAN_POINT ( 'NONE',  ( 5.264956410341267379, -16.24925080891360096, -19.30833746464264067 ) ) ;
#1369 = EDGE_CURVE ( 'NONE', #2421, #2650, #199, .T. ) ;
#1370 = ORIENTED_EDGE ( 'NONE', *, *, #653, .F. ) ;
#1371 = EDGE_CURVE ( 'NONE', #265, #755, #993, .T. ) ;
#1372 = CARTESIAN_POINT ( 'NONE',  ( -19.00000000000000355, -30.50000000000000000, 9.650000000000019895 ) ) ;
#1373 = ORIENTED_EDGE ( 'NONE', *, *, #1996, .T. ) ;
#1374 = VERTEX_POINT ( 'NONE', #1790 ) ;
#1375 = CARTESIAN_POINT ( 'NONE',  ( 0.000000000000000000, -29.19999999999999929, 21.85000000000001208 ) ) ;
#1376 = ORIENTED_EDGE ( 'NONE', *, *, #1620, .T. ) ;
#1377 = VERTEX_POINT ( 'NONE', #237 ) ;
#1378 = LINE ( 'NONE', #2679, #2420 ) ;
#1379 = CARTESIAN_POINT ( 'NONE',  ( -17.50000000000000000, -26.20000000000000284, 26.35000000000001208 ) ) ;
#1380 = LINE ( 'NONE', #1113, #2168 ) ;
#1381 = DIRECTION ( 'NONE',  ( -1.000000000000000000, 0.000000000000000000, 0.000000000000000000 ) ) ;
#1382 = DIRECTION ( 'NONE',  ( 0.000000000000000000, -2.668805347656628453E-15, 1.000000000000000000 ) ) ;
#1383 = CARTESIAN_POINT ( 'NONE',  ( 0.000000000000000000, -32.20000000000000284, 26.35000000000000853 ) ) ;
#1384 = ORIENTED_EDGE ( 'NONE', *, *, #1155, .F. ) ;
#1385 = EDGE_CURVE ( 'NONE', #3447, #2902, #1168, .T. ) ;
#1386 = CARTESIAN_POINT ( 'NONE',  ( -23.68401537145216196, -29.19999999999999929, -7.049999999999982059 ) ) ;
#1387 = EDGE_LOOP ( 'NONE', ( #8, #3162, #1015, #2817 ) ) ;
#1388 = ORIENTED_EDGE ( 'NONE', *, *, #172, .F. ) ;
#1389 = ORIENTED_EDGE ( 'NONE', *, *, #2297, .F. ) ;
#1390 = ORIENTED_EDGE ( 'NONE', *, *, #3144, .T. ) ;
#1391 = DIRECTION ( 'NONE',  ( 1.000000000000000000, -0.000000000000000000, -0.000000000000000000 ) ) ;
#1392 = CARTESIAN_POINT ( 'NONE',  ( 0.000000000000000000, 0.000000000000000000, -21.79999999999998650 ) ) ;
#1393 = AXIS2_PLACEMENT_3D ( 'NONE', #2118, #720, #2097 ) ;
#1394 = PLANE ( 'NONE',  #281 ) ;
#1395 = CARTESIAN_POINT ( 'NONE',  ( 7.000000000000000000, -30.49999999999999289, -21.79999999999998650 ) ) ;
#1396 = EDGE_CURVE ( 'NONE', #106, #3438, #2607, .T. ) ;
#1397 = DIRECTION ( 'NONE',  ( 0.000000000000000000, -1.695169520498508698E-16, 1.000000000000000000 ) ) ;
#1398 = ADVANCED_FACE ( 'NONE', ( #2454 ), #2771, .F. ) ;
#1399 = CARTESIAN_POINT ( 'NONE',  ( 5.914978556263113418, 5.269975984395251167, -19.49139155385537236 ) ) ;
#1400 = VERTEX_POINT ( 'NONE', #2234 ) ;
#1401 = DIRECTION ( 'NONE',  ( 0.000000000000000000, 0.000000000000000000, -1.000000000000000000 ) ) ;
#1402 = AXIS2_PLACEMENT_3D ( 'NONE', #1785, #1839, #679 ) ;
#1403 = DIRECTION ( 'NONE',  ( 1.000000000000000000, -0.000000000000000000, -0.000000000000000000 ) ) ;
#1404 = VERTEX_POINT ( 'NONE', #327 ) ;
#1405 = ORIENTED_EDGE ( 'NONE', *, *, #2686, .T. ) ;
#1406 = CIRCLE ( 'NONE', #2030, 1.100000000000000311 ) ;
#1407 = VECTOR ( 'NONE', #2005, 1000.000000000000000 ) ;
#1408 = AXIS2_PLACEMENT_3D ( 'NONE', #3264, #598, #1686 ) ;
#1409 = VERTEX_POINT ( 'NONE', #1898 ) ;
#1410 = EDGE_CURVE ( 'NONE', #317, #2577, #35, .T. ) ;
#1411 = ORIENTED_EDGE ( 'NONE', *, *, #3302, .F. ) ;
#1412 = DIRECTION ( 'NONE',  ( -1.000000000000000000, 0.000000000000000000, -0.000000000000000000 ) ) ;
#1413 = CARTESIAN_POINT ( 'NONE',  ( 2.999999999999999112, -15.13096625971140519, -19.70817146545145704 ) ) ;
#1414 = CARTESIAN_POINT ( 'NONE',  ( 1.000000000000000888, 10.50000000000000533, -19.97725054630192432 ) ) ;
#1415 = LINE ( 'NONE', #1699, #2022 ) ;
#1416 = CYLINDRICAL_SURFACE ( 'NONE', #946, 2.499999999999998668 ) ;
#1417 = AXIS2_PLACEMENT_3D ( 'NONE', #715, #1808, #1573 ) ;
#1418 = DIRECTION ( 'NONE',  ( 1.000000000000000000, 0.000000000000000000, -0.000000000000000000 ) ) ;
#1419 = VERTEX_POINT ( 'NONE', #1367 ) ;
#1420 = DIRECTION ( 'NONE',  ( 1.000000000000000000, -0.000000000000000000, 0.000000000000000000 ) ) ;
#1421 = CARTESIAN_POINT ( 'NONE',  ( -23.68401537145216196, -29.19999999999999218, 5.150000000000008349 ) ) ;
#1422 = ORIENTED_EDGE ( 'NONE', *, *, #1539, .T. ) ;
#1423 = CARTESIAN_POINT ( 'NONE',  ( 5.929907898158914392, 15.67221536988858865, -20.19099681782011402 ) ) ;
#1424 = EDGE_CURVE ( 'NONE', #3233, #1404, #2220, .T. ) ;
#1425 = ORIENTED_EDGE ( 'NONE', *, *, #2691, .T. ) ;
#1426 = ORIENTED_EDGE ( 'NONE', *, *, #1698, .T. ) ;
#1427 = DIRECTION ( 'NONE',  ( 0.000000000000000000, 1.000000000000000000, 1.695169520498508698E-16 ) ) ;
#1428 = EDGE_CURVE ( 'NONE', #1962, #1561, #1881, .T. ) ;
#1429 = LINE ( 'NONE', #2554, #3247 ) ;
#1430 = DIRECTION ( 'NONE',  ( 1.000000000000000000, 0.000000000000000000, 0.000000000000000000 ) ) ;
#1431 = CARTESIAN_POINT ( 'NONE',  ( 0.000000000000000000, -29.19999999999999929, -7.049999999999982059 ) ) ;
#1432 = CARTESIAN_POINT ( 'NONE',  ( 5.842416056444710293, -7.333984632657995384, -19.92697753442457298 ) ) ;
#1433 = ORIENTED_EDGE ( 'NONE', *, *, #1574, .T. ) ;
#1434 = DIRECTION ( 'NONE',  ( 0.000000000000000000, -6.938893903907228378E-16, -1.000000000000000000 ) ) ;
#1435 = ADVANCED_FACE ( 'NONE', ( #561 ), #1416, .T. ) ;
#1436 = CARTESIAN_POINT ( 'NONE',  ( 5.999999999999998224, -8.999999999999987566, -21.79999999999998650 ) ) ;
#1437 = ORIENTED_EDGE ( 'NONE', *, *, #3080, .T. ) ;
#1438 = ADVANCED_FACE ( 'NONE', ( #3 ), #1098, .F. ) ;
#1439 = EDGE_CURVE ( 'NONE', #2793, #2836, #3177, .T. ) ;
#1440 = CARTESIAN_POINT ( 'NONE',  ( 0.000000000000000000, -32.20000000000000284, 21.85000000000000853 ) ) ;
#1441 = ORIENTED_EDGE ( 'NONE', *, *, #611, .T. ) ;
#1442 = ORIENTED_EDGE ( 'NONE', *, *, #1923, .T. ) ;
#1443 = DIRECTION ( 'NONE',  ( 1.000000000000000000, 0.000000000000000000, 0.000000000000000000 ) ) ;
#1444 = LINE ( 'NONE', #1464, #2039 ) ;
#1445 = DIRECTION ( 'NONE',  ( 0.000000000000000000, 0.000000000000000000, -1.000000000000000000 ) ) ;
#1446 = EDGE_CURVE ( 'NONE', #261, #811, #293, .T. ) ;
#1447 = CARTESIAN_POINT ( 'NONE',  ( 0.000000000000000000, -1.499999999999994449, 35.60000000000001563 ) ) ;
#1448 = AXIS2_PLACEMENT_3D ( 'NONE', #2248, #1430, #2503 ) ;
#1449 = FACE_OUTER_BOUND ( 'NONE', #1327, .T. ) ;
#1450 = CIRCLE ( 'NONE', #3282, 2.499999999999995115 ) ;
#1451 = ORIENTED_EDGE ( 'NONE', *, *, #2064, .F. ) ;
#1452 = CARTESIAN_POINT ( 'NONE',  ( 1.000000000000000000, 13.75000000000001243, -21.79999999999998650 ) ) ;
#1453 = VECTOR ( 'NONE', #2410, 1000.000000000000000 ) ;
#1454 = CARTESIAN_POINT ( 'NONE',  ( -19.00000000000000355, -16.49999999999998579, -21.79999999999998650 ) ) ;
#1455 = CARTESIAN_POINT ( 'NONE',  ( -19.00000000000000355, -11.13541565040624626, -20.49999999999998224 ) ) ;
#1456 = ORIENTED_EDGE ( 'NONE', *, *, #1499, .T. ) ;
#1457 = FACE_OUTER_BOUND ( 'NONE', #2916, .T. ) ;
#1458 = VERTEX_POINT ( 'NONE', #1681 ) ;
#1459 = ORIENTED_EDGE ( 'NONE', *, *, #718, .T. ) ;
#1460 = DIRECTION ( 'NONE',  ( 0.000000000000000000, 0.000000000000000000, -1.000000000000000000 ) ) ;
#1461 = AXIS2_PLACEMENT_3D ( 'NONE', #1566, #1016, #2347 ) ;
#1462 = VECTOR ( 'NONE', #38, 1000.000000000000000 ) ;
#1463 = EDGE_CURVE ( 'NONE', #63, #671, #809, .T. ) ;
#1464 = CARTESIAN_POINT ( 'NONE',  ( -19.00000000000000355, 11.72266117239508887, 30.38237902200329543 ) ) ;
#1465 = LINE ( 'NONE', #3346, #1166 ) ;
#1466 = VECTOR ( 'NONE', #2102, 1000.000000000000000 ) ;
#1467 = DIRECTION ( 'NONE',  ( -1.000000000000000000, 0.000000000000000000, 0.000000000000000000 ) ) ;
#1468 = CARTESIAN_POINT ( 'NONE',  ( 3.750529185477244898, -9.191617145409242795, -19.30708488975286130 ) ) ;
#1469 = CARTESIAN_POINT ( 'NONE',  ( -8.485281374238574870, 10.50000000000000533, -18.87725054630192645 ) ) ;
#1470 = AXIS2_PLACEMENT_3D ( 'NONE', #3028, #229, #1852 ) ;
#1471 = EDGE_CURVE ( 'NONE', #415, #317, #18, .T. ) ;
#1472 = CARTESIAN_POINT ( 'NONE',  ( 7.000000000000000000, 30.50000000000000711, -21.79999999999998650 ) ) ;
#1473 = DIRECTION ( 'NONE',  ( 0.000000000000000000, -1.130113013665672383E-16, -1.000000000000000000 ) ) ;
#1474 = ORIENTED_EDGE ( 'NONE', *, *, #3436, .T. ) ;
#1475 = EDGE_CURVE ( 'NONE', #3272, #855, #1406, .T. ) ;
#1476 = VECTOR ( 'NONE', #396, 1000.000000000000000 ) ;
#1477 = B_SPLINE_CURVE_WITH_KNOTS ( 'NONE', 3,
 ( #3041, #3383, #612, #1432, #666, #1486, #2826, #2522, #74, #1167, #378, #914, #1468, #1756, #2253, #2571 ),
 .UNSPECIFIED., .F., .F.,
 ( 4, 2, 2, 2, 2, 2, 2, 4 ),
 ( 2.319429686698343338E-07, 0.0005648275886494949841, 0.001129423234330320181, 0.001694018880011145377, 0.002258614525691970791, 0.003387805817053617281, 0.003952401462734441394, 0.004516997108415264639 ),
 .UNSPECIFIED. ) ;
#1478 = CARTESIAN_POINT ( 'NONE',  ( 1.732050807568878747, 0.000000000000000000, 27.49862543497017953 ) ) ;
#1479 = EDGE_LOOP ( 'NONE', ( #3335, #2211, #105, #475 ) ) ;
#1480 = EDGE_LOOP ( 'NONE', ( #1180, #1581, #3017, #764, #2479, #1942, #498 ) ) ;
#1481 = DIRECTION ( 'NONE',  ( 1.000000000000000000, 0.000000000000000000, 0.000000000000000000 ) ) ;
#1482 = ADVANCED_FACE ( 'NONE', ( #862 ), #1917, .T. ) ;
#1483 = CARTESIAN_POINT ( 'NONE',  ( 1.000000000000000888, -1.499999999999994449, 35.60000000000001563 ) ) ;
#1484 = CARTESIAN_POINT ( 'NONE',  ( -19.00000000000000355, 4.750000000000009770, -21.79999999999998650 ) ) ;
#1485 = DIRECTION ( 'NONE',  ( 1.000000000000000000, -0.000000000000000000, -0.000000000000000000 ) ) ;
#1486 = CARTESIAN_POINT ( 'NONE',  ( 5.631681674569871454, -7.762522113852556416, -19.62093213136341419 ) ) ;
#1487 = CARTESIAN_POINT ( 'NONE',  ( 6.000000000000000000, -3.585415650406240662, -20.49999999999998224 ) ) ;
#1488 = DIRECTION ( 'NONE',  ( 0.000000000000000000, 0.000000000000000000, -1.000000000000000000 ) ) ;
#1489 = CARTESIAN_POINT ( 'NONE',  ( 0.000000000000000000, 0.000000000000000000, 0.000000000000000000 ) ) ;
#1490 = ORIENTED_EDGE ( 'NONE', *, *, #2112, .F. ) ;
#1491 = LINE ( 'NONE', #654, #3468 ) ;
#1492 = ORIENTED_EDGE ( 'NONE', *, *, #1711, .F. ) ;
#1493 = ORIENTED_EDGE ( 'NONE', *, *, #3194, .F. ) ;
#1494 = CARTESIAN_POINT ( 'NONE',  ( 7.000000000000000888, 15.25000000000001066, -21.79999999999998650 ) ) ;
#1495 = CARTESIAN_POINT ( 'NONE',  ( 1.000000000000000888, -14.01294230657133433, -20.49999999999998224 ) ) ;
#1496 = CARTESIAN_POINT ( 'NONE',  ( 5.934181881704301276, -2.437803189451297037, 40.90000000000001279 ) ) ;
#1497 = LINE ( 'NONE', #73, #3348 ) ;
#1498 = DIRECTION ( 'NONE',  ( 0.000000000000000000, 1.387778780781445676E-15, -1.000000000000000000 ) ) ;
#1499 = EDGE_CURVE ( 'NONE', #2089, #2462, #3118, .T. ) ;
#1500 = AXIS2_PLACEMENT_3D ( 'NONE', #1791, #1317, #2609 ) ;
#1501 = DIRECTION ( 'NONE',  ( 0.000000000000000000, 0.000000000000000000, -1.000000000000000000 ) ) ;
#1502 = ADVANCED_FACE ( 'NONE', ( #2741 ), #1667, .T. ) ;
#1503 = CARTESIAN_POINT ( 'NONE',  ( -8.485281374238574870, -1.499999999999994449, 35.60000000000001563 ) ) ;
#1504 = ORIENTED_EDGE ( 'NONE', *, *, #1757, .T. ) ;
#1505 = CYLINDRICAL_SURFACE ( 'NONE', #1918, 2.499999999999998668 ) ;
#1506 = ORIENTED_EDGE ( 'NONE', *, *, #3316, .T. ) ;
#1507 = ORIENTED_EDGE ( 'NONE', *, *, #3382, .F. ) ;
#1508 = DIRECTION ( 'NONE',  ( 1.000000000000000000, 0.000000000000000000, 0.000000000000000000 ) ) ;
#1509 = VECTOR ( 'NONE', #290, 1000.000000000000000 ) ;
#1510 = EDGE_CURVE ( 'NONE', #1374, #2835, #3296, .T. ) ;
#1511 = FACE_OUTER_BOUND ( 'NONE', #2918, .T. ) ;
#1512 = ORIENTED_EDGE ( 'NONE', *, *, #2629, .F. ) ;
#1513 = ORIENTED_EDGE ( 'NONE', *, *, #2444, .T. ) ;
#1514 = AXIS2_PLACEMENT_3D ( 'NONE', #3040, #1397, #1348 ) ;
#1515 = CARTESIAN_POINT ( 'NONE',  ( 1.000000000000000888, 8.731756744527887193, -20.49999999999998579 ) ) ;
#1516 = EDGE_CURVE ( 'NONE', #1374, #1865, #539, .T. ) ;
#1517 = LINE ( 'NONE', #2660, #890 ) ;
#1518 = EDGE_CURVE ( 'NONE', #3185, #2009, #111, .T. ) ;
#1519 = LINE ( 'NONE', #1841, #619 ) ;
#1520 = VECTOR ( 'NONE', #699, 1000.000000000000000 ) ;
#1521 = CIRCLE ( 'NONE', #2264, 2.999999999999999112 ) ;
#1522 = PLANE ( 'NONE',  #3529 ) ;
#1523 = CARTESIAN_POINT ( 'NONE',  ( 6.000000000000000000, 10.50000000000000533, -18.87725054630192645 ) ) ;
#1524 = AXIS2_PLACEMENT_3D ( 'NONE', #399, #2020, #969 ) ;
#1525 = LINE ( 'NONE', #2382, #2642 ) ;
#1526 = VERTEX_POINT ( 'NONE', #943 ) ;
#1527 = CIRCLE ( 'NONE', #3357, 1.500000000000004885 ) ;
#1528 = LINE ( 'NONE', #1546, #3353 ) ;
#1529 = VECTOR ( 'NONE', #1185, 1000.000000000000000 ) ;
#1530 = ORIENTED_EDGE ( 'NONE', *, *, #3044, .T. ) ;
#1531 = ORIENTED_EDGE ( 'NONE', *, *, #2986, .T. ) ;
#1532 = DIRECTION ( 'NONE',  ( 0.000000000000000000, 0.000000000000000000, -1.000000000000000000 ) ) ;
#1533 = CIRCLE ( 'NONE', #1762, 2.499999999999998668 ) ;
#1534 = DIRECTION ( 'NONE',  ( 1.000000000000000000, -0.000000000000000000, 0.000000000000000000 ) ) ;
#1535 = ORIENTED_EDGE ( 'NONE', *, *, #1539, .F. ) ;
#1536 = EDGE_LOOP ( 'NONE', ( #3049, #730, #3198, #2846 ) ) ;
#1537 = CARTESIAN_POINT ( 'NONE',  ( -0.001000000000000132727, -1.499999999999994449, 35.60000000000001563 ) ) ;
#1538 = CARTESIAN_POINT ( 'NONE',  ( 7.000000000000000000, -32.20000000000000284, 9.650000000000019895 ) ) ;
#1539 = EDGE_CURVE ( 'NONE', #2677, #12, #835, .T. ) ;
#1540 = AXIS2_PLACEMENT_3D ( 'NONE', #948, #1702, #1737 ) ;
#1541 = DIRECTION ( 'NONE',  ( 0.000000000000000000, -1.387778780781445676E-15, 1.000000000000000000 ) ) ;
#1542 = DIRECTION ( 'NONE',  ( 0.000000000000000000, 0.000000000000000000, -1.000000000000000000 ) ) ;
#1543 = LINE ( 'NONE', #1275, #2706 ) ;
#1544 = CARTESIAN_POINT ( 'NONE',  ( 7.000000000000000000, -1.499999999999994227, 38.00000000000001421 ) ) ;
#1545 = ORIENTED_EDGE ( 'NONE', *, *, #3153, .T. ) ;
#1546 = CARTESIAN_POINT ( 'NONE',  ( 6.000000000000000000, 29.19999999999999218, -20.49999999999998579 ) ) ;
#1547 = EDGE_LOOP ( 'NONE', ( #2474, #400, #1607, #3180 ) ) ;
#1548 = EDGE_CURVE ( 'NONE', #3290, #3488, #2557, .T. ) ;
#1549 = VERTEX_POINT ( 'NONE', #1985 ) ;
#1550 = EDGE_CURVE ( 'NONE', #3213, #2836, #928, .T. ) ;
#1551 = LINE ( 'NONE', #3391, #3462 ) ;
#1552 = ORIENTED_EDGE ( 'NONE', *, *, #2183, .F. ) ;
#1553 = VERTEX_POINT ( 'NONE', #409 ) ;
#1554 = DIRECTION ( 'NONE',  ( 0.000000000000000000, 0.000000000000000000, 1.000000000000000000 ) ) ;
#1555 = DIRECTION ( 'NONE',  ( -0.7745966692414831822, 0.4472135954999582053, 0.4472135954999582053 ) ) ;
#1556 = CARTESIAN_POINT ( 'NONE',  ( 7.000000000000000000, 13.12971002403926413, 0.000000000000000000 ) ) ;
#1557 = EDGE_CURVE ( 'NONE', #1054, #2688, #267, .T. ) ;
#1558 = DIRECTION ( 'NONE',  ( 0.000000000000000000, -1.695169520498508698E-16, 1.000000000000000000 ) ) ;
#1559 = CARTESIAN_POINT ( 'NONE',  ( 7.000000000000000000, -11.40514059298904037, -21.11787191235350036 ) ) ;
#1560 = DIRECTION ( 'NONE',  ( -1.000000000000000000, 0.000000000000000000, 0.000000000000000000 ) ) ;
#1561 = VERTEX_POINT ( 'NONE', #3347 ) ;
#1562 = CIRCLE ( 'NONE', #1961, 10.00000000000000178 ) ;
#1563 = LINE ( 'NONE', #2134, #1579 ) ;
#1564 = ORIENTED_EDGE ( 'NONE', *, *, #3531, .T. ) ;
#1565 = EDGE_LOOP ( 'NONE', ( #228, #1282, #59, #2170 ) ) ;
#1566 = CARTESIAN_POINT ( 'NONE',  ( 0.000000000000000000, 21.25000000000000355, -21.79999999999998650 ) ) ;
#1567 = CARTESIAN_POINT ( 'NONE',  ( -8.485281374238574870, -12.24999927169117697, -18.87149398043249704 ) ) ;
#1568 = ORIENTED_EDGE ( 'NONE', *, *, #2339, .T. ) ;
#1569 = ORIENTED_EDGE ( 'NONE', *, *, #3533, .F. ) ;
#1570 = CARTESIAN_POINT ( 'NONE',  ( 6.000000000000000000, -29.19999999999999218, -20.49999999999998224 ) ) ;
#1571 = FACE_OUTER_BOUND ( 'NONE', #1739, .T. ) ;
#1572 = VECTOR ( 'NONE', #859, 1000.000000000000000 ) ;
#1573 = DIRECTION ( 'NONE',  ( 0.000000000000000000, 0.000000000000000000, -1.000000000000000000 ) ) ;
#1574 = EDGE_CURVE ( 'NONE', #1606, #655, #663, .T. ) ;
#1575 = DIRECTION ( 'NONE',  ( 0.000000000000000000, 1.000000000000000000, -2.891205793294679411E-15 ) ) ;
#1576 = CARTESIAN_POINT ( 'NONE',  ( 7.000000000000000000, -30.49999999999999289, -21.79999999999998650 ) ) ;
#1577 = CIRCLE ( 'NONE', #1461, 2.499999999999995115 ) ;
#1578 = VECTOR ( 'NONE', #790, 1000.000000000000000 ) ;
#1579 = VECTOR ( 'NONE', #989, 1000.000000000000000 ) ;
#1580 = PLANE ( 'NONE',  #931 ) ;
#1581 = ORIENTED_EDGE ( 'NONE', *, *, #2064, .T. ) ;
#1582 = AXIS2_PLACEMENT_3D ( 'NONE', #268, #496, #2391 ) ;
#1583 = EDGE_CURVE ( 'NONE', #3213, #2875, #1126, .T. ) ;
#1584 = CARTESIAN_POINT ( 'NONE',  ( -19.00000000000000355, 15.25000000000001421, -21.79999999999998650 ) ) ;
#1585 = EDGE_CURVE ( 'NONE', #120, #584, #1751, .T. ) ;
#1586 = VERTEX_POINT ( 'NONE', #1968 ) ;
#1587 = ORIENTED_EDGE ( 'NONE', *, *, #2749, .F. ) ;
#1588 = FACE_OUTER_BOUND ( 'NONE', #9, .T. ) ;
#1589 = VECTOR ( 'NONE', #153, 1000.000000000000000 ) ;
#1590 = FACE_OUTER_BOUND ( 'NONE', #1802, .T. ) ;
#1591 = ORIENTED_EDGE ( 'NONE', *, *, #2521, .F. ) ;
#1592 = EDGE_LOOP ( 'NONE', ( #1263, #1088, #169, #2176, #1160 ) ) ;
#1593 = DIRECTION ( 'NONE',  ( 1.000000000000000000, -0.000000000000000000, 0.000000000000000000 ) ) ;
#1594 = EDGE_CURVE ( 'NONE', #1962, #1553, #1975, .T. ) ;
#1595 = FACE_OUTER_BOUND ( 'NONE', #1675, .T. ) ;
#1596 = DIRECTION ( 'NONE',  ( 1.000000000000000000, 0.000000000000000000, 0.000000000000000000 ) ) ;
#1597 = DIRECTION ( 'NONE',  ( -0.000000000000000000, -1.695169520498508698E-16, 1.000000000000000000 ) ) ;
#1598 = LINE ( 'NONE', #2116, #2192 ) ;
#1599 = CARTESIAN_POINT ( 'NONE',  ( 2.999999999999999112, -15.13096625971140519, -19.70817146545145704 ) ) ;
#1600 = VERTEX_POINT ( 'NONE', #2855 ) ;
#1601 = FACE_OUTER_BOUND ( 'NONE', #2278, .T. ) ;
#1602 = VERTEX_POINT ( 'NONE', #913 ) ;
#1603 = ORIENTED_EDGE ( 'NONE', *, *, #907, .T. ) ;
#1604 = DIRECTION ( 'NONE',  ( 0.000000000000000000, -1.387778780781445676E-15, 1.000000000000000000 ) ) ;
#1605 = CARTESIAN_POINT ( 'NONE',  ( -8.485281374238574870, -12.24999927169117697, -21.27149398043249917 ) ) ;
#1606 = VERTEX_POINT ( 'NONE', #1716 ) ;
#1607 = ORIENTED_EDGE ( 'NONE', *, *, #2812, .F. ) ;
#1608 = DIRECTION ( 'NONE',  ( 0.000000000000000000, 0.000000000000000000, -1.000000000000000000 ) ) ;
#1609 = CARTESIAN_POINT ( 'NONE',  ( -19.00000000000000355, -8.999999999999987566, -21.79999999999998650 ) ) ;
#1610 = DIRECTION ( 'NONE',  ( 1.000000000000000000, 0.000000000000000000, -0.000000000000000000 ) ) ;
#1611 = DIRECTION ( 'NONE',  ( 0.000000000000000000, 0.000000000000000000, 1.000000000000000000 ) ) ;
#1612 = DIRECTION ( 'NONE',  ( -0.000000000000000000, 0.000000000000000000, -1.000000000000000000 ) ) ;
#1613 = CARTESIAN_POINT ( 'NONE',  ( 5.617467139900282014, 6.000339936904787841, -19.30669293710132450 ) ) ;
#1614 = ORIENTED_EDGE ( 'NONE', *, *, #1733, .T. ) ;
#1615 = EDGE_CURVE ( 'NONE', #2762, #2105, #2286, .T. ) ;
#1616 = CARTESIAN_POINT ( 'NONE',  ( 7.000000000000000000, -30.49999999999999289, -21.79999999999998650 ) ) ;
#1617 = EDGE_LOOP ( 'NONE', ( #1823, #1389, #864, #801 ) ) ;
#1618 = ORIENTED_EDGE ( 'NONE', *, *, #3271, .T. ) ;
#1619 = CIRCLE ( 'NONE', #2073, 1.100000000000000311 ) ;
#1620 = EDGE_CURVE ( 'NONE', #2610, #3487, #1497, .T. ) ;
#1621 = VECTOR ( 'NONE', #356, 1000.000000000000000 ) ;
#1622 = VECTOR ( 'NONE', #257, 1000.000000000000000 ) ;
#1623 = CARTESIAN_POINT ( 'NONE',  ( 7.000000000000000000, -30.49999999999999645, -1.472366093046240110 ) ) ;
#1624 = VERTEX_POINT ( 'NONE', #3093 ) ;
#1625 = ORIENTED_EDGE ( 'NONE', *, *, #2171, .F. ) ;
#1626 = CARTESIAN_POINT ( 'NONE',  ( -8.485281374238574870, -12.24999927169117697, -16.47149398043249846 ) ) ;
#1627 = CARTESIAN_POINT ( 'NONE',  ( -5.954748607317418951, 21.25000000000000355, -21.79999999999998650 ) ) ;
#1628 = TOROIDAL_SURFACE ( 'NONE', #2992, 5.999999999999999112, 3.000000000000000000 ) ;
#1629 = ADVANCED_FACE ( 'NONE', ( #3395, #2804, #375 ), #643, .T. ) ;
#1630 = VECTOR ( 'NONE', #3251, 1000.000000000000000 ) ;
#1631 = PLANE ( 'NONE',  #2558 ) ;
#1632 = EDGE_CURVE ( 'NONE', #3466, #2881, #2791, .T. ) ;
#1633 = DIRECTION ( 'NONE',  ( -1.000000000000000000, 0.000000000000000000, 0.000000000000000000 ) ) ;
#1634 = CARTESIAN_POINT ( 'NONE',  ( 3.500000000000000444, -9.928067277245252953, -19.47864454921125699 ) ) ;
#1635 = EDGE_CURVE ( 'NONE', #2985, #2227, #3128, .T. ) ;
#1636 = VECTOR ( 'NONE', #2908, 1000.000000000000000 ) ;
#1637 = CARTESIAN_POINT ( 'NONE',  ( 3.404481538443433486, 7.589913083723749843, -19.68863723633252860 ) ) ;
#1638 = VERTEX_POINT ( 'NONE', #680 ) ;
#1639 = VECTOR ( 'NONE', #2167, 1000.000000000000000 ) ;
#1640 = CARTESIAN_POINT ( 'NONE',  ( 6.000000000000000000, -18.15635091047225558, -19.92743447073868523 ) ) ;
#1641 = VERTEX_POINT ( 'NONE', #2538 ) ;
#1642 = ORIENTED_EDGE ( 'NONE', *, *, #208, .T. ) ;
#1643 = VECTOR ( 'NONE', #1336, 1000.000000000000000 ) ;
#1644 = DIRECTION ( 'NONE',  ( 0.000000000000000000, 0.000000000000000000, -1.000000000000000000 ) ) ;
#1645 = ORIENTED_EDGE ( 'NONE', *, *, #323, .T. ) ;
#1646 = ORIENTED_EDGE ( 'NONE', *, *, #3403, .F. ) ;
#1647 = LINE ( 'NONE', #2737, #368 ) ;
#1648 = VECTOR ( 'NONE', #2356, 1000.000000000000000 ) ;
#1649 = CARTESIAN_POINT ( 'NONE',  ( -19.00000000000000355, 13.12971002403926413, 30.38237902200329543 ) ) ;
#1650 = CARTESIAN_POINT ( 'NONE',  ( 7.000000000000000000, -30.49999999999999289, -21.79999999999998650 ) ) ;
#1651 = DIRECTION ( 'NONE',  ( 0.000000000000000000, 0.000000000000000000, 1.000000000000000000 ) ) ;
#1652 = EDGE_CURVE ( 'NONE', #1831, #3030, #1182, .T. ) ;
#1653 = DIRECTION ( 'NONE',  ( -1.000000000000000000, 0.000000000000000000, 0.000000000000000000 ) ) ;
#1654 = CARTESIAN_POINT ( 'NONE',  ( 5.984623586609688850, -17.83406430368222573, -19.67623214113293173 ) ) ;
#1655 = ORIENTED_EDGE ( 'NONE', *, *, #1813, .F. ) ;
#1656 = LINE ( 'NONE', #2493, #2724 ) ;
#1657 = ORIENTED_EDGE ( 'NONE', *, *, #2136, .F. ) ;
#1658 = ORIENTED_EDGE ( 'NONE', *, *, #1663, .T. ) ;
#1659 = EDGE_CURVE ( 'NONE', #3034, #2408, #1771, .T. ) ;
#1660 = VERTEX_POINT ( 'NONE', #2250 ) ;
#1661 = EDGE_LOOP ( 'NONE', ( #2619, #972, #2308, #568 ) ) ;
#1662 = CARTESIAN_POINT ( 'NONE',  ( -5.954748607317418951, 0.000000000000000000, 26.49862543497017953 ) ) ;
#1663 = EDGE_CURVE ( 'NONE', #2295, #1887, #426, .T. ) ;
#1664 = CARTESIAN_POINT ( 'NONE',  ( -17.50000000000000000, -25.70832781755657237, 26.35000000000001208 ) ) ;
#1665 = CARTESIAN_POINT ( 'NONE',  ( -19.00000000000000355, -25.70832781755652618, -7.049999999999984723 ) ) ;
#1666 = FACE_OUTER_BOUND ( 'NONE', #3359, .T. ) ;
#1667 = PLANE ( 'NONE',  #665 ) ;
#1668 = CARTESIAN_POINT ( 'NONE',  ( -14.50000000000000178, -26.20000000000000284, 9.650000000000018119 ) ) ;
#1669 = ORIENTED_EDGE ( 'NONE', *, *, #2288, .T. ) ;
#1670 = FACE_OUTER_BOUND ( 'NONE', #85, .T. ) ;
#1671 = EDGE_CURVE ( 'NONE', #3272, #3138, #218, .T. ) ;
#1672 = DIRECTION ( 'NONE',  ( 0.8660254037844383745, 0.000000000000000000, -0.5000000000000003331 ) ) ;
#1673 = ORIENTED_EDGE ( 'NONE', *, *, #2847, .T. ) ;
#1674 = ORIENTED_EDGE ( 'NONE', *, *, #546, .T. ) ;
#1675 = EDGE_LOOP ( 'NONE', ( #249, #1376, #3265, #2976 ) ) ;
#1676 = ORIENTED_EDGE ( 'NONE', *, *, #2107, .T. ) ;
#1677 = CARTESIAN_POINT ( 'NONE',  ( -17.50000000000000000, -26.19999999999999574, -11.54999999999998472 ) ) ;
#1678 = DIRECTION ( 'NONE',  ( 0.8660254037844383745, 0.5000000000000003331, 0.000000000000000000 ) ) ;
#1679 = PRODUCT_DEFINITION_CONTEXT ( 'detailed design', #3173, 'design' ) ;
#1680 = DIRECTION ( 'NONE',  ( 1.000000000000000000, 0.000000000000000000, -0.000000000000000000 ) ) ;
#1681 = CARTESIAN_POINT ( 'NONE',  ( -17.50000000000000000, -25.70832781755652618, -7.049999999999984723 ) ) ;
#1682 = DIRECTION ( 'NONE',  ( 0.000000000000000000, -1.000000000000000000, 0.000000000000000000 ) ) ;
#1683 = EDGE_CURVE ( 'NONE', #650, #2836, #1298, .T. ) ;
#1684 = ORIENTED_EDGE ( 'NONE', *, *, #1807, .F. ) ;
#1685 = DIRECTION ( 'NONE',  ( 1.000000000000000000, 0.000000000000000000, 0.000000000000000000 ) ) ;
#1686 = DIRECTION ( 'NONE',  ( 0.000000000000000000, 0.000000000000000000, 1.000000000000000000 ) ) ;
#1687 = ORIENTED_EDGE ( 'NONE', *, *, #761, .F. ) ;
#1688 = CARTESIAN_POINT ( 'NONE',  ( 5.958587424805426025, 15.78664902155849070, -20.33776322693888261 ) ) ;
#1689 = EDGE_CURVE ( 'NONE', #1284, #2174, #964, .T. ) ;
#1690 = VECTOR ( 'NONE', #967, 1000.000000000000000 ) ;
#1691 = VECTOR ( 'NONE', #2156, 1000.000000000000000 ) ;
#1692 = ORIENTED_EDGE ( 'NONE', *, *, #1583, .T. ) ;
#1693 = ORIENTED_EDGE ( 'NONE', *, *, #2079, .F. ) ;
#1694 = CARTESIAN_POINT ( 'NONE',  ( 6.999999999999999112, -40.49999999999999289, 15.22763390695376984 ) ) ;
#1695 = CARTESIAN_POINT ( 'NONE',  ( -8.485281374238574870, -1.499999999999994449, 35.60000000000001563 ) ) ;
#1696 = VECTOR ( 'NONE', #2445, 1000.000000000000000 ) ;
#1697 = CARTESIAN_POINT ( 'NONE',  ( 7.000000000000000000, 10.50000000000000533, -18.87725054630192645 ) ) ;
#1698 = EDGE_CURVE ( 'NONE', #3214, #2762, #3415, .T. ) ;
#1699 = CARTESIAN_POINT ( 'NONE',  ( -19.00000000000000711, -32.20000000000000284, -11.54999999999998117 ) ) ;
#1700 = DIRECTION ( 'NONE',  ( -1.000000000000000000, 0.000000000000000000, 0.000000000000000000 ) ) ;
#1701 = VECTOR ( 'NONE', #1596, 1000.000000000000000 ) ;
#1702 = DIRECTION ( 'NONE',  ( -1.000000000000000000, 0.000000000000000000, 0.000000000000000000 ) ) ;
#1703 = EDGE_CURVE ( 'NONE', #2401, #3138, #2256, .T. ) ;
#1704 = ORIENTED_EDGE ( 'NONE', *, *, #427, .F. ) ;
#1705 = LINE ( 'NONE', #331, #3475 ) ;
#1706 = DIRECTION ( 'NONE',  ( 1.000000000000000000, -0.000000000000000000, -0.000000000000000000 ) ) ;
#1707 = FACE_OUTER_BOUND ( 'NONE', #145, .T. ) ;
#1708 = ORIENTED_EDGE ( 'NONE', *, *, #3144, .F. ) ;
#1709 = VECTOR ( 'NONE', #2754, 1000.000000000000000 ) ;
#1710 = CARTESIAN_POINT ( 'NONE',  ( -19.00000000000000711, -1.499999999999994449, 35.60000000000001563 ) ) ;
#1711 = EDGE_CURVE ( 'NONE', #1553, #706, #2680, .T. ) ;
#1712 = ORIENTED_EDGE ( 'NONE', *, *, #988, .T. ) ;
#1713 = ORIENTED_EDGE ( 'NONE', *, *, #323, .F. ) ;
#1714 = CARTESIAN_POINT ( 'NONE',  ( 0.000000000000000000, 10.72266117239508887, 0.000000000000000000 ) ) ;
#1715 = FACE_OUTER_BOUND ( 'NONE', #2887, .T. ) ;
#1716 = CARTESIAN_POINT ( 'NONE',  ( 6.000000000000000888, 11.61458434959375374, -20.49999999999998579 ) ) ;
#1717 = CARTESIAN_POINT ( 'NONE',  ( 0.000000000000000000, 4.750000000000009770, -21.79999999999998650 ) ) ;
#1718 = ORIENTED_EDGE ( 'NONE', *, *, #1757, .F. ) ;
#1719 = CARTESIAN_POINT ( 'NONE',  ( 7.000000000000000000, -30.50000000000000000, 42.20000000000001705 ) ) ;
#1720 = LINE ( 'NONE', #2509, #702 ) ;
#1721 = DIRECTION ( 'NONE',  ( 0.000000000000000000, 0.000000000000000000, 1.000000000000000000 ) ) ;
#1722 = EDGE_CURVE ( 'NONE', #101, #671, #3450, .T. ) ;
#1723 = VERTEX_POINT ( 'NONE', #1040 ) ;
#1724 = EDGE_CURVE ( 'NONE', #1458, #2799, #2316, .T. ) ;
#1725 = DIRECTION ( 'NONE',  ( 1.000000000000000000, -0.000000000000000000, -0.000000000000000000 ) ) ;
#1726 = ORIENTED_EDGE ( 'NONE', *, *, #2388, .T. ) ;
#1727 = ORIENTED_EDGE ( 'NONE', *, *, #2772, .F. ) ;
#1728 = DIRECTION ( 'NONE',  ( 1.000000000000000000, -0.000000000000000000, -0.000000000000000000 ) ) ;
#1729 = DIRECTION ( 'NONE',  ( -1.000000000000000000, 0.000000000000000000, 0.000000000000000000 ) ) ;
#1730 = DIRECTION ( 'NONE',  ( 1.000000000000000000, 0.000000000000000000, 0.000000000000000000 ) ) ;
#1731 = DIRECTION ( 'NONE',  ( 0.000000000000000000, 0.000000000000000000, 1.000000000000000000 ) ) ;
#1732 = AXIS2_PLACEMENT_3D ( 'NONE', #95, #3349, #1206 ) ;
#1733 = EDGE_CURVE ( 'NONE', #446, #3447, #1517, .T. ) ;
#1734 = B_SPLINE_CURVE_WITH_KNOTS ( 'NONE', 3,
 ( #1982, #109, #2232, #875 ),
 .UNSPECIFIED., .F., .F.,
 ( 4, 4 ),
 ( 0.004473482344490777897, 0.004860664352582618267 ),
 .UNSPECIFIED. ) ;
#1735 = EDGE_CURVE ( 'NONE', #2881, #2009, #1254, .T. ) ;
#1736 = VECTOR ( 'NONE', #824, 1000.000000000000000 ) ;
#1737 = DIRECTION ( 'NONE',  ( 0.000000000000000000, 0.000000000000000000, 1.000000000000000000 ) ) ;
#1738 = CIRCLE ( 'NONE', #538, 2.399999999999999467 ) ;
#1739 = EDGE_LOOP ( 'NONE', ( #3175, #958, #1251, #3341 ) ) ;
#1740 = CARTESIAN_POINT ( 'NONE',  ( 7.000000000000000000, -30.49999999999999289, -21.79999999999998650 ) ) ;
#1741 = CARTESIAN_POINT ( 'NONE',  ( -19.00000000000000355, 7.750000000000015987, -21.79999999999998650 ) ) ;
#1742 = ORIENTED_EDGE ( 'NONE', *, *, #1475, .F. ) ;
#1743 = VECTOR ( 'NONE', #1271, 1000.000000000000000 ) ;
#1744 = EDGE_CURVE ( 'NONE', #2779, #1874, #2653, .T. ) ;
#1745 = CIRCLE ( 'NONE', #714, 2.399999999999999467 ) ;
#1746 = FACE_BOUND ( 'NONE', #1158, .T. ) ;
#1747 = VERTEX_POINT ( 'NONE', #980 ) ;
#1748 = ORIENTED_EDGE ( 'NONE', *, *, #2510, .F. ) ;
#1749 = CARTESIAN_POINT ( 'NONE',  ( 6.000000000000000000, 11.34304260083278137, -21.12431066414058733 ) ) ;
#1750 = VECTOR ( 'NONE', #1728, 1000.000000000000000 ) ;
#1751 = CIRCLE ( 'NONE', #1352, 6.000000000000001776 ) ;
#1752 = CARTESIAN_POINT ( 'NONE',  ( -17.50000000000000000, -20.96491132730395535, -11.54999999999998472 ) ) ;
#1753 = CARTESIAN_POINT ( 'NONE',  ( -0.001000000000000132727, -1.499999999999994449, 35.60000000000001563 ) ) ;
#1754 = CARTESIAN_POINT ( 'NONE',  ( 6.000000000000000000, -1.499999999999994449, 35.60000000000001563 ) ) ;
#1755 = VECTOR ( 'NONE', #1872, 1000.000000000000000 ) ;
#1756 = CARTESIAN_POINT ( 'NONE',  ( 3.378602702605393304, -9.264602000648716640, -19.31377220300191055 ) ) ;
#1757 = EDGE_CURVE ( 'NONE', #2104, #244, #1292, .T. ) ;
#1758 = DIRECTION ( 'NONE',  ( 0.000000000000000000, -6.938893903907228378E-16, 1.000000000000000000 ) ) ;
#1759 = AXIS2_PLACEMENT_3D ( 'NONE', #1138, #1156, #2223 ) ;
#1760 = PLANE ( 'NONE',  #2530 ) ;
#1761 = ORIENTED_EDGE ( 'NONE', *, *, #1252, .F. ) ;
#1762 = AXIS2_PLACEMENT_3D ( 'NONE', #3142, #1231, #745 ) ;
#1763 = FACE_BOUND ( 'NONE', #856, .T. ) ;
#1764 = EDGE_LOOP ( 'NONE', ( #3085, #3026, #1591, #2703, #420, #2135, #2678 ) ) ;
#1765 = ORIENTED_EDGE ( 'NONE', *, *, #2852, .T. ) ;
#1766 = DIRECTION ( 'NONE',  ( 0.000000000000000000, 0.000000000000000000, 1.000000000000000000 ) ) ;
#1767 = EDGE_CURVE ( 'NONE', #2875, #3213, #2876, .T. ) ;
#1768 = LINE ( 'NONE', #2853, #1139 ) ;
#1769 = ADVANCED_FACE ( 'NONE', ( #1571 ), #766, .T. ) ;
#1770 = CARTESIAN_POINT ( 'NONE',  ( 6.000000000000000000, -12.24999927169117697, -18.87149398043249704 ) ) ;
#1771 = LINE ( 'NONE', #1431, #94 ) ;
#1772 = CARTESIAN_POINT ( 'NONE',  ( 1.000000000000000888, -12.24999927169117697, -18.87149398043249704 ) ) ;
#1773 = DIRECTION ( 'NONE',  ( 0.000000000000000000, 0.000000000000000000, -1.000000000000000000 ) ) ;
#1774 = DIRECTION ( 'NONE',  ( 0.000000000000000000, -1.000000000000000000, 5.940833821838381710E-17 ) ) ;
#1775 = LINE ( 'NONE', #100, #40 ) ;
#1776 = ORIENTED_EDGE ( 'NONE', *, *, #884, .F. ) ;
#1777 = EDGE_CURVE ( 'NONE', #2650, #2066, #1745, .T. ) ;
#1778 = DIRECTION ( 'NONE',  ( -0.000000000000000000, 0.000000000000000000, -1.000000000000000000 ) ) ;
#1779 = ORIENTED_EDGE ( 'NONE', *, *, #2252, .T. ) ;
#1780 = ORIENTED_EDGE ( 'NONE', *, *, #17, .T. ) ;
#1781 = ADVANCED_FACE ( 'NONE', ( #465 ), #696, .T. ) ;
#1782 = DIRECTION ( 'NONE',  ( 0.000000000000000000, 1.000000000000000000, 0.000000000000000000 ) ) ;
#1783 = LINE ( 'NONE', #2049, #3130 ) ;
#1784 = ORIENTED_EDGE ( 'NONE', *, *, #487, .F. ) ;
#1785 = CARTESIAN_POINT ( 'NONE',  ( -19.00000000000000355, 21.25000000000000355, -21.79999999999998650 ) ) ;
#1786 = DIRECTION ( 'NONE',  ( 0.000000000000000000, -1.000000000000000000, 5.940833821838381710E-17 ) ) ;
#1787 = DIRECTION ( 'NONE',  ( 0.000000000000000000, -1.000000000000000000, 0.000000000000000000 ) ) ;
#1788 = LINE ( 'NONE', #2927, #1076 ) ;
#1789 = AXIS2_PLACEMENT_3D ( 'NONE', #364, #99, #2574 ) ;
#1790 = CARTESIAN_POINT ( 'NONE',  ( 1.000000000000000000, -9.928067277245252953, -19.47864454921125699 ) ) ;
#1791 = CARTESIAN_POINT ( 'NONE',  ( 7.000000000000000000, -30.49999999999999289, -21.79999999999998650 ) ) ;
#1792 = EDGE_LOOP ( 'NONE', ( #2815, #1568, #365, #2292 ) ) ;
#1793 = AXIS2_PLACEMENT_3D ( 'NONE', #2426, #1075, #2163 ) ;
#1794 = AXIS2_PLACEMENT_3D ( 'NONE', #716, #467, #451 ) ;
#1795 = LINE ( 'NONE', #3439, #1010 ) ;
#1796 = VERTEX_POINT ( 'NONE', #500 ) ;
#1797 = ADVANCED_FACE ( 'NONE', ( #1595 ), #158, .F. ) ;
#1798 = EDGE_LOOP ( 'NONE', ( #1569, #283, #1179, #773, #3143, #1304 ) ) ;
#1799 = CARTESIAN_POINT ( 'NONE',  ( 1.000000000000000000, -1.499999999999994449, 35.60000000000001563 ) ) ;
#1800 = VECTOR ( 'NONE', #1001, 1000.000000000000000 ) ;
#1801 = EDGE_LOOP ( 'NONE', ( #2121, #1838, #1145, #3376, #457, #1507, #116, #295, #2496, #1776, #3163, #2615, #1655, #2110, #1993, #2463, #747, #1422, #2545, #3429, #1309, #2161, #3459, #759, #2709, #3081, #2633, #3497, #2372, #2208, #2594, #1287, #2367, #318, #2668, #1645, #2565, #333 ) ) ;
#1802 = EDGE_LOOP ( 'NONE', ( #1411, #2195, #1269, #184 ) ) ;
#1803 = ORIENTED_EDGE ( 'NONE', *, *, #54, .F. ) ;
#1804 = VECTOR ( 'NONE', #2824, 1000.000000000000000 ) ;
#1805 = LINE ( 'NONE', #2585, #1743 ) ;
#1806 = LINE ( 'NONE', #840, #1509 ) ;
#1807 = EDGE_CURVE ( 'NONE', #187, #3034, #1806, .T. ) ;
#1808 = DIRECTION ( 'NONE',  ( 1.000000000000000000, -0.000000000000000000, 0.000000000000000000 ) ) ;
#1809 = CIRCLE ( 'NONE', #2944, 2.399999999999999467 ) ;
#1810 = DIRECTION ( 'NONE',  ( 0.000000000000000000, 0.000000000000000000, -1.000000000000000000 ) ) ;
#1811 = DIRECTION ( 'NONE',  ( 0.000000000000000000, -1.000000000000000000, -0.000000000000000000 ) ) ;
#1812 = EDGE_CURVE ( 'NONE', #225, #724, #1913, .T. ) ;
#1813 = EDGE_CURVE ( 'NONE', #3156, #1747, #2411, .T. ) ;
#1814 = DIRECTION ( 'NONE',  ( 1.000000000000000000, 0.000000000000000000, 0.000000000000000000 ) ) ;
#1815 = EDGE_LOOP ( 'NONE', ( #3250, #2329, #2387, #1170 ) ) ;
#1816 = DIRECTION ( 'NONE',  ( 0.000000000000000000, 0.000000000000000000, 1.000000000000000000 ) ) ;
#1817 = AXIS2_PLACEMENT_3D ( 'NONE', #2773, #1190, #683 ) ;
#1818 = ORIENTED_EDGE ( 'NONE', *, *, #844, .T. ) ;
#1819 = ORIENTED_EDGE ( 'NONE', *, *, #2788, .T. ) ;
#1820 = CARTESIAN_POINT ( 'NONE',  ( -5.954748607317418951, 13.75000000000001243, -21.79999999999998650 ) ) ;
#1821 = EDGE_CURVE ( 'NONE', #1939, #415, #2753, .T. ) ;
#1822 = DIRECTION ( 'NONE',  ( -0.000000000000000000, 0.000000000000000000, 1.000000000000000000 ) ) ;
#1823 = ORIENTED_EDGE ( 'NONE', *, *, #151, .F. ) ;
#1824 = ORIENTED_EDGE ( 'NONE', *, *, #1744, .T. ) ;
#1825 = DIRECTION ( 'NONE',  ( 0.000000000000000000, 1.000000000000000000, 0.000000000000000000 ) ) ;
#1826 = CARTESIAN_POINT ( 'NONE',  ( 7.000000000000000000, -1.499999999999994449, 35.60000000000001563 ) ) ;
#1827 = LINE ( 'NONE', #450, #3414 ) ;
#1828 = FACE_OUTER_BOUND ( 'NONE', #2880, .T. ) ;
#1829 = DIRECTION ( 'NONE',  ( 1.000000000000000000, 0.000000000000000000, 0.000000000000000000 ) ) ;
#1830 = DIRECTION ( 'NONE',  ( -1.000000000000000000, -0.000000000000000000, -0.000000000000000000 ) ) ;
#1831 = VERTEX_POINT ( 'NONE', #3506 ) ;
#1832 = CARTESIAN_POINT ( 'NONE',  ( 0.000000000000000000, 0.000000000000000000, 0.000000000000000000 ) ) ;
#1833 = EDGE_LOOP ( 'NONE', ( #210, #1250 ) ) ;
#1834 = VERTEX_POINT ( 'NONE', #3312 ) ;
#1835 = CYLINDRICAL_SURFACE ( 'NONE', #47, 1.100000000000000311 ) ;
#1836 = CARTESIAN_POINT ( 'NONE',  ( -88.41379982785491620, 29.19999999999999218, -20.49999999999998579 ) ) ;
#1837 = VERTEX_POINT ( 'NONE', #3543 ) ;
#1838 = ORIENTED_EDGE ( 'NONE', *, *, #3406, .F. ) ;
#1839 = DIRECTION ( 'NONE',  ( 1.000000000000000000, -0.000000000000000000, -0.000000000000000000 ) ) ;
#1840 = DIRECTION ( 'NONE',  ( 0.000000000000000000, 1.000000000000000000, -1.224646799147353207E-16 ) ) ;
#1841 = CARTESIAN_POINT ( 'NONE',  ( -19.00000000000000355, -25.70832781755656882, 21.84999999999999787 ) ) ;
#1842 = CARTESIAN_POINT ( 'NONE',  ( 0.000000000000000000, 19.11458434959374841, -20.49999999999998579 ) ) ;
#1843 = ADVANCED_FACE ( 'NONE', ( #2696 ), #272, .T. ) ;
#1844 = CARTESIAN_POINT ( 'NONE',  ( -8.485281374238574870, 10.50000000000000533, -21.27725054630192503 ) ) ;
#1845 = EDGE_CURVE ( 'NONE', #2881, #1834, #251, .T. ) ;
#1846 = PLANE ( 'NONE',  #1500 ) ;
#1847 = VERTEX_POINT ( 'NONE', #591 ) ;
#1848 = CARTESIAN_POINT ( 'NONE',  ( -14.50000000000000178, -26.19999999999999574, -7.049999999999982059 ) ) ;
#1849 = EDGE_CURVE ( 'NONE', #924, #66, #1094, .T. ) ;
#1850 = ORIENTED_EDGE ( 'NONE', *, *, #1659, .T. ) ;
#1851 = ORIENTED_EDGE ( 'NONE', *, *, #1585, .T. ) ;
#1852 = DIRECTION ( 'NONE',  ( 1.000000000000000000, 0.000000000000000000, 0.000000000000000000 ) ) ;
#1853 = DIRECTION ( 'NONE',  ( 1.000000000000000000, 0.000000000000000000, 0.000000000000000000 ) ) ;
#1854 = EDGE_LOOP ( 'NONE', ( #1742, #1300 ) ) ;
#1855 = ORIENTED_EDGE ( 'NONE', *, *, #2917, .T. ) ;
#1856 = DIRECTION ( 'NONE',  ( -1.000000000000000000, -0.000000000000000000, -0.000000000000000000 ) ) ;
#1857 = DIRECTION ( 'NONE',  ( 1.000000000000000000, 0.000000000000000000, 0.000000000000000000 ) ) ;
#1858 = FACE_OUTER_BOUND ( 'NONE', #2563, .T. ) ;
#1859 = DIRECTION ( 'NONE',  ( 1.000000000000000000, 0.000000000000000000, 0.000000000000000000 ) ) ;
#1860 = DIRECTION ( 'NONE',  ( 1.000000000000000000, 0.000000000000000000, -0.000000000000000000 ) ) ;
#1861 = VECTOR ( 'NONE', #1219, 1000.000000000000000 ) ;
#1862 = AXIS2_PLACEMENT_3D ( 'NONE', #2525, #902, #76 ) ;
#1863 = VECTOR ( 'NONE', #2814, 1000.000000000000000 ) ;
#1864 = CYLINDRICAL_SURFACE ( 'NONE', #2702, 1.099999999999996758 ) ;
#1865 = VERTEX_POINT ( 'NONE', #1111 ) ;
#1866 = AXIS2_PLACEMENT_3D ( 'NONE', #3217, #1853, #1644 ) ;
#1867 = CARTESIAN_POINT ( 'NONE',  ( 6.000000000000000000, 29.19999999999999929, 40.90000000000001279 ) ) ;
#1868 = ORIENTED_EDGE ( 'NONE', *, *, #126, .F. ) ;
#1869 = ORIENTED_EDGE ( 'NONE', *, *, #2326, .F. ) ;
#1870 = PLANE ( 'NONE',  #1136 ) ;
#1871 = AXIS2_PLACEMENT_3D ( 'NONE', #767, #503, #2681 ) ;
#1872 = DIRECTION ( 'NONE',  ( 0.000000000000000000, -1.000000000000000000, -2.668805347656628059E-15 ) ) ;
#1873 = ORIENTED_EDGE ( 'NONE', *, *, #1293, .F. ) ;
#1874 = VERTEX_POINT ( 'NONE', #1379 ) ;
#1875 = LINE ( 'NONE', #2962, #1967 ) ;
#1876 = AXIS2_PLACEMENT_3D ( 'NONE', #3053, #3313, #2821 ) ;
#1877 = DIRECTION ( 'NONE',  ( 1.000000000000000000, 0.000000000000000000, 0.000000000000000000 ) ) ;
#1878 = EDGE_CURVE ( 'NONE', #2162, #892, #2964, .T. ) ;
#1879 = DIRECTION ( 'NONE',  ( -0.000000000000000000, -1.695169520498508698E-16, 1.000000000000000000 ) ) ;
#1880 = DIRECTION ( 'NONE',  ( 1.000000000000000000, 0.000000000000000000, 0.000000000000000000 ) ) ;
#1881 = LINE ( 'NONE', #2468, #3518 ) ;
#1882 = CARTESIAN_POINT ( 'NONE',  ( 4.831942520814398456, -15.82961002512138471, -19.38845944516290487 ) ) ;
#1883 = ORIENTED_EDGE ( 'NONE', *, *, #692, .T. ) ;
#1884 = EDGE_CURVE ( 'NONE', #3466, #3423, #1057, .T. ) ;
#1885 = PLANE ( 'NONE',  #494 ) ;
#1886 = ORIENTED_EDGE ( 'NONE', *, *, #3216, .T. ) ;
#1887 = VERTEX_POINT ( 'NONE', #519 ) ;
#1888 = ADVANCED_FACE ( 'NONE', ( #2738 ), #2465, .F. ) ;
#1889 = EDGE_CURVE ( 'NONE', #599, #1939, #804, .T. ) ;
#1890 = LINE ( 'NONE', #213, #2379 ) ;
#1891 = EDGE_LOOP ( 'NONE', ( #936, #312 ) ) ;
#1892 = ADVANCED_FACE ( 'NONE', ( #1933 ), #2213, .T. ) ;
#1893 = VERTEX_POINT ( 'NONE', #1895 ) ;
#1894 = LINE ( 'NONE', #1626, #3169 ) ;
#1895 = CARTESIAN_POINT ( 'NONE',  ( 0.000000000000000000, 29.19999999999999929, 40.90000000000001279 ) ) ;
#1896 = CARTESIAN_POINT ( 'NONE',  ( -19.00000000000000711, -32.20000000000000284, -7.049999999999984723 ) ) ;
#1897 = FACE_OUTER_BOUND ( 'NONE', #2330, .T. ) ;
#1898 = CARTESIAN_POINT ( 'NONE',  ( 0.000000000000000000, -3.585415650406243770, -20.49999999999998224 ) ) ;
#1899 = ADVANCED_BREP_SHAPE_REPRESENTATION ( 'Top_Cover', ( #3209, #3065 ), #3123 ) ;
#1900 = DIRECTION ( 'NONE',  ( -1.000000000000000000, -0.000000000000000000, -0.000000000000000000 ) ) ;
#1901 = EDGE_LOOP ( 'NONE', ( #2991, #2939, #602, #2932 ) ) ;
#1902 = CARTESIAN_POINT ( 'NONE',  ( 0.000000000000000000, -8.999999999999987566, -21.79999999999998650 ) ) ;
#1903 = ORIENTED_EDGE ( 'NONE', *, *, #29, .F. ) ;
#1904 = ORIENTED_EDGE ( 'NONE', *, *, #2719, .F. ) ;
#1905 = VECTOR ( 'NONE', #307, 1000.000000000000000 ) ;
#1906 = VECTOR ( 'NONE', #896, 1000.000000000000000 ) ;
#1907 = VECTOR ( 'NONE', #2096, 1000.000000000000000 ) ;
#1908 = ADVANCED_FACE ( 'NONE', ( #2979 ), #3037, .F. ) ;
#1909 = DIRECTION ( 'NONE',  ( 0.000000000000000000, 0.000000000000000000, -1.000000000000000000 ) ) ;
#1910 = VERTEX_POINT ( 'NONE', #302 ) ;
#1911 = ORIENTED_EDGE ( 'NONE', *, *, #1243, .T. ) ;
#1912 = CARTESIAN_POINT ( 'NONE',  ( -19.00000000000000355, -25.70832781755655105, 9.650000000000019895 ) ) ;
#1913 = LINE ( 'NONE', #2481, #1230 ) ;
#1914 = AXIS2_PLACEMENT_3D ( 'NONE', #1130, #3273, #1608 ) ;
#1915 = DIRECTION ( 'NONE',  ( 1.000000000000000000, -0.000000000000000000, 0.000000000000000000 ) ) ;
#1916 = DIRECTION ( 'NONE',  ( 1.000000000000000000, -0.000000000000000000, -0.000000000000000000 ) ) ;
#1917 = PLANE ( 'NONE',  #2429 ) ;
#1918 = AXIS2_PLACEMENT_3D ( 'NONE', #3068, #3424, #2564 ) ;
#1919 = CARTESIAN_POINT ( 'NONE',  ( 5.711046116181699439, 5.822325252184135103, -19.32947214619813181 ) ) ;
#1920 = VERTEX_POINT ( 'NONE', #1363 ) ;
#1921 = CIRCLE ( 'NONE', #205, 2.399999999999999467 ) ;
#1922 = AXIS2_PLACEMENT_3D ( 'NONE', #899, #1233, #1731 ) ;
#1923 = EDGE_CURVE ( 'NONE', #106, #479, #3054, .T. ) ;
#1924 = LINE ( 'NONE', #1386, #2884 ) ;
#1925 = EDGE_LOOP ( 'NONE', ( #2938, #2281, #3441, #1657 ) ) ;
#1926 = EDGE_LOOP ( 'NONE', ( #337, #44, #2207, #3430, #1351, #1504, #3124 ) ) ;
#1927 = VECTOR ( 'NONE', #3121, 1000.000000000000000 ) ;
#1928 = AXIS2_PLACEMENT_3D ( 'NONE', #1340, #2461, #1072 ) ;
#1929 = DIRECTION ( 'NONE',  ( 0.000000000000000000, 0.000000000000000000, 1.000000000000000000 ) ) ;
#1930 = ORIENTED_EDGE ( 'NONE', *, *, #1371, .F. ) ;
#1931 = ORIENTED_EDGE ( 'NONE', *, *, #587, .F. ) ;
#1932 = DIRECTION ( 'NONE',  ( -1.000000000000000000, 0.000000000000000000, 0.000000000000000000 ) ) ;
#1933 = FACE_OUTER_BOUND ( 'NONE', #284, .T. ) ;
#1934 = VECTOR ( 'NONE', #495, 1000.000000000000000 ) ;
#1935 = LINE ( 'NONE', #3021, #795 ) ;
#1936 = CARTESIAN_POINT ( 'NONE',  ( -19.00000000000000355, -25.70832781755651908, -11.54999999999998472 ) ) ;
#1937 = CARTESIAN_POINT ( 'NONE',  ( 0.000000000000000000, 0.000000000000000000, -21.79999999999998650 ) ) ;
#1938 = CARTESIAN_POINT ( 'NONE',  ( 0.000000000000000000, -14.99999999999999289, -21.79999999999998650 ) ) ;
#1939 = VERTEX_POINT ( 'NONE', #1664 ) ;
#1940 = DIRECTION ( 'NONE',  ( 1.000000000000000000, 0.000000000000000000, -0.000000000000000000 ) ) ;
#1941 = CARTESIAN_POINT ( 'NONE',  ( -88.41379982785491620, 29.19999999999999929, 40.90000000000001279 ) ) ;
#1942 = ORIENTED_EDGE ( 'NONE', *, *, #128, .T. ) ;
#1943 = ORIENTED_EDGE ( 'NONE', *, *, #1884, .T. ) ;
#1944 = ORIENTED_EDGE ( 'NONE', *, *, #528, .F. ) ;
#1945 = ORIENTED_EDGE ( 'NONE', *, *, #2422, .F. ) ;
#1946 = PLANE ( 'NONE',  #376 ) ;
#1947 = DIRECTION ( 'NONE',  ( 0.000000000000000000, -0.000000000000000000, -1.000000000000000000 ) ) ;
#1948 = ADVANCED_FACE ( 'NONE', ( #1329 ), #3239, .F. ) ;
#1949 = FILL_AREA_STYLE_COLOUR ( '', #2218 ) ;
#1950 = LINE ( 'NONE', #1097, #651 ) ;
#1951 = DIRECTION ( 'NONE',  ( 1.000000000000000000, 0.000000000000000000, -0.000000000000000000 ) ) ;
#1952 = FACE_OUTER_BOUND ( 'NONE', #1030, .T. ) ;
#1953 = EDGE_CURVE ( 'NONE', #1400, #2174, #2231, .T. ) ;
#1954 = ORIENTED_EDGE ( 'NONE', *, *, #2290, .F. ) ;
#1955 = PLANE ( 'NONE',  #1306 ) ;
#1956 = CARTESIAN_POINT ( 'NONE',  ( -8.485281374238574870, -12.24999927169117697, -18.87149398043249704 ) ) ;
#1957 = VERTEX_POINT ( 'NONE', #1413 ) ;
#1958 = CARTESIAN_POINT ( 'NONE',  ( 4.782564878987606960, 14.03213395460678470, -19.30234258529101510 ) ) ;
#1959 = ADVANCED_FACE ( 'NONE', ( #1964 ), #605, .T. ) ;
#1960 = ORIENTED_EDGE ( 'NONE', *, *, #2477, .F. ) ;
#1961 = AXIS2_PLACEMENT_3D ( 'NONE', #1157, #3097, #1488 ) ;
#1962 = VERTEX_POINT ( 'NONE', #53 ) ;
#1963 = CARTESIAN_POINT ( 'NONE',  ( -17.50000000000000000, -26.20000000000000284, 9.650000000000019895 ) ) ;
#1964 = FACE_OUTER_BOUND ( 'NONE', #2736, .T. ) ;
#1965 = CARTESIAN_POINT ( 'NONE',  ( 0.000000000000000000, 29.19999999999999218, -20.49999999999998579 ) ) ;
#1966 = FACE_OUTER_BOUND ( 'NONE', #369, .T. ) ;
#1967 = VECTOR ( 'NONE', #518, 1000.000000000000000 ) ;
#1968 = CARTESIAN_POINT ( 'NONE',  ( 0.000000000000000000, -30.49999999999999645, -1.472366093046240110 ) ) ;
#1969 = CYLINDRICAL_SURFACE ( 'NONE', #1540, 9.999999999999998224 ) ;
#1970 = ORIENTED_EDGE ( 'NONE', *, *, #2217, .F. ) ;
#1971 = CARTESIAN_POINT ( 'NONE',  ( 0.000000000000000000, 7.616980938942851331, -19.70682941149867062 ) ) ;
#1972 = VECTOR ( 'NONE', #2128, 1000.000000000000000 ) ;
#1973 = DIRECTION ( 'NONE',  ( 0.000000000000000000, -1.000000000000000000, 5.940833821838381710E-17 ) ) ;
#1974 = ORIENTED_EDGE ( 'NONE', *, *, #3334, .T. ) ;
#1975 = CIRCLE ( 'NONE', #432, 1.099999999999996758 ) ;
#1976 = CARTESIAN_POINT ( 'NONE',  ( 0.000000000000000000, 14.12971002403926413, 31.38237902200329543 ) ) ;
#1977 = AXIS2_PLACEMENT_3D ( 'NONE', #2857, #2302, #1501 ) ;
#1978 = AXIS2_PLACEMENT_3D ( 'NONE', #384, #2293, #1244 ) ;
#1979 = EDGE_LOOP ( 'NONE', ( #1995, #1474, #1713, #1693 ) ) ;
#1980 = VERTEX_POINT ( 'NONE', #1148 ) ;
#1981 = PLANE ( 'NONE',  #84 ) ;
#1982 = CARTESIAN_POINT ( 'NONE',  ( 5.976627852770886484, -6.864584349593727985, -20.49999999999998224 ) ) ;
#1983 = VECTOR ( 'NONE', #1558, 1000.000000000000000 ) ;
#1984 = DIRECTION ( 'NONE',  ( 0.000000000000000000, -1.000000000000000000, 0.000000000000000000 ) ) ;
#1985 = CARTESIAN_POINT ( 'NONE',  ( 0.000000000000000000, 22.75000000000000711, -21.79999999999998650 ) ) ;
#1986 = EDGE_CURVE ( 'NONE', #1103, #1837, #2834, .T. ) ;
#1987 = VECTOR ( 'NONE', #3131, 1000.000000000000000 ) ;
#1988 = LINE ( 'NONE', #3078, #2617 ) ;
#1989 = VERTEX_POINT ( 'NONE', #1440 ) ;
#1990 = LINE ( 'NONE', #3083, #1407 ) ;
#1991 = CIRCLE ( 'NONE', #2611, 1.500000000000001332 ) ;
#1992 = LINE ( 'NONE', #3370, #3102 ) ;
#1993 = ORIENTED_EDGE ( 'NONE', *, *, #128, .F. ) ;
#1994 = FACE_OUTER_BOUND ( 'NONE', #3064, .T. ) ;
#1995 = ORIENTED_EDGE ( 'NONE', *, *, #1385, .F. ) ;
#1996 = EDGE_CURVE ( 'NONE', #2506, #1038, #3387, .T. ) ;
#1997 = ORIENTED_EDGE ( 'NONE', *, *, #640, .T. ) ;
#1998 = LINE ( 'NONE', #1714, #2657 ) ;
#1999 = ADVANCED_FACE ( 'NONE', ( #1994 ), #1505, .T. ) ;
#2000 = PRESENTATION_STYLE_ASSIGNMENT (( #1163 ) ) ;
#2001 = CARTESIAN_POINT ( 'NONE',  ( -19.00000000000000355, 0.000000000000000000, 0.000000000000000000 ) ) ;
#2002 = DIRECTION ( 'NONE',  ( 1.000000000000000000, -0.000000000000000000, -0.000000000000000000 ) ) ;
#2003 = CARTESIAN_POINT ( 'NONE',  ( -23.68401537145216196, -29.19999999999999929, -11.54999999999998117 ) ) ;
#2004 = ORIENTED_EDGE ( 'NONE', *, *, #1889, .T. ) ;
#2005 = DIRECTION ( 'NONE',  ( 0.000000000000000000, -1.084202172485504434E-16, 1.000000000000000000 ) ) ;
#2006 = CARTESIAN_POINT ( 'NONE',  ( 7.000000000000000888, 4.750000000000007105, -21.79999999999998650 ) ) ;
#2007 = ORIENTED_EDGE ( 'NONE', *, *, #1548, .F. ) ;
#2008 = PLANE ( 'NONE',  #2777 ) ;
#2009 = VERTEX_POINT ( 'NONE', #1976 ) ;
#2010 = VERTEX_POINT ( 'NONE', #132 ) ;
#2011 = CARTESIAN_POINT ( 'NONE',  ( -19.00000000000000355, -30.50000000000000000, 5.150000000000008349 ) ) ;
#2012 = ADVANCED_FACE ( 'NONE', ( #104 ), #621, .F. ) ;
#2013 = DIRECTION ( 'NONE',  ( -1.000000000000000000, 0.000000000000000000, 0.000000000000000000 ) ) ;
#2014 = DIRECTION ( 'NONE',  ( 0.000000000000000000, 0.000000000000000000, 1.000000000000000000 ) ) ;
#2015 = DIRECTION ( 'NONE',  ( 1.000000000000000000, -0.000000000000000000, 0.000000000000000000 ) ) ;
#2016 = VECTOR ( 'NONE', #2845, 1000.000000000000000 ) ;
#2017 = CARTESIAN_POINT ( 'NONE',  ( 7.000000000000000000, -32.20000000000000284, 5.150000000000007461 ) ) ;
#2018 = LINE ( 'NONE', #3112, #1520 ) ;
#2019 = FACE_OUTER_BOUND ( 'NONE', #1592, .T. ) ;
#2020 = DIRECTION ( 'NONE',  ( -1.000000000000000000, 0.000000000000000000, -0.000000000000000000 ) ) ;
#2021 = EDGE_LOOP ( 'NONE', ( #3103, #1726, #3284, #2078 ) ) ;
#2022 = VECTOR ( 'NONE', #1186, 1000.000000000000000 ) ;
#2023 = ADVANCED_FACE ( 'NONE', ( #402 ), #3086, .T. ) ;
#2024 = EDGE_CURVE ( 'NONE', #924, #1624, #2598, .T. ) ;
#2025 = CARTESIAN_POINT ( 'NONE',  ( 6.000000000000000000, 0.8433204817967573375, 40.90000000000001990 ) ) ;
#2026 = ORIENTED_EDGE ( 'NONE', *, *, #873, .T. ) ;
#2027 = ORIENTED_EDGE ( 'NONE', *, *, #990, .F. ) ;
#2028 = DIRECTION ( 'NONE',  ( 1.000000000000000000, -0.000000000000000000, -0.000000000000000000 ) ) ;
#2029 = CIRCLE ( 'NONE', #3001, 2.499999999999995115 ) ;
#2030 = AXIS2_PLACEMENT_3D ( 'NONE', #1116, #1653, #846 ) ;
#2031 = VECTOR ( 'NONE', #24, 1000.000000000000000 ) ;
#2032 = FACE_OUTER_BOUND ( 'NONE', #3089, .T. ) ;
#2033 = LINE ( 'NONE', #2569, #658 ) ;
#2034 = DIRECTION ( 'NONE',  ( 0.000000000000000000, -1.000000000000000000, 0.000000000000000000 ) ) ;
#2035 = CIRCLE ( 'NONE', #2155, 9.999999999999998224 ) ;
#2036 = CARTESIAN_POINT ( 'NONE',  ( 2.999999999999999112, -1.499999999999994005, 38.60000000000001563 ) ) ;
#2037 = ADVANCED_FACE ( 'NONE', ( #2797 ), #148, .F. ) ;
#2038 = LINE ( 'NONE', #2794, #3061 ) ;
#2039 = VECTOR ( 'NONE', #2284, 1000.000000000000000 ) ;
#2040 = VECTOR ( 'NONE', #1339, 1000.000000000000000 ) ;
#2041 = CYLINDRICAL_SURFACE ( 'NONE', #648, 1.499999999999994449 ) ;
#2042 = DIRECTION ( 'NONE',  ( 1.000000000000000000, 0.000000000000000000, 0.000000000000000000 ) ) ;
#2043 = ORIENTED_EDGE ( 'NONE', *, *, #587, .T. ) ;
#2044 = AXIS2_PLACEMENT_3D ( 'NONE', #3428, #1534, #1268 ) ;
#2045 = CARTESIAN_POINT ( 'NONE',  ( 1.000000000000000000, -1.499999999999994449, 35.60000000000001563 ) ) ;
#2046 = EDGE_LOOP ( 'NONE', ( #3408, #585, #2566, #2796 ) ) ;
#2047 = VERTEX_POINT ( 'NONE', #83 ) ;
#2048 = PLANE ( 'NONE',  #848 ) ;
#2049 = CARTESIAN_POINT ( 'NONE',  ( 1.499999999999998668, -15.13096625971140519, -19.70817146545145704 ) ) ;
#2050 = DIRECTION ( 'NONE',  ( 1.000000000000000000, 0.000000000000000000, 0.000000000000000000 ) ) ;
#2051 = DIRECTION ( 'NONE',  ( 1.000000000000000000, -0.000000000000000000, -0.000000000000000000 ) ) ;
#2052 = ADVANCED_FACE ( 'NONE', ( #1457 ), #2263, .F. ) ;
#2053 = FACE_OUTER_BOUND ( 'NONE', #867, .T. ) ;
#2054 = FACE_OUTER_BOUND ( 'NONE', #2436, .T. ) ;
#2055 = CARTESIAN_POINT ( 'NONE',  ( -8.485281374238574870, -12.24999927169117697, -18.87149398043249704 ) ) ;
#2056 = EDGE_CURVE ( 'NONE', #2089, #1624, #1491, .T. ) ;
#2057 = CARTESIAN_POINT ( 'NONE',  ( 0.000000000000000000, 0.05000000000001530998, -21.79999999999998650 ) ) ;
#2058 =( NAMED_UNIT ( * ) PLANE_ANGLE_UNIT ( ) SI_UNIT ( $, .RADIAN. ) );
#2059 = EDGE_LOOP ( 'NONE', ( #2806, #133 ) ) ;
#2060 = CARTESIAN_POINT ( 'NONE',  ( 6.000000000000000000, 16.27639024049818417, -20.49999999999998579 ) ) ;
#2061 = ORIENTED_EDGE ( 'NONE', *, *, #1953, .F. ) ;
#2062 = EDGE_LOOP ( 'NONE', ( #3521, #2888, #1512, #3515 ) ) ;
#2063 = CARTESIAN_POINT ( 'NONE',  ( -19.00000000000000711, -12.24999927169117697, -18.87149398043249704 ) ) ;
#2064 = EDGE_CURVE ( 'NONE', #3246, #650, #1316, .T. ) ;
#2065 = CARTESIAN_POINT ( 'NONE',  ( -88.41379982785491620, 29.19999999999999218, -20.49999999999998579 ) ) ;
#2066 = VERTEX_POINT ( 'NONE', #2328 ) ;
#2067 = ORIENTED_EDGE ( 'NONE', *, *, #2112, .T. ) ;
#2068 = DIRECTION ( 'NONE',  ( 1.000000000000000000, 0.000000000000000000, -0.000000000000000000 ) ) ;
#2069 = CARTESIAN_POINT ( 'NONE',  ( -14.50000000000000178, -26.20000000000000284, 26.35000000000000497 ) ) ;
#2070 = EDGE_CURVE ( 'NONE', #2421, #2173, #1070, .T. ) ;
#2071 = EDGE_CURVE ( 'NONE', #892, #2393, #3358, .T. ) ;
#2072 = DIRECTION ( 'NONE',  ( -0.000000000000000000, -0.000000000000000000, 1.000000000000000000 ) ) ;
#2073 = AXIS2_PLACEMENT_3D ( 'NONE', #434, #1560, #471 ) ;
#2074 = CARTESIAN_POINT ( 'NONE',  ( 7.000000000000000888, -10.49999999999999289, -21.79999999999998650 ) ) ;
#2075 = AXIS2_PLACEMENT_3D ( 'NONE', #3055, #1730, #1150 ) ;
#2076 = AXIS2_PLACEMENT_3D ( 'NONE', #182, #1005, #983 ) ;
#2077 = DIRECTION ( 'NONE',  ( 1.000000000000000000, -0.000000000000000000, -0.000000000000000000 ) ) ;
#2078 = ORIENTED_EDGE ( 'NONE', *, *, #126, .T. ) ;
#2079 = EDGE_CURVE ( 'NONE', #2902, #1146, #3373, .T. ) ;
#2080 = CIRCLE ( 'NONE', #708, 1.100000000000000311 ) ;
#2081 = VECTOR ( 'NONE', #1295, 1000.000000000000000 ) ;
#2082 = LINE ( 'NONE', #3212, #3120 ) ;
#2083 = ORIENTED_EDGE ( 'NONE', *, *, #1594, .T. ) ;
#2084 = ORIENTED_EDGE ( 'NONE', *, *, #681, .T. ) ;
#2085 = LINE ( 'NONE', #421, #664 ) ;
#2086 = AXIS2_PLACEMENT_3D ( 'NONE', #2092, #2113, #178 ) ;
#2087 = DIRECTION ( 'NONE',  ( 0.000000000000000000, -1.000000000000000000, 5.940833821838381710E-17 ) ) ;
#2088 = ORIENTED_EDGE ( 'NONE', *, *, #3287, .F. ) ;
#2089 = VERTEX_POINT ( 'NONE', #955 ) ;
#2090 = VECTOR ( 'NONE', #2639, 1000.000000000000000 ) ;
#2091 = CARTESIAN_POINT ( 'NONE',  ( 6.000000000000000000, -12.24999927169117697, -21.27149398043249917 ) ) ;
#2092 = CARTESIAN_POINT ( 'NONE',  ( 1.000000000000000888, 10.50000000000000533, -18.87725054630192645 ) ) ;
#2093 = CARTESIAN_POINT ( 'NONE',  ( -19.00000000000000355, -32.20000000000000284, 26.35000000000001208 ) ) ;
#2094 = AXIS2_PLACEMENT_3D ( 'NONE', #367, #908, #935 ) ;
#2095 = CARTESIAN_POINT ( 'NONE',  ( 0.000000000000000000, -29.20000000000000284, 40.90000000000001279 ) ) ;
#2096 = DIRECTION ( 'NONE',  ( 1.000000000000000000, 0.000000000000000000, 0.000000000000000000 ) ) ;
#2097 = DIRECTION ( 'NONE',  ( 0.000000000000000000, 0.000000000000000000, -1.000000000000000000 ) ) ;
#2098 = B_SPLINE_CURVE_WITH_KNOTS ( 'NONE', 3,
 ( #2854, #193, #1496, #2394, #2659, #712 ),
 .UNSPECIFIED., .F., .F.,
 ( 4, 2, 4 ),
 ( 0.002813691067800841439, 0.004220536601701255219, 0.005627382135601669867 ),
 .UNSPECIFIED. ) ;
#2099 = ADVANCED_FACE ( 'NONE', ( #3100, #1763, #2848, #1226, #1746 ), #2008, .T. ) ;
#2100 = ORIENTED_EDGE ( 'NONE', *, *, #412, .T. ) ;
#2101 = AXIS2_PLACEMENT_3D ( 'NONE', #1237, #2320, #698 ) ;
#2102 = DIRECTION ( 'NONE',  ( 1.000000000000000000, 0.000000000000000000, 0.000000000000000000 ) ) ;
#2103 = VECTOR ( 'NONE', #1787, 1000.000000000000000 ) ;
#2104 = VERTEX_POINT ( 'NONE', #3176 ) ;
#2105 = VERTEX_POINT ( 'NONE', #1280 ) ;
#2106 = CYLINDRICAL_SURFACE ( 'NONE', #220, 2.499999999999995115 ) ;
#2107 = EDGE_CURVE ( 'NONE', #3263, #924, #756, .T. ) ;
#2108 = CARTESIAN_POINT ( 'NONE',  ( 0.000000000000000000, -29.19999999999999929, 26.35000000000001208 ) ) ;
#2109 = ORIENTED_EDGE ( 'NONE', *, *, #1293, .T. ) ;
#2110 = ORIENTED_EDGE ( 'NONE', *, *, #3490, .F. ) ;
#2111 = DIRECTION ( 'NONE',  ( 0.000000000000000000, 0.000000000000000000, -1.000000000000000000 ) ) ;
#2112 = EDGE_CURVE ( 'NONE', #3512, #1210, #2434, .T. ) ;
#2113 = DIRECTION ( 'NONE',  ( -1.000000000000000000, 0.000000000000000000, 0.000000000000000000 ) ) ;
#2114 = LINE ( 'NONE', #1556, #334 ) ;
#2115 = DIRECTION ( 'NONE',  ( -0.000000000000000000, -2.668805347656614254E-15, -1.000000000000000000 ) ) ;
#2116 = CARTESIAN_POINT ( 'NONE',  ( 7.000000000000000000, -30.50000000000000000, 42.20000000000001705 ) ) ;
#2117 = EDGE_CURVE ( 'NONE', #1602, #261, #1521, .T. ) ;
#2118 = CARTESIAN_POINT ( 'NONE',  ( -8.485281374238574870, 10.50000000000000533, -18.87725054630192645 ) ) ;
#2119 = ORIENTED_EDGE ( 'NONE', *, *, #1142, .T. ) ;
#2120 = CARTESIAN_POINT ( 'NONE',  ( 7.000000000000000000, -1.499999999999994449, 35.60000000000001563 ) ) ;
#2121 = ORIENTED_EDGE ( 'NONE', *, *, #2553, .F. ) ;
#2122 = EDGE_LOOP ( 'NONE', ( #1492, #175, #2350, #1191 ) ) ;
#2123 = CARTESIAN_POINT ( 'NONE',  ( -17.50000000000000000, -25.70832781755654395, 5.150000000000008349 ) ) ;
#2124 = LINE ( 'NONE', #2959, #1696 ) ;
#2125 = ORIENTED_EDGE ( 'NONE', *, *, #1499, .F. ) ;
#2126 = ORIENTED_EDGE ( 'NONE', *, *, #2326, .T. ) ;
#2127 = DIRECTION ( 'NONE',  ( -0.000000000000000000, 1.000000000000000000, -2.668805347656628059E-15 ) ) ;
#2128 = DIRECTION ( 'NONE',  ( 1.000000000000000000, -0.000000000000000000, -0.000000000000000000 ) ) ;
#2129 = FACE_OUTER_BOUND ( 'NONE', #3360, .T. ) ;
#2130 = CARTESIAN_POINT ( 'NONE',  ( 6.999999999999999112, -32.20000000000000284, 26.35000000000000853 ) ) ;
#2131 = CARTESIAN_POINT ( 'NONE',  ( -19.00000000000000355, -25.70832781755655105, 9.650000000000012790 ) ) ;
#2132 = CARTESIAN_POINT ( 'NONE',  ( 7.000000000000000888, -7.499999999999984013, -21.79999999999998650 ) ) ;
#2133 = ORIENTED_EDGE ( 'NONE', *, *, #1615, .T. ) ;
#2134 = CARTESIAN_POINT ( 'NONE',  ( -5.954748607317418951, 11.61458434959375197, -20.49999999999998579 ) ) ;
#2135 = ORIENTED_EDGE ( 'NONE', *, *, #2510, .T. ) ;
#2136 = EDGE_CURVE ( 'NONE', #3185, #2274, #2933, .T. ) ;
#2137 = ORIENTED_EDGE ( 'NONE', *, *, #1052, .F. ) ;
#2138 = PLANE ( 'NONE',  #2214 ) ;
#2139 = EDGE_CURVE ( 'NONE', #3196, #1606, #1563, .T. ) ;
#2140 = CARTESIAN_POINT ( 'NONE',  ( -19.00000000000000355, 11.72266117239508887, 27.49862543497017953 ) ) ;
#2141 = ORIENTED_EDGE ( 'NONE', *, *, #2749, .T. ) ;
#2142 = ORIENTED_EDGE ( 'NONE', *, *, #3535, .F. ) ;
#2143 = CARTESIAN_POINT ( 'NONE',  ( 7.000000000000000000, -32.20000000000000284, 21.85000000000000853 ) ) ;
#2144 = VECTOR ( 'NONE', #417, 1000.000000000000000 ) ;
#2145 = CARTESIAN_POINT ( 'NONE',  ( 0.000000000000000000, 10.72266117239508887, 31.38237902200329543 ) ) ;
#2146 = DIRECTION ( 'NONE',  ( 0.000000000000000000, -1.000000000000000000, 0.000000000000000000 ) ) ;
#2147 = FACE_OUTER_BOUND ( 'NONE', #1337, .T. ) ;
#2148 = DIRECTION ( 'NONE',  ( 0.000000000000000000, 0.000000000000000000, -1.000000000000000000 ) ) ;
#2149 = CIRCLE ( 'NONE', #2433, 10.00000000000000000 ) ;
#2150 = CIRCLE ( 'NONE', #1408, 2.499999999999998668 ) ;
#2151 = CARTESIAN_POINT ( 'NONE',  ( 4.508077782419441348, -15.59748047903321577, -19.46538888028099734 ) ) ;
#2152 = EDGE_CURVE ( 'NONE', #1831, #1747, #2082, .T. ) ;
#2153 = ORIENTED_EDGE ( 'NONE', *, *, #1095, .T. ) ;
#2154 = ADVANCED_FACE ( 'NONE', ( #1601 ), #774, .T. ) ;
#2155 = AXIS2_PLACEMENT_3D ( 'NONE', #3422, #2304, #3134 ) ;
#2156 = DIRECTION ( 'NONE',  ( 1.000000000000000000, 0.000000000000000000, 0.000000000000000000 ) ) ;
#2157 = ORIENTED_EDGE ( 'NONE', *, *, #2297, .T. ) ;
#2158 = CARTESIAN_POINT ( 'NONE',  ( -19.00000000000000711, -12.24999927169117697, -19.97149398043249846 ) ) ;
#2159 = VECTOR ( 'NONE', #3147, 1000.000000000000000 ) ;
#2160 = CARTESIAN_POINT ( 'NONE',  ( 7.000000000000000000, -30.50000000000000000, 42.20000000000001705 ) ) ;
#2161 = ORIENTED_EDGE ( 'NONE', *, *, #102, .F. ) ;
#2162 = VERTEX_POINT ( 'NONE', #2363 ) ;
#2163 = DIRECTION ( 'NONE',  ( 0.000000000000000000, 1.445602896647339508E-15, 1.000000000000000000 ) ) ;
#2164 = DIRECTION ( 'NONE',  ( 0.000000000000000000, 1.000000000000000000, 0.000000000000000000 ) ) ;
#2165 = LINE ( 'NONE', #786, #2386 ) ;
#2166 = CARTESIAN_POINT ( 'NONE',  ( 6.000000000000000888, 6.250000000000012434, -21.79999999999998650 ) ) ;
#2167 = DIRECTION ( 'NONE',  ( -0.000000000000000000, 1.695169520498508698E-16, -1.000000000000000000 ) ) ;
#2168 = VECTOR ( 'NONE', #2965, 1000.000000000000000 ) ;
#2169 = PLANE ( 'NONE',  #987 ) ;
#2170 = ORIENTED_EDGE ( 'NONE', *, *, #937, .T. ) ;
#2171 = EDGE_CURVE ( 'NONE', #2066, #2650, #147, .T. ) ;
#2172 = CARTESIAN_POINT ( 'NONE',  ( 1.000000000000000000, -1.499999999999994449, 35.60000000000001563 ) ) ;
#2173 = VERTEX_POINT ( 'NONE', #1320 ) ;
#2174 = VERTEX_POINT ( 'NONE', #971 ) ;
#2175 = DIRECTION ( 'NONE',  ( 1.000000000000000000, -0.000000000000000000, -0.000000000000000000 ) ) ;
#2176 = ORIENTED_EDGE ( 'NONE', *, *, #2691, .F. ) ;
#2177 = ORIENTED_EDGE ( 'NONE', *, *, #412, .F. ) ;
#2178 = CARTESIAN_POINT ( 'NONE',  ( 6.000000000000000000, -1.499999999999994449, 29.60000000000001208 ) ) ;
#2179 = CARTESIAN_POINT ( 'NONE',  ( 0.000000000000000000, -32.20000000000000284, -1.684197549492045591E-16 ) ) ;
#2180 = CARTESIAN_POINT ( 'NONE',  ( 6.000000000000000000, -1.499999999999994449, 35.60000000000001563 ) ) ;
#2181 = FACE_OUTER_BOUND ( 'NONE', #383, .T. ) ;
#2182 = EDGE_CURVE ( 'NONE', #3246, #2763, #1047, .T. ) ;
#2183 = EDGE_CURVE ( 'NONE', #63, #3542, #2581, .T. ) ;
#2184 = DIRECTION ( 'NONE',  ( 0.000000000000000000, 0.000000000000000000, -1.000000000000000000 ) ) ;
#2185 = CARTESIAN_POINT ( 'NONE',  ( -23.68401537145216196, -29.19999999999999929, 26.35000000000001208 ) ) ;
#2186 = EDGE_LOOP ( 'NONE', ( #1506, #632, #3388, #266, #2417, #1851, #3503, #1089, #3300, #511, #1278, #1618, #3059, #2459, #418, #2067, #11 ) ) ;
#2187 = LINE ( 'NONE', #282, #1691 ) ;
#2188 = VERTEX_POINT ( 'NONE', #3463 ) ;
#2189 = EDGE_CURVE ( 'NONE', #1553, #1962, #558, .T. ) ;
#2190 = EDGE_LOOP ( 'NONE', ( #3390, #2100, #1869, #554 ) ) ;
#2191 = AXIS2_PLACEMENT_3D ( 'NONE', #115, #886, #2291 ) ;
#2192 = VECTOR ( 'NONE', #2341, 1000.000000000000000 ) ;
#2193 = CARTESIAN_POINT ( 'NONE',  ( 0.000000000000000000, -16.49999999999998579, -21.79999999999998650 ) ) ;
#2194 = ORIENTED_EDGE ( 'NONE', *, *, #1878, .T. ) ;
#2195 = ORIENTED_EDGE ( 'NONE', *, *, #3526, .T. ) ;
#2196 = CARTESIAN_POINT ( 'NONE',  ( -23.68401537145216196, -29.19999999999999218, 9.650000000000016342 ) ) ;
#2197 = DIRECTION ( 'NONE',  ( 0.000000000000000000, 0.000000000000000000, -1.000000000000000000 ) ) ;
#2198 = DIRECTION ( 'NONE',  ( -1.000000000000000000, 0.000000000000000000, 0.000000000000000000 ) ) ;
#2199 = LINE ( 'NONE', #845, #442 ) ;
#2200 = CARTESIAN_POINT ( 'NONE',  ( -5.954748607317418951, -8.999999999999987566, -21.79999999999998650 ) ) ;
#2201 = AXIS2_PLACEMENT_3D ( 'NONE', #2868, #2337, #3432 ) ;
#2202 = CARTESIAN_POINT ( 'NONE',  ( 6.000000000000028422, -18.00375084866248088, -19.79245428053060962 ) ) ;
#2203 = ORIENTED_EDGE ( 'NONE', *, *, #3153, .F. ) ;
#2204 = CIRCLE ( 'NONE', #1297, 1.500000000000001332 ) ;
#2205 = CYLINDRICAL_SURFACE ( 'NONE', #1235, 2.999999999999999112 ) ;
#2206 = CARTESIAN_POINT ( 'NONE',  ( 7.000000000000000000, -30.49999999999999645, -0.4276339069537379856 ) ) ;
#2207 = ORIENTED_EDGE ( 'NONE', *, *, #733, .F. ) ;
#2208 = ORIENTED_EDGE ( 'NONE', *, *, #1878, .F. ) ;
#2209 = VECTOR ( 'NONE', #3269, 1000.000000000000000 ) ;
#2210 = ORIENTED_EDGE ( 'NONE', *, *, #3517, .T. ) ;
#2211 = ORIENTED_EDGE ( 'NONE', *, *, #1369, .T. ) ;
#2212 = CARTESIAN_POINT ( 'NONE',  ( 1.000000000000000888, -1.499999999999994449, 35.60000000000001563 ) ) ;
#2213 = PLANE ( 'NONE',  #428 ) ;
#2214 = AXIS2_PLACEMENT_3D ( 'NONE', #2775, #2237, #1604 ) ;
#2215 = EDGE_CURVE ( 'NONE', #3101, #2655, #1795, .T. ) ;
#2216 = DIRECTION ( 'NONE',  ( 0.000000000000000000, 0.000000000000000000, 1.000000000000000000 ) ) ;
#2217 = EDGE_CURVE ( 'NONE', #2047, #3512, #3197, .T. ) ;
#2218 = COLOUR_RGB ( '',0.7921568627450980005, 0.8196078431372548767, 0.9333333333333333481 ) ;
#2219 = CARTESIAN_POINT ( 'NONE',  ( -88.41379982785491620, 29.19999999999999218, -20.49999999999998579 ) ) ;
#2220 = LINE ( 'NONE', #1937, #1578 ) ;
#2221 = CARTESIAN_POINT ( 'NONE',  ( -23.68401537145216196, -40.50000000000000000, 31.92763390695375136 ) ) ;
#2222 = EDGE_LOOP ( 'NONE', ( #1886, #2229, #2747, #270 ) ) ;
#2223 = DIRECTION ( 'NONE',  ( -0.8660254037844383745, 0.5000000000000003331, 0.000000000000000000 ) ) ;
#2224 = EDGE_CURVE ( 'NONE', #577, #489, #1528, .T. ) ;
#2225 = CARTESIAN_POINT ( 'NONE',  ( -88.41379982785491620, 29.19999999999999218, -20.49999999999998579 ) ) ;
#2226 = ORIENTED_EDGE ( 'NONE', *, *, #1169, .T. ) ;
#2227 = VERTEX_POINT ( 'NONE', #2631 ) ;
#2228 = ORIENTED_EDGE ( 'NONE', *, *, #2745, .F. ) ;
#2229 = ORIENTED_EDGE ( 'NONE', *, *, #2813, .F. ) ;
#2230 = DIRECTION ( 'NONE',  ( 0.000000000000000000, 0.000000000000000000, 1.000000000000000000 ) ) ;
#2231 = LINE ( 'NONE', #3327, #1002 ) ;
#2232 = CARTESIAN_POINT ( 'NONE',  ( 5.999999999999999112, -6.606108629671524568, -20.49999999999998224 ) ) ;
#2233 = DIRECTION ( 'NONE',  ( 0.000000000000000000, 1.000000000000000000, -5.940833821838381710E-17 ) ) ;
#2234 = CARTESIAN_POINT ( 'NONE',  ( 7.000000000000000000, 30.50000000000000000, 42.20000000000001705 ) ) ;
#2235 = CARTESIAN_POINT ( 'NONE',  ( 0.000000000000000000, -30.49999999999999289, -21.79999999999998650 ) ) ;
#2236 = ORIENTED_EDGE ( 'NONE', *, *, #2431, .F. ) ;
#2237 = DIRECTION ( 'NONE',  ( 0.000000000000000000, -1.000000000000000000, -1.387778780781445676E-15 ) ) ;
#2238 = PLANE ( 'NONE',  #189 ) ;
#2239 = ORIENTED_EDGE ( 'NONE', *, *, #1711, .T. ) ;
#2240 = ORIENTED_EDGE ( 'NONE', *, *, #1424, .T. ) ;
#2241 = CIRCLE ( 'NONE', #21, 2.499999999999998668 ) ;
#2242 = ORIENTED_EDGE ( 'NONE', *, *, #2625, .F. ) ;
#2243 = CARTESIAN_POINT ( 'NONE',  ( -88.41379982785491620, -29.20000000000000284, 40.90000000000001279 ) ) ;
#2244 = EDGE_CURVE ( 'NONE', #2162, #2551, #185, .T. ) ;
#2245 = CIRCLE ( 'NONE', #2358, 2.499999999999998668 ) ;
#2246 = AXIS2_PLACEMENT_3D ( 'NONE', #222, #2912, #2929 ) ;
#2247 = DIRECTION ( 'NONE',  ( 1.000000000000000000, -0.000000000000000000, -0.000000000000000000 ) ) ;
#2248 = CARTESIAN_POINT ( 'NONE',  ( -23.68401537145216196, -40.49999999999999289, -0.4276339069537362647 ) ) ;
#2249 = CIRCLE ( 'NONE', #422, 1.100000000000000311 ) ;
#2250 = CARTESIAN_POINT ( 'NONE',  ( 7.000000000000000000, -30.50000000000000000, 42.20000000000001705 ) ) ;
#2251 = AXIS2_PLACEMENT_3D ( 'NONE', #3191, #2665, #2380 ) ;
#2252 = EDGE_CURVE ( 'NONE', #1526, #338, #473, .T. ) ;
#2253 = CARTESIAN_POINT ( 'NONE',  ( 3.190441554059610496, -9.283125506483393963, -19.31608374787341376 ) ) ;
#2254 = ORIENTED_EDGE ( 'NONE', *, *, #2071, .T. ) ;
#2255 = LINE ( 'NONE', #2289, #436 ) ;
#2256 = CIRCLE ( 'NONE', #2086, 1.100000000000000311 ) ;
#2257 = EDGE_CURVE ( 'NONE', #855, #2401, #1264, .T. ) ;
#2258 = DIRECTION ( 'NONE',  ( -1.000000000000000000, 0.000000000000000000, 0.000000000000000000 ) ) ;
#2259 = EDGE_LOOP ( 'NONE', ( #622, #2714, #3266, #1091 ) ) ;
#2260 = VECTOR ( 'NONE', #3332, 1000.000000000000000 ) ;
#2261 = EDGE_CURVE ( 'NONE', #244, #870, #311, .T. ) ;
#2262 = EDGE_CURVE ( 'NONE', #1602, #2408, #1924, .T. ) ;
#2263 = PLANE ( 'NONE',  #1978 ) ;
#2264 = AXIS2_PLACEMENT_3D ( 'NONE', #1848, #2385, #2670 ) ;
#2265 = ORIENTED_EDGE ( 'NONE', *, *, #2476, .T. ) ;
#2266 = ORIENTED_EDGE ( 'NONE', *, *, #2967, .T. ) ;
#2267 = DIRECTION ( 'NONE',  ( 0.000000000000000000, 1.000000000000000000, -2.668805347656613859E-15 ) ) ;
#2268 = LINE ( 'NONE', #641, #2327 ) ;
#2269 = CIRCLE ( 'NONE', #727, 1.500000000000001332 ) ;
#2270 = CARTESIAN_POINT ( 'NONE',  ( -17.50000000000000000, -25.70832781755656882, 21.85000000000000497 ) ) ;
#2271 = CARTESIAN_POINT ( 'NONE',  ( 0.000000000000000000, 14.12971002403926413, 0.000000000000000000 ) ) ;
#2272 = CIRCLE ( 'NONE', #1023, 6.000000000000001776 ) ;
#2273 = FACE_OUTER_BOUND ( 'NONE', #725, .T. ) ;
#2274 = VERTEX_POINT ( 'NONE', #3513 ) ;
#2275 = LINE ( 'NONE', #1740, #366 ) ;
#2276 = CARTESIAN_POINT ( 'NONE',  ( -19.00000000000000355, -29.19999999999999929, -7.049999999999982059 ) ) ;
#2277 = CARTESIAN_POINT ( 'NONE',  ( 7.000000000000000000, 30.50000000000000000, 42.20000000000001705 ) ) ;
#2278 = EDGE_LOOP ( 'NONE', ( #404, #2956, #1227, #2923, #901, #973 ) ) ;
#2279 = EDGE_CURVE ( 'NONE', #155, #512, #525, .T. ) ;
#2280 = CARTESIAN_POINT ( 'NONE',  ( 5.976193566610772834, 0.3748696908428625907, 40.90000000000001279 ) ) ;
#2281 = ORIENTED_EDGE ( 'NONE', *, *, #246, .T. ) ;
#2282 = ORIENTED_EDGE ( 'NONE', *, *, #3023, .F. ) ;
#2283 = CARTESIAN_POINT ( 'NONE',  ( -17.50000000000000000, -20.96491132730395535, 26.35000000000001208 ) ) ;
#2284 = DIRECTION ( 'NONE',  ( 1.000000000000000000, -0.000000000000000000, -0.000000000000000000 ) ) ;
#2285 = CARTESIAN_POINT ( 'NONE',  ( 6.000000000000000000, -18.63541565040624093, -20.49999999999998224 ) ) ;
#2286 = LINE ( 'NONE', #2300, #894 ) ;
#2287 = CARTESIAN_POINT ( 'NONE',  ( 6.000000000000000888, 13.75000000000001243, -21.79999999999998650 ) ) ;
#2288 = EDGE_CURVE ( 'NONE', #1660, #1342, #1656, .T. ) ;
#2289 = CARTESIAN_POINT ( 'NONE',  ( -8.485281374238574870, -1.499999999999994449, 32.60000000000000853 ) ) ;
#2290 = EDGE_CURVE ( 'NONE', #2173, #2421, #1809, .T. ) ;
#2291 = DIRECTION ( 'NONE',  ( 1.000000000000000000, 0.000000000000000000, 0.000000000000000000 ) ) ;
#2292 = ORIENTED_EDGE ( 'NONE', *, *, #1821, .F. ) ;
#2293 = DIRECTION ( 'NONE',  ( 0.000000000000000000, -2.668805347656628453E-15, 1.000000000000000000 ) ) ;
#2294 = ORIENTED_EDGE ( 'NONE', *, *, #1632, .F. ) ;
#2295 = VERTEX_POINT ( 'NONE', #2206 ) ;
#2296 = CARTESIAN_POINT ( 'NONE',  ( -11.00000000000000355, -25.70832781755653684, -3.567747183457833567E-14 ) ) ;
#2297 = EDGE_CURVE ( 'NONE', #2009, #192, #2187, .T. ) ;
#2298 = LINE ( 'NONE', #478, #449 ) ;
#2299 = CARTESIAN_POINT ( 'NONE',  ( 6.000000000000000000, 10.50000000000000533, -18.87725054630192645 ) ) ;
#2300 = CARTESIAN_POINT ( 'NONE',  ( -19.00000000000000355, -32.20000000000000284, 5.150000000000007461 ) ) ;
#2301 = CARTESIAN_POINT ( 'NONE',  ( -19.00000000000000711, 10.50000000000000533, -18.87725054630192645 ) ) ;
#2302 = DIRECTION ( 'NONE',  ( 1.000000000000000000, -0.000000000000000000, -0.000000000000000000 ) ) ;
#2303 = DIRECTION ( 'NONE',  ( -1.000000000000000000, -0.000000000000000000, 0.000000000000000000 ) ) ;
#2304 = DIRECTION ( 'NONE',  ( 1.000000000000000000, -0.000000000000000000, -0.000000000000000000 ) ) ;
#2305 = ORIENTED_EDGE ( 'NONE', *, *, #1396, .F. ) ;
#2306 = AXIS2_PLACEMENT_3D ( 'NONE', #1770, #2352, #1554 ) ;
#2307 = CARTESIAN_POINT ( 'NONE',  ( 5.917190429162962673, -1.030848259711694581, 40.90000000000001990 ) ) ;
#2308 = ORIENTED_EDGE ( 'NONE', *, *, #1260, .F. ) ;
#2309 = ADVANCED_FACE ( 'NONE', ( #830 ), #1121, .T. ) ;
#2310 = ORIENTED_EDGE ( 'NONE', *, *, #2438, .F. ) ;
#2311 = FACE_OUTER_BOUND ( 'NONE', #2404, .T. ) ;
#2312 = CIRCLE ( 'NONE', #2597, 2.499999999999995115 ) ;
#2313 = AXIS2_PLACEMENT_3D ( 'NONE', #2120, #3498, #723 ) ;
#2314 =( NAMED_UNIT ( * ) SI_UNIT ( $, .STERADIAN. ) SOLID_ANGLE_UNIT ( ) );
#2315 = CYLINDRICAL_SURFACE ( 'NONE', #1402, 1.500000000000001332 ) ;
#2316 = LINE ( 'NONE', #2925, #1800 ) ;
#2317 = AXIS2_PLACEMENT_3D ( 'NONE', #2160, #3252, #2994 ) ;
#2318 = EDGE_CURVE ( 'NONE', #3342, #588, #3536, .T. ) ;
#2319 = DIRECTION ( 'NONE',  ( 1.000000000000000000, -0.000000000000000000, -0.000000000000000000 ) ) ;
#2320 = DIRECTION ( 'NONE',  ( 1.000000000000000000, -0.000000000000000000, -0.000000000000000000 ) ) ;
#2321 = DIRECTION ( 'NONE',  ( 1.000000000000000000, 0.000000000000000000, 0.000000000000000000 ) ) ;
#2322 = VECTOR ( 'NONE', #2247, 1000.000000000000000 ) ;
#2323 = DIRECTION ( 'NONE',  ( 1.000000000000000000, 0.000000000000000000, 0.000000000000000000 ) ) ;
#2324 = CARTESIAN_POINT ( 'NONE',  ( -19.00000000000000355, -32.20000000000000284, 9.650000000000019895 ) ) ;
#2325 = ORIENTED_EDGE ( 'NONE', *, *, #3316, .F. ) ;
#2326 = EDGE_CURVE ( 'NONE', #3487, #2462, #1102, .T. ) ;
#2327 = VECTOR ( 'NONE', #1132, 1000.000000000000000 ) ;
#2328 = CARTESIAN_POINT ( 'NONE',  ( 7.000000000000000000, -1.499999999999994449, 33.20000000000001705 ) ) ;
#2329 = ORIENTED_EDGE ( 'NONE', *, *, #1510, .F. ) ;
#2330 = EDGE_LOOP ( 'NONE', ( #515, #2133, #298, #86 ) ) ;
#2331 = ADVANCED_FACE ( 'NONE', ( #7 ), #296, .F. ) ;
#2332 = CARTESIAN_POINT ( 'NONE',  ( 6.000000000000000000, 29.19999999999999218, -20.49999999999998579 ) ) ;
#2333 = DIRECTION ( 'NONE',  ( 0.000000000000000000, 0.000000000000000000, -1.000000000000000000 ) ) ;
#2334 = ORIENTED_EDGE ( 'NONE', *, *, #255, .F. ) ;
#2335 = VERTEX_POINT ( 'NONE', #567 ) ;
#2336 = CARTESIAN_POINT ( 'NONE',  ( 0.000000000000000000, -29.20000000000000284, 40.90000000000001279 ) ) ;
#2337 = DIRECTION ( 'NONE',  ( 1.000000000000000000, -0.000000000000000000, -0.000000000000000000 ) ) ;
#2338 = CARTESIAN_POINT ( 'NONE',  ( -17.50000000000000000, -20.96491132730395535, 5.150000000000008349 ) ) ;
#2339 = EDGE_CURVE ( 'NONE', #1874, #317, #3248, .T. ) ;
#2340 = CARTESIAN_POINT ( 'NONE',  ( 0.000000000000000000, 29.19999999999999929, 40.90000000000001279 ) ) ;
#2341 = DIRECTION ( 'NONE',  ( 0.000000000000000000, 1.084202172485504434E-16, -1.000000000000000000 ) ) ;
#2342 = CARTESIAN_POINT ( 'NONE',  ( -19.00000000000000711, -1.499999999999994449, 35.60000000000001563 ) ) ;
#2343 = VERTEX_POINT ( 'NONE', #3029 ) ;
#2344 = CARTESIAN_POINT ( 'NONE',  ( -19.00000000000000711, 10.50000000000000533, -17.77725054630192503 ) ) ;
#2345 = VERTEX_POINT ( 'NONE', #1640 ) ;
#2346 = ORIENTED_EDGE ( 'NONE', *, *, #1652, .F. ) ;
#2347 = DIRECTION ( 'NONE',  ( 0.000000000000000000, -1.387778780781448437E-15, 1.000000000000000000 ) ) ;
#2348 = DIRECTION ( 'NONE',  ( 1.000000000000000000, -0.000000000000000000, -0.000000000000000000 ) ) ;
#2349 = ORIENTED_EDGE ( 'NONE', *, *, #1724, .F. ) ;
#2350 = ORIENTED_EDGE ( 'NONE', *, *, #1428, .T. ) ;
#2351 = ADVANCED_FACE ( 'NONE', ( #796 ), #1885, .F. ) ;
#2352 = DIRECTION ( 'NONE',  ( 1.000000000000000000, 0.000000000000000000, -0.000000000000000000 ) ) ;
#2353 = CARTESIAN_POINT ( 'NONE',  ( -88.41379982785491620, 29.19999999999999218, -20.49999999999998579 ) ) ;
#2354 = EDGE_CURVE ( 'NONE', #3488, #1374, #2150, .T. ) ;
#2355 = CARTESIAN_POINT ( 'NONE',  ( 1.000000000000000888, -12.24999927169117697, -18.87149398043249704 ) ) ;
#2356 = DIRECTION ( 'NONE',  ( 0.000000000000000000, -1.000000000000000000, 0.000000000000000000 ) ) ;
#2357 = CARTESIAN_POINT ( 'NONE',  ( 0.000000000000000000, -30.50000000000000000, 42.20000000000001705 ) ) ;
#2358 = AXIS2_PLACEMENT_3D ( 'NONE', #2166, #3260, #806 ) ;
#2359 = AXIS2_PLACEMENT_3D ( 'NONE', #1523, #1860, #2683 ) ;
#2360 = CARTESIAN_POINT ( 'NONE',  ( 0.000000000000000000, -30.49999999999999645, 16.27236609304626924 ) ) ;
#2361 = ORIENTED_EDGE ( 'NONE', *, *, #692, .F. ) ;
#2362 = ADVANCED_FACE ( 'NONE', ( #2472 ), #3303, .T. ) ;
#2363 = CARTESIAN_POINT ( 'NONE',  ( 0.000000000000000000, -7.499999999999982236, -21.79999999999998650 ) ) ;
#2364 = VECTOR ( 'NONE', #963, 1000.000000000000000 ) ;
#2365 = ADVANCED_FACE ( 'NONE', ( #2778 ), #2728, .T. ) ;
#2366 = ORIENTED_EDGE ( 'NONE', *, *, #2909, .F. ) ;
#2367 = ORIENTED_EDGE ( 'NONE', *, *, #1557, .F. ) ;
#2368 = FACE_BOUND ( 'NONE', #1037, .T. ) ;
#2369 = VECTOR ( 'NONE', #3523, 1000.000000000000000 ) ;
#2370 = PLANE ( 'NONE',  #2671 ) ;
#2371 = ORIENTED_EDGE ( 'NONE', *, *, #501, .F. ) ;
#2372 = ORIENTED_EDGE ( 'NONE', *, *, #3155, .F. ) ;
#2373 = AXIS2_PLACEMENT_3D ( 'NONE', #1694, #1412, #1202 ) ;
#2374 = AXIS2_PLACEMENT_3D ( 'NONE', #124, #877, #342 ) ;
#2375 = CARTESIAN_POINT ( 'NONE',  ( 0.000000000000000000, 0.000000000000000000, -21.79999999999998650 ) ) ;
#2376 = EDGE_CURVE ( 'NONE', #2579, #1242, #2437, .T. ) ;
#2377 = CARTESIAN_POINT ( 'NONE',  ( -19.00000000000000711, 10.50000000000000533, -19.97725054630192432 ) ) ;
#2378 = CARTESIAN_POINT ( 'NONE',  ( -8.485281374238574870, 10.50000000000000533, -18.87725054630192645 ) ) ;
#2379 = VECTOR ( 'NONE', #2937, 1000.000000000000000 ) ;
#2380 = DIRECTION ( 'NONE',  ( 0.000000000000000000, -2.081668171172168513E-15, 1.000000000000000000 ) ) ;
#2381 = DIRECTION ( 'NONE',  ( 1.000000000000000000, -0.000000000000000000, -0.000000000000000000 ) ) ;
#2382 = CARTESIAN_POINT ( 'NONE',  ( -19.00000000000000355, -29.19999999999999929, -11.54999999999998117 ) ) ;
#2383 = ORIENTED_EDGE ( 'NONE', *, *, #1428, .F. ) ;
#2384 = ORIENTED_EDGE ( 'NONE', *, *, #1813, .T. ) ;
#2385 = DIRECTION ( 'NONE',  ( -0.000000000000000000, -0.000000000000000000, -1.000000000000000000 ) ) ;
#2386 = VECTOR ( 'NONE', #1879, 1000.000000000000000 ) ;
#2387 = ORIENTED_EDGE ( 'NONE', *, *, #1516, .T. ) ;
#2388 = EDGE_CURVE ( 'NONE', #2579, #2162, #609, .T. ) ;
#2389 = ORIENTED_EDGE ( 'NONE', *, *, #419, .T. ) ;
#2390 = DIRECTION ( 'NONE',  ( 0.000000000000000000, -0.000000000000000000, 1.000000000000000000 ) ) ;
#2391 = DIRECTION ( 'NONE',  ( 0.000000000000000000, 0.000000000000000000, 1.000000000000000000 ) ) ;
#2392 = ORIENTED_EDGE ( 'NONE', *, *, #3328, .F. ) ;
#2393 = VERTEX_POINT ( 'NONE', #346 ) ;
#2394 = CARTESIAN_POINT ( 'NONE',  ( 5.976193566610770169, -3.374869690842845937, 40.90000000000001990 ) ) ;
#2395 = DIRECTION ( 'NONE',  ( 0.000000000000000000, -1.000000000000000000, 5.940833821838381710E-17 ) ) ;
#2396 = DIRECTION ( 'NONE',  ( -1.000000000000000000, 0.000000000000000000, 0.000000000000000000 ) ) ;
#2397 = CARTESIAN_POINT ( 'NONE',  ( 7.000000000000000888, 19.75000000000000000, -21.79999999999998650 ) ) ;
#2398 = DIRECTION ( 'NONE',  ( -0.000000000000000000, 1.000000000000000000, 1.084202172485504434E-16 ) ) ;
#2399 = ADVANCED_FACE ( 'NONE', ( #3399 ), #2041, .F. ) ;
#2400 = LINE ( 'NONE', #3496, #3507 ) ;
#2401 = VERTEX_POINT ( 'NONE', #919 ) ;
#2402 = EDGE_CURVE ( 'NONE', #1377, #3099, #78, .T. ) ;
#2403 = DIRECTION ( 'NONE',  ( 1.000000000000000000, -0.000000000000000000, 0.000000000000000000 ) ) ;
#2404 = EDGE_LOOP ( 'NONE', ( #351, #526 ) ) ;
#2405 = ORIENTED_EDGE ( 'NONE', *, *, #1099, .T. ) ;
#2406 = FACE_OUTER_BOUND ( 'NONE', #1104, .T. ) ;
#2407 = DIRECTION ( 'NONE',  ( 1.000000000000000000, -0.000000000000000000, -0.000000000000000000 ) ) ;
#2408 = VERTEX_POINT ( 'NONE', #382 ) ;
#2409 = ORIENTED_EDGE ( 'NONE', *, *, #1140, .T. ) ;
#2410 = DIRECTION ( 'NONE',  ( 0.000000000000000000, 0.000000000000000000, 1.000000000000000000 ) ) ;
#2411 = LINE ( 'NONE', #533, #548 ) ;
#2412 = ADVANCED_FACE ( 'NONE', ( #2019 ), #3114, .T. ) ;
#2413 = FACE_OUTER_BOUND ( 'NONE', #186, .T. ) ;
#2414 = DIRECTION ( 'NONE',  ( -0.000000000000000000, -1.000000000000000000, -0.000000000000000000 ) ) ;
#2415 = DIRECTION ( 'NONE',  ( -1.000000000000000000, 0.000000000000000000, -0.000000000000000000 ) ) ;
#2416 = DIRECTION ( 'NONE',  ( 0.000000000000000000, -2.668805347656628453E-15, -1.000000000000000000 ) ) ;
#2417 = ORIENTED_EDGE ( 'NONE', *, *, #540, .T. ) ;
#2418 = DIRECTION ( 'NONE',  ( 0.000000000000000000, -1.000000000000000000, 0.000000000000000000 ) ) ;
#2419 = ORIENTED_EDGE ( 'NONE', *, *, #3453, .F. ) ;
#2420 = VECTOR ( 'NONE', #1856, 1000.000000000000000 ) ;
#2421 = VERTEX_POINT ( 'NONE', #129 ) ;
#2422 = EDGE_CURVE ( 'NONE', #2541, #755, #1223, .T. ) ;
#2423 = CARTESIAN_POINT ( 'NONE',  ( 7.000000000000000000, -32.20000000000000284, -11.54999999999998472 ) ) ;
#2424 = ORIENTED_EDGE ( 'NONE', *, *, #772, .T. ) ;
#2425 = VERTEX_POINT ( 'NONE', #3354 ) ;
#2426 = CARTESIAN_POINT ( 'NONE',  ( 1.000000000000000888, 10.50000000000000533, -18.87725054630192645 ) ) ;
#2427 = DIRECTION ( 'NONE',  ( -0.000000000000000000, 1.387778780781445676E-15, -1.000000000000000000 ) ) ;
#2428 = CARTESIAN_POINT ( 'NONE',  ( -19.00000000000000355, 0.000000000000000000, 0.000000000000000000 ) ) ;
#2429 = AXIS2_PLACEMENT_3D ( 'NONE', #277, #1951, #1612 ) ;
#2430 = CARTESIAN_POINT ( 'NONE',  ( 1.000000000000000888, -12.24999927169117697, -18.87149398043249704 ) ) ;
#2431 = EDGE_CURVE ( 'NONE', #3356, #577, #2241, .T. ) ;
#2432 = DIRECTION ( 'NONE',  ( 0.000000000000000000, -0.000000000000000000, -1.000000000000000000 ) ) ;
#2433 = AXIS2_PLACEMENT_3D ( 'NONE', #1238, #345, #1434 ) ;
#2434 = CIRCLE ( 'NONE', #3062, 2.499999999999998668 ) ;
#2435 = CARTESIAN_POINT ( 'NONE',  ( 5.394086451432574592, 6.340227344455012570, -19.29584958851954113 ) ) ;
#2436 = EDGE_LOOP ( 'NONE', ( #243, #1603, #3228, #1441 ) ) ;
#2437 = LINE ( 'NONE', #1087, #3240 ) ;
#2438 = EDGE_CURVE ( 'NONE', #3233, #2089, #2544, .T. ) ;
#2439 = VECTOR ( 'NONE', #2, 1000.000000000000000 ) ;
#2440 = ORIENTED_EDGE ( 'NONE', *, *, #1324, .F. ) ;
#2441 = ORIENTED_EDGE ( 'NONE', *, *, #501, .T. ) ;
#2442 = CIRCLE ( 'NONE', #1817, 2.399999999999999467 ) ;
#2443 = EDGE_CURVE ( 'NONE', #338, #512, #951, .T. ) ;
#2444 = EDGE_CURVE ( 'NONE', #187, #970, #3084, .T. ) ;
#2445 = DIRECTION ( 'NONE',  ( -0.000000000000000000, -1.695169520498508698E-16, 1.000000000000000000 ) ) ;
#2446 = EDGE_LOOP ( 'NONE', ( #3070, #1175, #1270, #3324, #1128 ) ) ;
#2447 = EDGE_LOOP ( 'NONE', ( #1535, #1765, #1360, #857 ) ) ;
#2448 = CARTESIAN_POINT ( 'NONE',  ( 0.000000000000000000, -12.24999927169117697, -18.87149398043249704 ) ) ;
#2449 = AXIS2_PLACEMENT_3D ( 'NONE', #1836, #693, #3412 ) ;
#2450 = DIRECTION ( 'NONE',  ( 1.000000000000000000, -0.000000000000000000, -0.000000000000000000 ) ) ;
#2451 = ORIENTED_EDGE ( 'NONE', *, *, #2986, .F. ) ;
#2452 = DIRECTION ( 'NONE',  ( 0.000000000000000000, -1.000000000000000000, 5.940833821838381710E-17 ) ) ;
#2453 = CARTESIAN_POINT ( 'NONE',  ( 1.732050807568875195, 13.12971002403926413, 0.000000000000000000 ) ) ;
#2454 = FACE_OUTER_BOUND ( 'NONE', #330, .T. ) ;
#2455 = EDGE_CURVE ( 'NONE', #1409, #800, #1992, .T. ) ;
#2456 = CARTESIAN_POINT ( 'NONE',  ( 6.000000000000000000, 0.000000000000000000, 0.000000000000000000 ) ) ;
#2457 = ORIENTED_EDGE ( 'NONE', *, *, #3023, .T. ) ;
#2458 = CARTESIAN_POINT ( 'NONE',  ( -88.41379982785491620, -29.19999999999999218, -20.49999999999998224 ) ) ;
#2459 = ORIENTED_EDGE ( 'NONE', *, *, #276, .T. ) ;
#2460 = ORIENTED_EDGE ( 'NONE', *, *, #3258, .T. ) ;
#2461 = DIRECTION ( 'NONE',  ( 1.000000000000000000, -0.000000000000000000, -0.000000000000000000 ) ) ;
#2462 = VERTEX_POINT ( 'NONE', #2006 ) ;
#2463 = ORIENTED_EDGE ( 'NONE', *, *, #117, .F. ) ;
#2464 = DIRECTION ( 'NONE',  ( 0.000000000000000000, 1.695169520498508698E-16, -1.000000000000000000 ) ) ;
#2465 = CYLINDRICAL_SURFACE ( 'NONE', #1122, 2.399999999999999467 ) ;
#2466 = LINE ( 'NONE', #303, #1198 ) ;
#2467 = CARTESIAN_POINT ( 'NONE',  ( 1.000000000000000000, -12.24999927169117697, -18.87149398043249704 ) ) ;
#2468 = CARTESIAN_POINT ( 'NONE',  ( -19.00000000000000711, -1.499999999999994449, 34.50000000000001421 ) ) ;
#2469 = CARTESIAN_POINT ( 'NONE',  ( 2.999999999999999112, 7.616980938942851331, -19.70682941149867062 ) ) ;
#2470 = VERTEX_POINT ( 'NONE', #2858 ) ;
#2471 = DIRECTION ( 'NONE',  ( 0.000000000000000000, -0.000000000000000000, 1.000000000000000000 ) ) ;
#2472 = FACE_OUTER_BOUND ( 'NONE', #797, .T. ) ;
#2473 = EDGE_LOOP ( 'NONE', ( #202, #1321, #1676, #742 ) ) ;
#2474 = ORIENTED_EDGE ( 'NONE', *, *, #1066, .T. ) ;
#2475 = VECTOR ( 'NONE', #413, 1000.000000000000000 ) ;
#2476 = EDGE_CURVE ( 'NONE', #1641, #2677, #634, .T. ) ;
#2477 = EDGE_CURVE ( 'NONE', #1989, #1020, #1720, .T. ) ;
#2478 = ORIENTED_EDGE ( 'NONE', *, *, #3382, .T. ) ;
#2479 = ORIENTED_EDGE ( 'NONE', *, *, #1996, .F. ) ;
#2480 = CARTESIAN_POINT ( 'NONE',  ( 0.000000000000000000, -12.24999927169117697, -17.77149398043249917 ) ) ;
#2481 = CARTESIAN_POINT ( 'NONE',  ( 7.000000000000000000, -30.49999999999999289, -21.79999999999998650 ) ) ;
#2482 = LINE ( 'NONE', #1896, #1709 ) ;
#2483 = AXIS2_PLACEMENT_3D ( 'NONE', #3187, #732, #1289 ) ;
#2484 = EDGE_CURVE ( 'NONE', #1342, #96, #1562, .T. ) ;
#2485 = LINE ( 'NONE', #1059, #3449 ) ;
#2486 = DIRECTION ( 'NONE',  ( 0.000000000000000000, -1.000000000000000000, 0.000000000000000000 ) ) ;
#2487 = DIRECTION ( 'NONE',  ( 0.000000000000000000, -1.695169520498508698E-16, 1.000000000000000000 ) ) ;
#2488 = ORIENTED_EDGE ( 'NONE', *, *, #2920, .T. ) ;
#2489 = AXIS2_PLACEMENT_3D ( 'NONE', #1799, #1229, #996 ) ;
#2490 = LINE ( 'NONE', #42, #3129 ) ;
#2491 = AXIS2_PLACEMENT_3D ( 'NONE', #93, #1485, #2519 ) ;
#2492 = AXIS2_PLACEMENT_3D ( 'NONE', #2045, #118, #672 ) ;
#2493 = CARTESIAN_POINT ( 'NONE',  ( 7.000000000000000000, -30.50000000000000000, 42.20000000000001705 ) ) ;
#2494 = ORIENTED_EDGE ( 'NONE', *, *, #2262, .F. ) ;
#2495 = EDGE_LOOP ( 'NONE', ( #2240, #2914, #543, #2310 ) ) ;
#2496 = ORIENTED_EDGE ( 'NONE', *, *, #258, .F. ) ;
#2497 = EDGE_LOOP ( 'NONE', ( #3152, #3013, #2632, #2488 ) ) ;
#2498 = FACE_OUTER_BOUND ( 'NONE', #953, .T. ) ;
#2499 = DIRECTION ( 'NONE',  ( 0.000000000000000000, 0.000000000000000000, -1.000000000000000000 ) ) ;
#2500 = CIRCLE ( 'NONE', #3014, 2.499999999999998668 ) ;
#2501 = CARTESIAN_POINT ( 'NONE',  ( 0.000000000000000000, 30.50000000000000000, 42.20000000000001705 ) ) ;
#2502 = AXIS2_PLACEMENT_3D ( 'NONE', #2599, #1249, #2333 ) ;
#2503 = DIRECTION ( 'NONE',  ( 0.000000000000000000, 0.000000000000000000, -1.000000000000000000 ) ) ;
#2504 = CARTESIAN_POINT ( 'NONE',  ( 6.999999999999999112, 6.250000000000012434, -21.79999999999998650 ) ) ;
#2505 = LINE ( 'NONE', #2003, #1476 ) ;
#2506 = VERTEX_POINT ( 'NONE', #669 ) ;
#2507 = CARTESIAN_POINT ( 'NONE',  ( 7.000000000000000000, -8.999999999999987566, -21.79999999999998650 ) ) ;
#2508 = ADVANCED_FACE ( 'NONE', ( #649 ), #2238, .T. ) ;
#2509 = CARTESIAN_POINT ( 'NONE',  ( -19.00000000000000355, -32.20000000000000284, 21.85000000000000853 ) ) ;
#2510 = EDGE_CURVE ( 'NONE', #811, #710, #1112, .T. ) ;
#2511 = ORIENTED_EDGE ( 'NONE', *, *, #3436, .F. ) ;
#2512 = CARTESIAN_POINT ( 'NONE',  ( 5.976418595484294549, 15.88541565040627113, -20.49999999999998579 ) ) ;
#2513 = ORIENTED_EDGE ( 'NONE', *, *, #348, .T. ) ;
#2514 = ORIENTED_EDGE ( 'NONE', *, *, #474, .T. ) ;
#2515 = CARTESIAN_POINT ( 'NONE',  ( 1.000000000000000444, 12.82360210107642651, -19.47797783540509187 ) ) ;
#2516 = ADVANCED_FACE ( 'NONE', ( #3385 ), #1760, .T. ) ;
#2517 = PLANE ( 'NONE',  #1245 ) ;
#2518 = CARTESIAN_POINT ( 'NONE',  ( -17.50000000000000000, -26.20000000000000284, 21.85000000000000497 ) ) ;
#2519 = DIRECTION ( 'NONE',  ( 0.000000000000000000, 0.000000000000000000, 1.000000000000000000 ) ) ;
#2520 = ADVANCED_FACE ( 'NONE', ( #2795, #2667 ), #1580, .F. ) ;
#2521 = EDGE_CURVE ( 'NONE', #240, #690, #1525, .T. ) ;
#2522 = CARTESIAN_POINT ( 'NONE',  ( 5.320658809301975545, -8.197924211908597769, -19.42713631038674293 ) ) ;
#2523 = ORIENTED_EDGE ( 'NONE', *, *, #3443, .F. ) ;
#2524 = EDGE_CURVE ( 'NONE', #3237, #2655, #1045, .T. ) ;
#2525 = CARTESIAN_POINT ( 'NONE',  ( 7.000000000000000000, 13.75000000000001243, -21.79999999999998650 ) ) ;
#2526 = DIRECTION ( 'NONE',  ( 1.000000000000000000, -0.000000000000000000, -0.000000000000000000 ) ) ;
#2527 = ORIENTED_EDGE ( 'NONE', *, *, #627, .T. ) ;
#2528 = DIRECTION ( 'NONE',  ( -1.000000000000000000, 0.000000000000000000, 0.000000000000000000 ) ) ;
#2529 = EDGE_LOOP ( 'NONE', ( #1129, #849, #3042, #3270 ) ) ;
#2530 = AXIS2_PLACEMENT_3D ( 'NONE', #398, #3063, #616 ) ;
#2531 = ORIENTED_EDGE ( 'NONE', *, *, #1439, .T. ) ;
#2532 = FACE_OUTER_BOUND ( 'NONE', #1092, .T. ) ;
#2533 = CIRCLE ( 'NONE', #991, 2.399999999999999467 ) ;
#2534 = CIRCLE ( 'NONE', #2076, 10.00000000000000000 ) ;
#2535 = CARTESIAN_POINT ( 'NONE',  ( 6.999999999999999112, -32.20000000000000284, 26.35000000000000853 ) ) ;
#2536 = DIRECTION ( 'NONE',  ( 1.000000000000000000, 0.000000000000000000, 0.000000000000000000 ) ) ;
#2537 = VECTOR ( 'NONE', #3035, 1000.000000000000000 ) ;
#2538 = CARTESIAN_POINT ( 'NONE',  ( -19.00000000000000355, -32.20000000000000284, 26.35000000000001208 ) ) ;
#2539 = CYLINDRICAL_SURFACE ( 'NONE', #2608, 1.100000000000000311 ) ;
#2540 = ADVANCED_FACE ( 'NONE', ( #2590 ), #183, .F. ) ;
#2541 = VERTEX_POINT ( 'NONE', #968 ) ;
#2542 = DIRECTION ( 'NONE',  ( 0.000000000000000000, 0.000000000000000000, -1.000000000000000000 ) ) ;
#2543 = AXIS2_PLACEMENT_3D ( 'NONE', #3020, #573, #2766 ) ;
#2544 = LINE ( 'NONE', #1741, #2928 ) ;
#2545 = ORIENTED_EDGE ( 'NONE', *, *, #3032, .T. ) ;
#2546 = VECTOR ( 'NONE', #395, 1000.000000000000000 ) ;
#2547 = CARTESIAN_POINT ( 'NONE',  ( 6.000000000000000000, 1.312472222085064200, 40.90000000000001279 ) ) ;
#2548 = VECTOR ( 'NONE', #2418, 1000.000000000000000 ) ;
#2549 = ORIENTED_EDGE ( 'NONE', *, *, #2152, .T. ) ;
#2550 = AXIS2_PLACEMENT_3D ( 'NONE', #1567, #1053, #1909 ) ;
#2551 = VERTEX_POINT ( 'NONE', #2132 ) ;
#2552 = DIRECTION ( 'NONE',  ( -1.000000000000000000, 0.000000000000000000, -0.000000000000000000 ) ) ;
#2553 = EDGE_CURVE ( 'NONE', #1526, #155, #3174, .T. ) ;
#2554 = CARTESIAN_POINT ( 'NONE',  ( 3.500000000000000444, 7.616980938942851331, -19.70682941149867062 ) ) ;
#2555 = AXIS2_PLACEMENT_3D ( 'NONE', #2219, #236, #593 ) ;
#2556 = LINE ( 'NONE', #341, #2819 ) ;
#2557 = LINE ( 'NONE', #3107, #551 ) ;
#2558 = AXIS2_PLACEMENT_3D ( 'NONE', #1, #2146, #3508 ) ;
#2559 = DIRECTION ( 'NONE',  ( 0.000000000000000000, 0.000000000000000000, 1.000000000000000000 ) ) ;
#2560 = DIRECTION ( 'NONE',  ( 1.000000000000000000, -0.000000000000000000, -0.000000000000000000 ) ) ;
#2561 = CARTESIAN_POINT ( 'NONE',  ( -88.41379982785491620, 29.19999999999999218, -20.49999999999998579 ) ) ;
#2562 = DIRECTION ( 'NONE',  ( 0.000000000000000000, -1.000000000000000000, -1.084202172485504434E-16 ) ) ;
#2563 = EDGE_LOOP ( 'NONE', ( #2656, #1704, #2511, #2646, #1214, #1684 ) ) ;
#2564 = DIRECTION ( 'NONE',  ( 0.000000000000000000, 0.000000000000000000, -1.000000000000000000 ) ) ;
#2565 = ORIENTED_EDGE ( 'NONE', *, *, #1635, .F. ) ;
#2566 = ORIENTED_EDGE ( 'NONE', *, *, #1184, .F. ) ;
#2567 = LINE ( 'NONE', #639, #2831 ) ;
#2568 = CARTESIAN_POINT ( 'NONE',  ( 0.000000000000000000, 15.25000000000001421, -21.79999999999998650 ) ) ;
#2569 = CARTESIAN_POINT ( 'NONE',  ( -8.485281374238574870, -14.01294230657133433, -20.49999999999998224 ) ) ;
#2570 = CARTESIAN_POINT ( 'NONE',  ( 6.000000000000000000, 29.19999999999999218, -20.49999999999998579 ) ) ;
#2571 = CARTESIAN_POINT ( 'NONE',  ( 2.999999999999999112, -9.283125506481916034, -19.31608374787324678 ) ) ;
#2572 = CARTESIAN_POINT ( 'NONE',  ( 7.000000000000000888, -14.99999999999999289, -21.79999999999998650 ) ) ;
#2573 = ADVANCED_FACE ( 'NONE', ( #224 ), #201, .F. ) ;
#2574 = DIRECTION ( 'NONE',  ( 0.000000000000000000, 0.000000000000000000, -1.000000000000000000 ) ) ;
#2575 = ORIENTED_EDGE ( 'NONE', *, *, #794, .T. ) ;
#2576 = CARTESIAN_POINT ( 'NONE',  ( -88.41379982785491620, -29.20000000000000284, 40.90000000000001279 ) ) ;
#2577 = VERTEX_POINT ( 'NONE', #3195 ) ;
#2578 = ADVANCED_FACE ( 'NONE', ( #754 ), #1846, .F. ) ;
#2579 = VERTEX_POINT ( 'NONE', #739 ) ;
#2580 = FACE_OUTER_BOUND ( 'NONE', #492, .T. ) ;
#2581 = B_SPLINE_CURVE_WITH_KNOTS ( 'NONE', 3,
 ( #510, #2915, #2687, #2060 ),
 .UNSPECIFIED., .F., .F.,
 ( 4, 4 ),
 ( 0.004470444033313644011, 0.004859248702688911438 ),
 .UNSPECIFIED. ) ;
#2582 = EDGE_CURVE ( 'NONE', #3342, #2425, #2400, .T. ) ;
#2583 = VERTEX_POINT ( 'NONE', #3420 ) ;
#2584 = CARTESIAN_POINT ( 'NONE',  ( 7.000000000000000000, -30.49999999999999645, 16.27236609304626924 ) ) ;
#2585 = CARTESIAN_POINT ( 'NONE',  ( 0.000000000000000000, -30.50000000000000000, 42.20000000000001705 ) ) ;
#2586 = DIRECTION ( 'NONE',  ( 0.000000000000000000, 0.000000000000000000, 1.000000000000000000 ) ) ;
#2587 = EDGE_CURVE ( 'NONE', #1980, #66, #164, .T. ) ;
#2588 = FACE_OUTER_BOUND ( 'NONE', #2595, .T. ) ;
#2589 = CARTESIAN_POINT ( 'NONE',  ( 7.000000000000000000, -30.49999999999999289, -21.79999999999998650 ) ) ;
#2590 = FACE_OUTER_BOUND ( 'NONE', #740, .T. ) ;
#2591 = DIRECTION ( 'NONE',  ( 1.000000000000000000, 0.000000000000000000, 0.000000000000000000 ) ) ;
#2592 = ORIENTED_EDGE ( 'NONE', *, *, #3230, .T. ) ;
#2593 = DIRECTION ( 'NONE',  ( 0.000000000000000000, 0.000000000000000000, -1.000000000000000000 ) ) ;
#2594 = ORIENTED_EDGE ( 'NONE', *, *, #2388, .F. ) ;
#2595 = EDGE_LOOP ( 'NONE', ( #701, #2004, #344, #231 ) ) ;
#2596 = LINE ( 'NONE', #939, #1589 ) ;
#2597 = AXIS2_PLACEMENT_3D ( 'NONE', #1452, #97, #1192 ) ;
#2598 = CIRCLE ( 'NONE', #2094, 1.500000000000001332 ) ;
#2599 = CARTESIAN_POINT ( 'NONE',  ( -19.00000000000000711, -12.24999927169117697, -18.87149398043249704 ) ) ;
#2600 = ORIENTED_EDGE ( 'NONE', *, *, #2879, .F. ) ;
#2601 = ORIENTED_EDGE ( 'NONE', *, *, #1557, .T. ) ;
#2602 = FACE_OUTER_BOUND ( 'NONE', #1815, .T. ) ;
#2603 = DIRECTION ( 'NONE',  ( 1.927470528863121021E-16, 0.000000000000000000, -1.000000000000000000 ) ) ;
#2604 = VECTOR ( 'NONE', #2407, 1000.000000000000000 ) ;
#2605 = CYLINDRICAL_SURFACE ( 'NONE', #165, 2.399999999999999467 ) ;
#2606 = CARTESIAN_POINT ( 'NONE',  ( 7.000000000000000000, -30.49999999999999289, -21.79999999999998650 ) ) ;
#2607 = LINE ( 'NONE', #163, #1622 ) ;
#2608 = AXIS2_PLACEMENT_3D ( 'NONE', #2301, #3397, #595 ) ;
#2609 = DIRECTION ( 'NONE',  ( 1.000000000000000000, 0.000000000000000000, -0.000000000000000000 ) ) ;
#2610 = VERTEX_POINT ( 'NONE', #2057 ) ;
#2611 = AXIS2_PLACEMENT_3D ( 'NONE', #860, #2013, #2216 ) ;
#2612 = ADVANCED_FACE ( 'NONE', ( #1261 ), #1864, .F. ) ;
#2613 = DIRECTION ( 'NONE',  ( 1.000000000000000000, -0.000000000000000000, -0.000000000000000000 ) ) ;
#2614 = ORIENTED_EDGE ( 'NONE', *, *, #2257, .F. ) ;
#2615 = ORIENTED_EDGE ( 'NONE', *, *, #879, .F. ) ;
#2616 = CARTESIAN_POINT ( 'NONE',  ( 0.000000000000000000, 13.75000000000001243, -21.79999999999998650 ) ) ;
#2617 = VECTOR ( 'NONE', #631, 1000.000000000000000 ) ;
#2618 = CARTESIAN_POINT ( 'NONE',  ( -88.41379982785491620, 29.19999999999999218, -20.49999999999998579 ) ) ;
#2619 = ORIENTED_EDGE ( 'NONE', *, *, #2215, .F. ) ;
#2620 = ORIENTED_EDGE ( 'NONE', *, *, #1052, .T. ) ;
#2621 = DIRECTION ( 'NONE',  ( -0.000000000000000000, 1.000000000000000000, -0.000000000000000000 ) ) ;
#2622 = CARTESIAN_POINT ( 'NONE',  ( 7.000000000000000000, -30.49999999999999645, -0.4276339069537379856 ) ) ;
#2623 = DIRECTION ( 'NONE',  ( 0.000000000000000000, 0.000000000000000000, 1.000000000000000000 ) ) ;
#2624 = CARTESIAN_POINT ( 'NONE',  ( -5.954748607317418951, 13.75000000000001243, -21.79999999999998650 ) ) ;
#2625 = EDGE_CURVE ( 'NONE', #1910, #2470, #878, .T. ) ;
#2626 = DIRECTION ( 'NONE',  ( 1.000000000000000000, 0.000000000000000000, 0.000000000000000000 ) ) ;
#2627 = ADVANCED_FACE ( 'NONE', ( #453 ), #2874, .T. ) ;
#2628 = DIRECTION ( 'NONE',  ( 0.000000000000000000, 0.000000000000000000, 1.000000000000000000 ) ) ;
#2629 = EDGE_CURVE ( 'NONE', #3138, #2401, #1619, .T. ) ;
#2630 = ORIENTED_EDGE ( 'NONE', *, *, #772, .F. ) ;
#2631 = CARTESIAN_POINT ( 'NONE',  ( 0.000000000000000000, -32.20000000000000284, -11.54999999999998295 ) ) ;
#2632 = ORIENTED_EDGE ( 'NONE', *, *, #1724, .T. ) ;
#2633 = ORIENTED_EDGE ( 'NONE', *, *, #204, .F. ) ;
#2634 = LINE ( 'NONE', #2332, #957 ) ;
#2635 = DIRECTION ( 'NONE',  ( 0.000000000000000000, 1.000000000000000000, -2.668805347656628453E-15 ) ) ;
#2636 = ORIENTED_EDGE ( 'NONE', *, *, #3368, .F. ) ;
#2637 = ORIENTED_EDGE ( 'NONE', *, *, #1849, .F. ) ;
#2638 = DIRECTION ( 'NONE',  ( 0.000000000000000000, 0.000000000000000000, -1.000000000000000000 ) ) ;
#2639 = DIRECTION ( 'NONE',  ( -1.000000000000000000, -0.000000000000000000, -0.000000000000000000 ) ) ;
#2640 = DIRECTION ( 'NONE',  ( 0.000000000000000000, 0.000000000000000000, 1.000000000000000000 ) ) ;
#2641 = CARTESIAN_POINT ( 'NONE',  ( 6.000000000000000000, -4.312472222085031781, 40.90000000000001279 ) ) ;
#2642 = VECTOR ( 'NONE', #488, 1000.000000000000000 ) ;
#2643 = FACE_OUTER_BOUND ( 'NONE', #2190, .T. ) ;
#2644 = EDGE_CURVE ( 'NONE', #2688, #1154, #2645, .T. ) ;
#2645 = LINE ( 'NONE', #985, #534 ) ;
#2646 = ORIENTED_EDGE ( 'NONE', *, *, #1733, .F. ) ;
#2647 = ORIENTED_EDGE ( 'NONE', *, *, #2139, .T. ) ;
#2648 = DIRECTION ( 'NONE',  ( 1.000000000000000000, -0.000000000000000000, -0.000000000000000000 ) ) ;
#2649 = AXIS2_PLACEMENT_3D ( 'NONE', #3431, #2867, #2907 ) ;
#2650 = VERTEX_POINT ( 'NONE', #1544 ) ;
#2651 = ORIENTED_EDGE ( 'NONE', *, *, #2808, .F. ) ;
#2652 = LINE ( 'NONE', #2903, #490 ) ;
#2653 = CIRCLE ( 'NONE', #3292, 2.999999999999999112 ) ;
#2654 = CYLINDRICAL_SURFACE ( 'NONE', #2550, 2.999999999999999112 ) ;
#2655 = VERTEX_POINT ( 'NONE', #2360 ) ;
#2656 = ORIENTED_EDGE ( 'NONE', *, *, #19, .F. ) ;
#2657 = VECTOR ( 'NONE', #2800, 1000.000000000000000 ) ;
#2658 = AXIS2_PLACEMENT_3D ( 'NONE', #3365, #3077, #1205 ) ;
#2659 = CARTESIAN_POINT ( 'NONE',  ( 6.000000000000000000, -3.843320481796747234, 40.90000000000001990 ) ) ;
#2660 = CARTESIAN_POINT ( 'NONE',  ( 6.999999999999999112, -32.20000000000000284, -7.049999999999988276 ) ) ;
#2661 = ADVANCED_FACE ( 'NONE', ( #3458, #1008 ), #2169, .F. ) ;
#2662 = EDGE_CURVE ( 'NONE', #1419, #800, #2757, .T. ) ;
#2663 = DIRECTION ( 'NONE',  ( 1.000000000000000000, -0.000000000000000000, -0.000000000000000000 ) ) ;
#2664 = VECTOR ( 'NONE', #79, 1000.000000000000000 ) ;
#2665 = DIRECTION ( 'NONE',  ( 1.000000000000000000, -0.000000000000000000, -0.000000000000000000 ) ) ;
#2666 = DIRECTION ( 'NONE',  ( 0.000000000000000000, 0.000000000000000000, 1.000000000000000000 ) ) ;
#2667 = FACE_OUTER_BOUND ( 'NONE', #2693, .T. ) ;
#2668 = ORIENTED_EDGE ( 'NONE', *, *, #1184, .T. ) ;
#2669 = VECTOR ( 'NONE', #615, 1000.000000000000000 ) ;
#2670 = DIRECTION ( 'NONE',  ( -1.000000000000000000, 0.000000000000000000, 0.000000000000000000 ) ) ;
#2671 = AXIS2_PLACEMENT_3D ( 'NONE', #2065, #190, #2087 ) ;
#2672 = ORIENTED_EDGE ( 'NONE', *, *, #1258, .T. ) ;
#2673 = ORIENTED_EDGE ( 'NONE', *, *, #2476, .F. ) ;
#2674 = ADVANCED_FACE ( 'NONE', ( #1952 ), #2684, .F. ) ;
#2675 = DIRECTION ( 'NONE',  ( 0.000000000000000000, 1.000000000000000000, 0.000000000000000000 ) ) ;
#2676 = DIRECTION ( 'NONE',  ( 1.000000000000000000, -0.000000000000000000, -0.000000000000000000 ) ) ;
#2677 = VERTEX_POINT ( 'NONE', #1383 ) ;
#2678 = ORIENTED_EDGE ( 'NONE', *, *, #2743, .T. ) ;
#2679 = CARTESIAN_POINT ( 'NONE',  ( 7.000000000000000000, -30.50000000000000000, 42.20000000000001705 ) ) ;
#2680 = LINE ( 'NONE', #2891, #1972 ) ;
#2681 = DIRECTION ( 'NONE',  ( 0.000000000000000000, 0.000000000000000000, -1.000000000000000000 ) ) ;
#2682 = FACE_BOUND ( 'NONE', #50, .T. ) ;
#2683 = DIRECTION ( 'NONE',  ( 0.000000000000000000, 0.000000000000000000, 1.000000000000000000 ) ) ;
#2684 = PLANE ( 'NONE',  #3444 ) ;
#2685 = ORIENTED_EDGE ( 'NONE', *, *, #873, .F. ) ;
#2686 = EDGE_CURVE ( 'NONE', #2173, #2066, #863, .T. ) ;
#2687 = CARTESIAN_POINT ( 'NONE',  ( 5.999999999999999112, 16.14496286911948175, -20.49999999999998579 ) ) ;
#2688 = VERTEX_POINT ( 'NONE', #1938 ) ;
#2689 = ORIENTED_EDGE ( 'NONE', *, *, #3535, .T. ) ;
#2690 = CARTESIAN_POINT ( 'NONE',  ( 0.000000000000000000, 0.000000000000000000, -21.79999999999998650 ) ) ;
#2691 = EDGE_CURVE ( 'NONE', #2010, #994, #114, .T. ) ;
#2692 = FACE_OUTER_BOUND ( 'NONE', #227, .T. ) ;
#2693 = EDGE_LOOP ( 'NONE', ( #887, #638, #1883, #1442 ) ) ;
#2694 = ORIENTED_EDGE ( 'NONE', *, *, #1735, .T. ) ;
#2695 = DIRECTION ( 'NONE',  ( 1.000000000000000000, -0.000000000000000000, -0.000000000000000000 ) ) ;
#2696 = FACE_OUTER_BOUND ( 'NONE', #1108, .T. ) ;
#2697 = CARTESIAN_POINT ( 'NONE',  ( 0.000000000000000000, -32.20000000000000284, -7.049999999999987388 ) ) ;
#2698 = CARTESIAN_POINT ( 'NONE',  ( -17.50000000000000000, -26.19999999999999574, -7.049999999999984723 ) ) ;
#2699 = DIRECTION ( 'NONE',  ( 0.000000000000000000, -1.000000000000000000, 0.000000000000000000 ) ) ;
#2700 = ADVANCED_FACE ( 'NONE', ( #20 ), #578, .F. ) ;
#2701 = CARTESIAN_POINT ( 'NONE',  ( 4.832345782854982730, 6.919213621515909018, -19.38813661591823490 ) ) ;
#2702 = AXIS2_PLACEMENT_3D ( 'NONE', #2342, #2913, #3437 ) ;
#2703 = ORIENTED_EDGE ( 'NONE', *, *, #2920, .F. ) ;
#2704 = AXIS2_PLACEMENT_3D ( 'NONE', #521, #1916, #1611 ) ;
#2705 = ADVANCED_FACE ( 'NONE', ( #3007 ), #239, .F. ) ;
#2706 = VECTOR ( 'NONE', #1829, 1000.000000000000000 ) ;
#2707 = EDGE_CURVE ( 'NONE', #1957, #2345, #455, .T. ) ;
#2708 = DIRECTION ( 'NONE',  ( 0.000000000000000000, -0.000000000000000000, 1.000000000000000000 ) ) ;
#2709 = ORIENTED_EDGE ( 'NONE', *, *, #3158, .F. ) ;
#2710 = VECTOR ( 'NONE', #2752, 1000.000000000000000 ) ;
#2711 = ORIENTED_EDGE ( 'NONE', *, *, #884, .T. ) ;
#2712 = VECTOR ( 'NONE', #1597, 1000.000000000000000 ) ;
#2713 = DIRECTION ( 'NONE',  ( 0.000000000000000000, -1.000000000000000000, 0.000000000000000000 ) ) ;
#2714 = ORIENTED_EDGE ( 'NONE', *, *, #2909, .T. ) ;
#2715 = VERTEX_POINT ( 'NONE', #847 ) ;
#2716 = DIRECTION ( 'NONE',  ( 1.000000000000000000, 0.000000000000000000, 0.000000000000000000 ) ) ;
#2717 = VECTOR ( 'NONE', #2427, 1000.000000000000000 ) ;
#2718 = DIRECTION ( 'NONE',  ( 0.000000000000000000, 0.000000000000000000, -1.000000000000000000 ) ) ;
#2719 = EDGE_CURVE ( 'NONE', #3487, #2393, #1279, .T. ) ;
#2720 = FACE_OUTER_BOUND ( 'NONE', #2495, .T. ) ;
#2721 = AXIS2_PLACEMENT_3D ( 'NONE', #305, #3277, #2184 ) ;
#2722 = DIRECTION ( 'NONE',  ( 0.000000000000000000, 0.000000000000000000, 1.000000000000000000 ) ) ;
#2723 = DIRECTION ( 'NONE',  ( 1.000000000000000000, 0.000000000000000000, 0.000000000000000000 ) ) ;
#2724 = VECTOR ( 'NONE', #583, 1000.000000000000000 ) ;
#2725 = CARTESIAN_POINT ( 'NONE',  ( 5.265394436155201419, 6.499614432992218305, -19.30822467787099228 ) ) ;
#2726 = CIRCLE ( 'NONE', #212, 1.499999999999994449 ) ;
#2727 = VERTEX_POINT ( 'NONE', #2235 ) ;
#2728 = PLANE ( 'NONE',  #1236 ) ;
#2729 = VECTOR ( 'NONE', #430, 1000.000000000000000 ) ;
#2730 = ORIENTED_EDGE ( 'NONE', *, *, #1812, .T. ) ;
#2731 = CARTESIAN_POINT ( 'NONE',  ( 0.000000000000000000, -30.50000000000000000, 31.92763390695375136 ) ) ;
#2732 = AXIS2_PLACEMENT_3D ( 'NONE', #141, #429, #1294 ) ;
#2733 = CARTESIAN_POINT ( 'NONE',  ( -19.00000000000000711, -32.20000000000000284, -11.54999999999998117 ) ) ;
#2734 = ORIENTED_EDGE ( 'NONE', *, *, #72, .F. ) ;
#2735 = ADVANCED_FACE ( 'NONE', ( #1449 ), #900, .F. ) ;
#2736 = EDGE_LOOP ( 'NONE', ( #1033, #3425, #2043, #1322 ) ) ;
#2737 = CARTESIAN_POINT ( 'NONE',  ( -17.50000000000000000, -26.20000000000000284, 5.150000000000009237 ) ) ;
#2738 = FACE_OUTER_BOUND ( 'NONE', #1246, .T. ) ;
#2739 = LINE ( 'NONE', #1665, #1701 ) ;
#2740 = CARTESIAN_POINT ( 'NONE',  ( 6.000000000000000000, 10.72266117239508887, 0.000000000000000000 ) ) ;
#2741 = FACE_OUTER_BOUND ( 'NONE', #1798, .T. ) ;
#2742 = CARTESIAN_POINT ( 'NONE',  ( 4.985962933395687635, 6.787537437239616445, -19.35412487549036342 ) ) ;
#2743 = EDGE_CURVE ( 'NONE', #710, #2985, #2505, .T. ) ;
#2744 = ORIENTED_EDGE ( 'NONE', *, *, #3119, .F. ) ;
#2745 = EDGE_CURVE ( 'NONE', #755, #1606, #787, .T. ) ;
#2746 = CARTESIAN_POINT ( 'NONE',  ( 0.000000000000000000, 14.12971002403926413, 31.38237902200329543 ) ) ;
#2747 = ORIENTED_EDGE ( 'NONE', *, *, #362, .T. ) ;
#2748 = VERTEX_POINT ( 'NONE', #2792 ) ;
#2749 = EDGE_CURVE ( 'NONE', #2655, #1989, #1255, .T. ) ;
#2750 = ORIENTED_EDGE ( 'NONE', *, *, #2873, .T. ) ;
#2751 = ORIENTED_EDGE ( 'NONE', *, *, #1319, .F. ) ;
#2752 = DIRECTION ( 'NONE',  ( -0.000000000000000000, -1.000000000000000000, 0.000000000000000000 ) ) ;
#2753 = LINE ( 'NONE', #556, #2717 ) ;
#2754 = DIRECTION ( 'NONE',  ( 1.000000000000000000, 0.000000000000000000, -1.334402673828312846E-16 ) ) ;
#2755 = CARTESIAN_POINT ( 'NONE',  ( -19.00000000000000711, -32.20000000000000284, -7.049999999999984723 ) ) ;
#2756 = DIRECTION ( 'NONE',  ( 0.000000000000000000, 0.000000000000000000, -1.000000000000000000 ) ) ;
#2757 = LINE ( 'NONE', #3278, #2984 ) ;
#2758 = ORIENTED_EDGE ( 'NONE', *, *, #2999, .T. ) ;
#2759 = CARTESIAN_POINT ( 'NONE',  ( -19.00000000000000355, 0.000000000000000000, 27.49862543497017953 ) ) ;
#2760 = DIRECTION ( 'NONE',  ( 0.000000000000000000, 1.000000000000000000, -2.668805347656614254E-15 ) ) ;
#2761 = ORIENTED_EDGE ( 'NONE', *, *, #1463, .T. ) ;
#2762 = VERTEX_POINT ( 'NONE', #2017 ) ;
#2763 = VERTEX_POINT ( 'NONE', #343 ) ;
#2764 = ORIENTED_EDGE ( 'NONE', *, *, #1889, .F. ) ;
#2765 = FACE_OUTER_BOUND ( 'NONE', #2899, .T. ) ;
#2766 = DIRECTION ( 'NONE',  ( 0.000000000000000000, 0.000000000000000000, 1.000000000000000000 ) ) ;
#2767 = LINE ( 'NONE', #2501, #504 ) ;
#2768 = AXIS2_PLACEMENT_3D ( 'NONE', #1609, #2450, #3052 ) ;
#2769 = DIRECTION ( 'NONE',  ( 1.000000000000000000, -0.000000000000000000, -0.000000000000000000 ) ) ;
#2770 = ADVANCED_FACE ( 'NONE', ( #2273 ), #1969, .F. ) ;
#2771 = CYLINDRICAL_SURFACE ( 'NONE', #1514, 2.999999999999999112 ) ;
#2772 = EDGE_CURVE ( 'NONE', #1837, #3185, #125, .T. ) ;
#2773 = CARTESIAN_POINT ( 'NONE',  ( 6.999999999999999112, -12.24999927169117697, -18.87149398043249704 ) ) ;
#2774 = ORIENTED_EDGE ( 'NONE', *, *, #2587, .T. ) ;
#2775 = CARTESIAN_POINT ( 'NONE',  ( -11.00000000000000355, -25.70832781755653684, -3.567747183457833567E-14 ) ) ;
#2776 = AXIS2_PLACEMENT_3D ( 'NONE', #380, #143, #2542 ) ;
#2777 = AXIS2_PLACEMENT_3D ( 'NONE', #3154, #2403, #1302 ) ;
#2778 = FACE_OUTER_BOUND ( 'NONE', #1536, .T. ) ;
#2779 = VERTEX_POINT ( 'NONE', #880 ) ;
#2780 = CARTESIAN_POINT ( 'NONE',  ( 4.456983138159767321, 13.82442854051511461, -19.29715992618812948 ) ) ;
#2781 = VECTOR ( 'NONE', #836, 1000.000000000000000 ) ;
#2782 = ORIENTED_EDGE ( 'NONE', *, *, #170, .F. ) ;
#2783 = ADVANCED_FACE ( 'NONE', ( #112 ), #3094, .T. ) ;
#2784 = ORIENTED_EDGE ( 'NONE', *, *, #102, .T. ) ;
#2785 = DIRECTION ( 'NONE',  ( 0.000000000000000000, -1.695169520498508698E-16, 1.000000000000000000 ) ) ;
#2786 = EDGE_CURVE ( 'NONE', #1419, #439, #1477, .T. ) ;
#2787 = AXIS2_PLACEMENT_3D ( 'NONE', #1234, #2319, #2640 ) ;
#2788 = EDGE_CURVE ( 'NONE', #3512, #1600, #1988, .T. ) ;
#2789 = SURFACE_STYLE_FILL_AREA ( #3363 ) ;
#2790 = CARTESIAN_POINT ( 'NONE',  ( 6.999999999999999112, -40.49999999999999289, -0.4276339069537362647 ) ) ;
#2791 = LINE ( 'NONE', #357, #1804 ) ;
#2792 = CARTESIAN_POINT ( 'NONE',  ( 7.000000000000000000, -30.49999999999999645, -1.472366093046240110 ) ) ;
#2793 = VERTEX_POINT ( 'NONE', #1221 ) ;
#2794 = CARTESIAN_POINT ( 'NONE',  ( -5.954748607317418951, 4.114584349593752854, -20.49999999999998579 ) ) ;
#2795 = FACE_BOUND ( 'NONE', #1833, .T. ) ;
#2796 = ORIENTED_EDGE ( 'NONE', *, *, #1099, .F. ) ;
#2797 = FACE_OUTER_BOUND ( 'NONE', #3236, .T. ) ;
#2798 = VERTEX_POINT ( 'NONE', #1717 ) ;
#2799 = VERTEX_POINT ( 'NONE', #2805 ) ;
#2800 = DIRECTION ( 'NONE',  ( 0.000000000000000000, 0.000000000000000000, 1.000000000000000000 ) ) ;
#2801 = ADVANCED_FACE ( 'NONE', ( #360 ), #2539, .F. ) ;
#2802 =( NAMED_UNIT ( * ) PLANE_ANGLE_UNIT ( ) SI_UNIT ( $, .RADIAN. ) );
#2803 = DIRECTION ( 'NONE',  ( 0.000000000000000000, -2.081668171172168513E-15, -1.000000000000000000 ) ) ;
#2804 = FACE_BOUND ( 'NONE', #2059, .T. ) ;
#2805 = CARTESIAN_POINT ( 'NONE',  ( -17.50000000000000000, -25.70832781755651908, -11.54999999999998472 ) ) ;
#2806 = ORIENTED_EDGE ( 'NONE', *, *, #3375, .F. ) ;
#2807 = DIRECTION ( 'NONE',  ( 0.000000000000000000, -1.084202172485504434E-16, 1.000000000000000000 ) ) ;
#2808 = EDGE_CURVE ( 'NONE', #1865, #1910, #2442, .T. ) ;
#2809 = DIRECTION ( 'NONE',  ( -1.000000000000000000, -0.000000000000000000, -0.000000000000000000 ) ) ;
#2810 = APPLICATION_PROTOCOL_DEFINITION ( 'draft international standard', 'automotive_design', 1998, #3173 ) ;
#2811 = VERTEX_POINT ( 'NONE', #3492 ) ;
#2812 = EDGE_CURVE ( 'NONE', #1055, #2104, #981, .T. ) ;
#2813 = EDGE_CURVE ( 'NONE', #2901, #599, #1519, .T. ) ;
#2814 = DIRECTION ( 'NONE',  ( 1.000000000000000000, -0.000000000000000000, -0.000000000000000000 ) ) ;
#2815 = ORIENTED_EDGE ( 'NONE', *, *, #761, .T. ) ;
#2816 = VECTOR ( 'NONE', #2809, 1000.000000000000000 ) ;
#2817 = ORIENTED_EDGE ( 'NONE', *, *, #3287, .T. ) ;
#2818 = DIRECTION ( 'NONE',  ( 0.000000000000000000, -1.000000000000000000, 0.000000000000000000 ) ) ;
#2819 = VECTOR ( 'NONE', #876, 1000.000000000000000 ) ;
#2820 = AXIS2_PLACEMENT_3D ( 'NONE', #1061, #2398, #769 ) ;
#2821 = DIRECTION ( 'NONE',  ( 0.000000000000000000, 0.000000000000000000, -1.000000000000000000 ) ) ;
#2822 = CYLINDRICAL_SURFACE ( 'NONE', #2075, 2.499999999999998668 ) ;
#2823 = EDGE_CURVE ( 'NONE', #2835, #3290, #734, .T. ) ;
#2824 = DIRECTION ( 'NONE',  ( 0.000000000000000000, 1.000000000000000000, 0.000000000000000000 ) ) ;
#2825 = AXIS2_PLACEMENT_3D ( 'NONE', #1537, #748, #2638 ) ;
#2826 = CARTESIAN_POINT ( 'NONE',  ( 5.537757815059443089, -7.912221907431534973, -19.54377605706888588 ) ) ;
#2827 = ORIENTED_EDGE ( 'NONE', *, *, #204, .T. ) ;
#2828 = DIRECTION ( 'NONE',  ( 0.000000000000000000, 1.000000000000000000, 0.000000000000000000 ) ) ;
#2829 = VECTOR ( 'NONE', #1555, 1000.000000000000114 ) ;
#2830 = DIRECTION ( 'NONE',  ( 0.000000000000000000, 0.000000000000000000, 1.000000000000000000 ) ) ;
#2831 = VECTOR ( 'NONE', #2267, 1000.000000000000000 ) ;
#2832 = VERTEX_POINT ( 'NONE', #483 ) ;
#2833 = VECTOR ( 'NONE', #2486, 1000.000000000000000 ) ;
#2834 = LINE ( 'NONE', #1478, #2144 ) ;
#2835 = VERTEX_POINT ( 'NONE', #3168 ) ;
#2836 = VERTEX_POINT ( 'NONE', #2036 ) ;
#2837 = LINE ( 'NONE', #107, #1750 ) ;
#2838 = LINE ( 'NONE', #2886, #2955 ) ;
#2839 = LINE ( 'NONE', #1484, #27 ) ;
#2840 = CARTESIAN_POINT ( 'NONE',  ( 0.000000000000000000, -29.19999999999999929, -11.54999999999998117 ) ) ;
#2841 = AXIS2_PLACEMENT_3D ( 'NONE', #3159, #3411, #2863 ) ;
#2842 = VECTOR ( 'NONE', #3259, 1000.000000000000000 ) ;
#2843 = DIRECTION ( 'NONE',  ( 0.000000000000000000, 0.000000000000000000, 1.000000000000000000 ) ) ;
#2844 = EDGE_CURVE ( 'NONE', #793, #1723, #3417, .T. ) ;
#2845 = DIRECTION ( 'NONE',  ( 0.000000000000000000, -1.000000000000000000, 5.940833821838381710E-17 ) ) ;
#2846 = ORIENTED_EDGE ( 'NONE', *, *, #316, .F. ) ;
#2847 = EDGE_CURVE ( 'NONE', #1054, #724, #179, .T. ) ;
#2848 = FACE_BOUND ( 'NONE', #3218, .T. ) ;
#2849 = EDGE_LOOP ( 'NONE', ( #1370, #1064, #288, #2157 ) ) ;
#2850 = ORIENTED_EDGE ( 'NONE', *, *, #1703, .F. ) ;
#2851 = FACE_OUTER_BOUND ( 'NONE', #603, .T. ) ;
#2852 = EDGE_CURVE ( 'NONE', #2677, #96, #3474, .T. ) ;
#2853 = CARTESIAN_POINT ( 'NONE',  ( 3.500000000000000444, -11.40514059298904037, -21.11787191235350036 ) ) ;
#2854 = CARTESIAN_POINT ( 'NONE',  ( 5.917190429162962673, -1.499999999999993783, 40.90000000000001279 ) ) ;
#2855 = CARTESIAN_POINT ( 'NONE',  ( 0.000000000000000000, 0.6854156504062687283, -20.49999999999998579 ) ) ;
#2856 = DIRECTION ( 'NONE',  ( -1.000000000000000000, 0.000000000000000000, 0.000000000000000000 ) ) ;
#2857 = CARTESIAN_POINT ( 'NONE',  ( 6.999999999999999112, 21.25000000000000355, -21.79999999999998650 ) ) ;
#2858 = CARTESIAN_POINT ( 'NONE',  ( 6.999999999999999112, -12.24999927169117697, -21.27149398043249917 ) ) ;
#2859 = ORIENTED_EDGE ( 'NONE', *, *, #401, .T. ) ;
#2860 = CARTESIAN_POINT ( 'NONE',  ( -88.41379982785491620, 29.19999999999999929, 40.90000000000001279 ) ) ;
#2861 = ORIENTED_EDGE ( 'NONE', *, *, #170, .T. ) ;
#2862 = ORIENTED_EDGE ( 'NONE', *, *, #885, .T. ) ;
#2863 = DIRECTION ( 'NONE',  ( 0.000000000000000000, 0.000000000000000000, -1.000000000000000000 ) ) ;
#2864 = AXIS2_PLACEMENT_3D ( 'NONE', #1240, #1814, #2949 ) ;
#2865 = DIRECTION ( 'NONE',  ( -1.000000000000000000, -0.000000000000000000, -0.000000000000000000 ) ) ;
#2866 = ORIENTED_EDGE ( 'NONE', *, *, #2171, .T. ) ;
#2867 = DIRECTION ( 'NONE',  ( 1.000000000000000000, 0.000000000000000000, 0.000000000000000000 ) ) ;
#2868 = CARTESIAN_POINT ( 'NONE',  ( -19.00000000000000355, -1.449999999999987743, -21.79999999999999005 ) ) ;
#2869 = CARTESIAN_POINT ( 'NONE',  ( -19.00000000000000355, -25.70832781755656882, 21.85000000000000497 ) ) ;
#2870 = VECTOR ( 'NONE', #1391, 1000.000000000000000 ) ;
#2871 = CARTESIAN_POINT ( 'NONE',  ( 1.000000000000000888, 10.50000000000000533, -16.47725054630192787 ) ) ;
#2872 = PLANE ( 'NONE',  #3452 ) ;
#2873 = EDGE_CURVE ( 'NONE', #1335, #1638, #3478, .T. ) ;
#2874 = CYLINDRICAL_SURFACE ( 'NONE', #3160, 3.000000000000002665 ) ;
#2875 = VERTEX_POINT ( 'NONE', #2910 ) ;
#2876 = CIRCLE ( 'NONE', #203, 3.000000000000002665 ) ;
#2877 = DIRECTION ( 'NONE',  ( 0.000000000000000000, -1.084202172485504434E-16, 1.000000000000000000 ) ) ;
#2878 = AXIS2_PLACEMENT_3D ( 'NONE', #2982, #2968, #594 ) ;
#2879 = EDGE_CURVE ( 'NONE', #793, #1834, #2114, .T. ) ;
#2880 = EDGE_LOOP ( 'NONE', ( #2774, #2637, #1074, #1266 ) ) ;
#2881 = VERTEX_POINT ( 'NONE', #2926 ) ;
#2882 = DIRECTION ( 'NONE',  ( -1.000000000000000000, -0.000000000000000000, -0.000000000000000000 ) ) ;
#2883 = CIRCLE ( 'NONE', #1862, 2.499999999999995115 ) ;
#2884 = VECTOR ( 'NONE', #1141, 1000.000000000000000 ) ;
#2885 = ADVANCED_FACE ( 'NONE', ( #2053 ), #566, .F. ) ;
#2886 = CARTESIAN_POINT ( 'NONE',  ( -19.00000000000000355, -29.19999999999999929, 26.35000000000001208 ) ) ;
#2887 = EDGE_LOOP ( 'NONE', ( #798, #3285, #131, #458 ) ) ;
#2888 = ORIENTED_EDGE ( 'NONE', *, *, #2257, .T. ) ;
#2889 = LINE ( 'NONE', #2924, #3396 ) ;
#2890 = EDGE_CURVE ( 'NONE', #617, #2977, #1079, .T. ) ;
#2891 = CARTESIAN_POINT ( 'NONE',  ( -19.00000000000000711, -1.499999999999994227, 36.70000000000000995 ) ) ;
#2892 = ADVANCED_FACE ( 'NONE', ( #751 ), #2605, .F. ) ;
#2893 = CIRCLE ( 'NONE', #562, 1.100000000000000311 ) ;
#2894 = CARTESIAN_POINT ( 'NONE',  ( -19.00000000000000355, -17.99999999999998224, -21.79999999999998650 ) ) ;
#2895 = DIRECTION ( 'NONE',  ( 1.000000000000000000, -0.000000000000000000, 0.000000000000000000 ) ) ;
#2896 = LINE ( 'NONE', #1844, #1907 ) ;
#2897 = VECTOR ( 'NONE', #235, 1000.000000000000000 ) ;
#2898 = DIRECTION ( 'NONE',  ( 1.000000000000000000, 0.000000000000000000, 0.000000000000000000 ) ) ;
#2899 = EDGE_LOOP ( 'NONE', ( #445, #2203, #2630, #2689, #689, #2141 ) ) ;
#2900 = CARTESIAN_POINT ( 'NONE',  ( 6.000000000000000000, 29.19999999999999218, -20.49999999999998579 ) ) ;
#2901 = VERTEX_POINT ( 'NONE', #2869 ) ;
#2902 = VERTEX_POINT ( 'NONE', #3454 ) ;
#2903 = CARTESIAN_POINT ( 'NONE',  ( -5.954748607317418951, 10.72266117239508887, 26.49862543497017953 ) ) ;
#2904 = CARTESIAN_POINT ( 'NONE',  ( 6.000000000000000000, -12.24999927169117697, -18.87149398043249704 ) ) ;
#2905 = ORIENTED_EDGE ( 'NONE', *, *, #2553, .T. ) ;
#2906 = EDGE_LOOP ( 'NONE', ( #3047, #300, #1067, #1388 ) ) ;
#2907 = DIRECTION ( 'NONE',  ( 0.000000000000000000, 0.000000000000000000, -1.000000000000000000 ) ) ;
#2908 = DIRECTION ( 'NONE',  ( 0.000000000000000000, 0.000000000000000000, -1.000000000000000000 ) ) ;
#2909 = EDGE_CURVE ( 'NONE', #588, #977, #197, .T. ) ;
#2910 = CARTESIAN_POINT ( 'NONE',  ( 0.000000000000000000, -1.499999999999994449, 32.60000000000000853 ) ) ;
#2911 = LINE ( 'NONE', #1026, #2081 ) ;
#2912 = DIRECTION ( 'NONE',  ( -1.000000000000000000, 0.000000000000000000, 0.000000000000000000 ) ) ;
#2913 = DIRECTION ( 'NONE',  ( 1.000000000000000000, -0.000000000000000000, -0.000000000000000000 ) ) ;
#2914 = ORIENTED_EDGE ( 'NONE', *, *, #3451, .T. ) ;
#2915 = CARTESIAN_POINT ( 'NONE',  ( 5.992026004737161848, 16.01465392904721696, -20.49999999999998579 ) ) ;
#2916 = EDGE_LOOP ( 'NONE', ( #959, #569, #659, #3280, #763, #1034, #2457 ) ) ;
#2917 = EDGE_CURVE ( 'NONE', #2577, #2779, #3206, .T. ) ;
#2918 = EDGE_LOOP ( 'NONE', ( #3470, #2995, #3367, #550 ) ) ;
#2919 = FACE_OUTER_BOUND ( 'NONE', #41, .T. ) ;
#2920 = EDGE_CURVE ( 'NONE', #2799, #240, #1827, .T. ) ;
#2921 = CARTESIAN_POINT ( 'NONE',  ( 6.000000000000000000, 29.19999999999999218, -20.49999999999998579 ) ) ;
#2922 = EDGE_LOOP ( 'NONE', ( #309, #881, #1109, #2334, #3426 ) ) ;
#2923 = ORIENTED_EDGE ( 'NONE', *, *, #48, .T. ) ;
#2924 = CARTESIAN_POINT ( 'NONE',  ( 0.000000000000000000, -30.50000000000000000, 5.150000000000008349 ) ) ;
#2925 = CARTESIAN_POINT ( 'NONE',  ( -17.50000000000000000, -25.70832781755651908, -11.54999999999999005 ) ) ;
#2926 = CARTESIAN_POINT ( 'NONE',  ( 1.732050807568875417, 13.12971002403926413, 30.38237902200329543 ) ) ;
#2927 = CARTESIAN_POINT ( 'NONE',  ( 0.000000000000000000, 0.000000000000000000, -21.79999999999998650 ) ) ;
#2928 = VECTOR ( 'NONE', #1706, 1000.000000000000000 ) ;
#2929 = DIRECTION ( 'NONE',  ( 0.000000000000000000, 0.000000000000000000, 1.000000000000000000 ) ) ;
#2930 = DIRECTION ( 'NONE',  ( -1.000000000000000000, 0.000000000000000000, 0.000000000000000000 ) ) ;
#2931 = EDGE_CURVE ( 'NONE', #977, #1055, #1313, .T. ) ;
#2932 = ORIENTED_EDGE ( 'NONE', *, *, #3058, .F. ) ;
#2933 = LINE ( 'NONE', #491, #2548 ) ;
#2934 = EDGE_LOOP ( 'NONE', ( #2614, #3306, #3480, #2850 ) ) ;
#2935 = ORIENTED_EDGE ( 'NONE', *, *, #2354, .F. ) ;
#2936 = CARTESIAN_POINT ( 'NONE',  ( -17.50000000000000000, -20.96491132730395535, 9.650000000000019895 ) ) ;
#2937 = DIRECTION ( 'NONE',  ( 1.000000000000000000, -0.000000000000000000, -0.000000000000000000 ) ) ;
#2938 = ORIENTED_EDGE ( 'NONE', *, *, #217, .T. ) ;
#2939 = ORIENTED_EDGE ( 'NONE', *, *, #2772, .T. ) ;
#2940 = AXIS2_PLACEMENT_3D ( 'NONE', #2212, #3311, #68 ) ;
#2941 = CARTESIAN_POINT ( 'NONE',  ( 7.000000000000000000, 0.000000000000000000, 30.38237902200329543 ) ) ;
#2942 = DIRECTION ( 'NONE',  ( 0.000000000000000000, 5.940833821838381710E-17, 1.000000000000000000 ) ) ;
#2943 = AXIS2_PLACEMENT_3D ( 'NONE', #3351, #918, #1758 ) ;
#2944 = AXIS2_PLACEMENT_3D ( 'NONE', #2172, #1065, #3321 ) ;
#2945 = CARTESIAN_POINT ( 'NONE',  ( -23.68401537145216196, -29.19999999999999929, 21.85000000000001208 ) ) ;
#2946 = ADVANCED_FACE ( 'NONE', ( #2588 ), #466, .F. ) ;
#2947 = DIRECTION ( 'NONE',  ( 0.000000000000000000, 0.000000000000000000, -1.000000000000000000 ) ) ;
#2948 = CARTESIAN_POINT ( 'NONE',  ( 0.000000000000000000, 4.114584349593754631, -20.49999999999998579 ) ) ;
#2949 = DIRECTION ( 'NONE',  ( 0.000000000000000000, 0.000000000000000000, -1.000000000000000000 ) ) ;
#2950 = EDGE_LOOP ( 'NONE', ( #1552, #1780, #462, #1425, #1903 ) ) ;
#2951 = VECTOR ( 'NONE', #697, 1000.000000000000000 ) ;
#2952 = VECTOR ( 'NONE', #1782, 1000.000000000000000 ) ;
#2953 = ADVANCED_FACE ( 'NONE', ( #1256 ), #1058, .F. ) ;
#2954 = DIRECTION ( 'NONE',  ( 0.000000000000000000, -1.000000000000000000, 0.000000000000000000 ) ) ;
#2955 = VECTOR ( 'NONE', #2635, 1000.000000000000000 ) ;
#2956 = ORIENTED_EDGE ( 'NONE', *, *, #1183, .T. ) ;
#2957 = ORIENTED_EDGE ( 'NONE', *, *, #1807, .T. ) ;
#2958 = FACE_OUTER_BOUND ( 'NONE', #2497, .T. ) ;
#2959 = CARTESIAN_POINT ( 'NONE',  ( 6.000000000000000000, -29.20000000000000284, 40.90000000000001279 ) ) ;
#2960 = ORIENTED_EDGE ( 'NONE', *, *, #3216, .F. ) ;
#2961 = ORIENTED_EDGE ( 'NONE', *, *, #61, .T. ) ;
#2962 = CARTESIAN_POINT ( 'NONE',  ( -19.00000000000000355, -32.20000000000000284, 21.85000000000000853 ) ) ;
#2963 = ADVANCED_FACE ( 'NONE', ( #1858 ), #1631, .T. ) ;
#2964 = LINE ( 'NONE', #1392, #1177 ) ;
#2965 = DIRECTION ( 'NONE',  ( 0.000000000000000000, -1.084202172485504434E-16, 1.000000000000000000 ) ) ;
#2966 = CARTESIAN_POINT ( 'NONE',  ( -19.00000000000000711, -12.24999927169117697, -17.77149398043249917 ) ) ;
#2967 = EDGE_CURVE ( 'NONE', #1288, #1600, #2466, .T. ) ;
#2968 = DIRECTION ( 'NONE',  ( 1.000000000000000000, -0.000000000000000000, -0.000000000000000000 ) ) ;
#2969 = CARTESIAN_POINT ( 'NONE',  ( 4.338805574734635684, 7.251730059154623653, -19.50751370479225955 ) ) ;
#2970 = ORIENTED_EDGE ( 'NONE', *, *, #3108, .F. ) ;
#2971 = DIRECTION ( 'NONE',  ( 0.000000000000000000, 1.000000000000000000, 0.000000000000000000 ) ) ;
#2972 = ORIENTED_EDGE ( 'NONE', *, *, #1140, .F. ) ;
#2973 = ADVANCED_FACE ( 'NONE', ( #2720 ), #1394, .F. ) ;
#2974 = ORIENTED_EDGE ( 'NONE', *, *, #1767, .F. ) ;
#2975 = LINE ( 'NONE', #1107, #1239 ) ;
#2976 = ORIENTED_EDGE ( 'NONE', *, *, #2071, .F. ) ;
#2977 = VERTEX_POINT ( 'NONE', #3000 ) ;
#2978 = FACE_OUTER_BOUND ( 'NONE', #2950, .T. ) ;
#2979 = FACE_OUTER_BOUND ( 'NONE', #3500, .T. ) ;
#2980 = LINE ( 'NONE', #2945, #2897 ) ;
#2981 = CARTESIAN_POINT ( 'NONE',  ( 0.000000000000000000, 0.000000000000000000, 0.000000000000000000 ) ) ;
#2982 = CARTESIAN_POINT ( 'NONE',  ( -19.00000000000000711, 10.50000000000000533, -18.87725054630192645 ) ) ;
#2983 = CARTESIAN_POINT ( 'NONE',  ( 3.982038401835584995, 7.422181489402244203, -19.58980836101663670 ) ) ;
#2984 = VECTOR ( 'NONE', #1900, 1000.000000000000000 ) ;
#2985 = VERTEX_POINT ( 'NONE', #1042 ) ;
#2986 = EDGE_CURVE ( 'NONE', #1920, #1377, #535, .T. ) ;
#2987 = CIRCLE ( 'NONE', #1281, 10.00000000000000000 ) ;
#2988 = CIRCLE ( 'NONE', #1283, 2.999999999999999112 ) ;
#2989 = EDGE_CURVE ( 'NONE', #970, #1458, #2739, .T. ) ;
#2990 = DIRECTION ( 'NONE',  ( 0.000000000000000000, 5.940833821838381710E-17, 1.000000000000000000 ) ) ;
#2991 = ORIENTED_EDGE ( 'NONE', *, *, #1986, .T. ) ;
#2992 = AXIS2_PLACEMENT_3D ( 'NONE', #839, #1593, #3522 ) ;
#2993 = ORIENTED_EDGE ( 'NONE', *, *, #3080, .F. ) ;
#2994 = DIRECTION ( 'NONE',  ( 0.000000000000000000, -1.084202172485504434E-16, 1.000000000000000000 ) ) ;
#2995 = ORIENTED_EDGE ( 'NONE', *, *, #582, .T. ) ;
#2996 = ORIENTED_EDGE ( 'NONE', *, *, #2443, .F. ) ;
#2997 = CARTESIAN_POINT ( 'NONE',  ( -19.00000000000000355, -25.70832781755657237, 26.35000000000001208 ) ) ;
#2998 = DIRECTION ( 'NONE',  ( 0.000000000000000000, -1.000000000000000000, 5.940833821838381710E-17 ) ) ;
#2999 = EDGE_CURVE ( 'NONE', #710, #1602, #2165, .T. ) ;
#3000 = CARTESIAN_POINT ( 'NONE',  ( 0.000000000000000000, -15.13096625971140519, -19.70817146545145704 ) ) ;
#3001 = AXIS2_PLACEMENT_3D ( 'NONE', #2616, #2028, #1766 ) ;
#3002 = AXIS2_PLACEMENT_3D ( 'NONE', #3205, #1840, #234 ) ;
#3003 = ADVANCED_FACE ( 'NONE', ( #520 ), #1096, .F. ) ;
#3004 = PLANE ( 'NONE',  #903 ) ;
#3005 = DIRECTION ( 'NONE',  ( 1.000000000000000000, -0.000000000000000000, -0.000000000000000000 ) ) ;
#3006 = VECTOR ( 'NONE', #438, 1000.000000000000000 ) ;
#3007 = FACE_OUTER_BOUND ( 'NONE', #2447, .T. ) ;
#3008 = ORIENTED_EDGE ( 'NONE', *, *, #1518, .F. ) ;
#3009 = EDGE_CURVE ( 'NONE', #584, #3246, #2272, .T. ) ;
#3010 = DIRECTION ( 'NONE',  ( 0.000000000000000000, 1.000000000000000000, 0.000000000000000000 ) ) ;
#3011 = CIRCLE ( 'NONE', #3189, 2.999999999999999112 ) ;
#3012 = ORIENTED_EDGE ( 'NONE', *, *, #2852, .F. ) ;
#3013 = ORIENTED_EDGE ( 'NONE', *, *, #2989, .T. ) ;
#3014 = AXIS2_PLACEMENT_3D ( 'NONE', #2507, #1420, #1401 ) ;
#3015 = AXIS2_PLACEMENT_3D ( 'NONE', #2428, #2198, #3525 ) ;
#3016 = CARTESIAN_POINT ( 'NONE',  ( 7.000000000000000000, 10.50000000000000533, -16.47725054630192787 ) ) ;
#3017 = ORIENTED_EDGE ( 'NONE', *, *, #516, .T. ) ;
#3018 = ORIENTED_EDGE ( 'NONE', *, *, #208, .F. ) ;
#3019 = DIRECTION ( 'NONE',  ( -1.000000000000000000, 0.000000000000000000, 0.000000000000000000 ) ) ;
#3020 = CARTESIAN_POINT ( 'NONE',  ( 1.000000000000000888, 10.50000000000000533, -18.87725054630192645 ) ) ;
#3021 = CARTESIAN_POINT ( 'NONE',  ( 1.180236342983381981, 11.40407094272392463, 27.18003520529901706 ) ) ;
#3022 = FACE_BOUND ( 'NONE', #1891, .T. ) ;
#3023 = EDGE_CURVE ( 'NONE', #2577, #2343, #2980, .T. ) ;
#3024 = DIRECTION ( 'NONE',  ( 0.000000000000000000, 0.000000000000000000, -1.000000000000000000 ) ) ;
#3025 = CARTESIAN_POINT ( 'NONE',  ( 3.205576312582226084, 7.616980938942852219, -19.70682941149867062 ) ) ;
#3026 = ORIENTED_EDGE ( 'NONE', *, *, #427, .T. ) ;
#3027 = ORIENTED_EDGE ( 'NONE', *, *, #3226, .T. ) ;
#3028 = CARTESIAN_POINT ( 'NONE',  ( -5.954748607317418951, 0.000000000000000000, 31.38237902200329543 ) ) ;
#3029 = CARTESIAN_POINT ( 'NONE',  ( 0.000000000000000000, -29.19999999999999929, 21.85000000000000853 ) ) ;
#3030 = VERTEX_POINT ( 'NONE', #1330 ) ;
#3031 = EDGE_LOOP ( 'NONE', ( #1073, #3471, #214, #1433 ) ) ;
#3032 = EDGE_CURVE ( 'NONE', #12, #1284, #1380, .T. ) ;
#3033 = ORIENTED_EDGE ( 'NONE', *, *, #3533, .T. ) ;
#3034 = VERTEX_POINT ( 'NONE', #2697 ) ;
#3035 = DIRECTION ( 'NONE',  ( 0.000000000000000000, -1.000000000000000000, 0.000000000000000000 ) ) ;
#3036 = ADVANCED_FACE ( 'NONE', ( #2413 ), #254, .T. ) ;
#3037 = PLANE ( 'NONE',  #1062 ) ;
#3038 = DIRECTION ( 'NONE',  ( 0.000000000000000000, 0.000000000000000000, 1.000000000000000000 ) ) ;
#3039 = DIRECTION ( 'NONE',  ( 0.000000000000000000, 0.000000000000000000, 1.000000000000000000 ) ) ;
#3040 = CARTESIAN_POINT ( 'NONE',  ( -14.50000000000000178, -26.19999999999999574, -11.54999999999998650 ) ) ;
#3041 = CARTESIAN_POINT ( 'NONE',  ( 5.976627852770886484, -6.864584349593727985, -20.49999999999998224 ) ) ;
#3042 = ORIENTED_EDGE ( 'NONE', *, *, #1510, .T. ) ;
#3043 = DIRECTION ( 'NONE',  ( 0.000000000000000000, 0.000000000000000000, 1.000000000000000000 ) ) ;
#3044 = EDGE_CURVE ( 'NONE', #155, #2985, #843, .T. ) ;
#3045 = AXIS2_PLACEMENT_3D ( 'NONE', #3210, #144, #1277 ) ;
#3046 = DIRECTION ( 'NONE',  ( 0.000000000000000000, 0.000000000000000000, -1.000000000000000000 ) ) ;
#3047 = ORIENTED_EDGE ( 'NONE', *, *, #246, .F. ) ;
#3048 = CARTESIAN_POINT ( 'NONE',  ( 3.933125302755351882, 13.61371052759832878, -19.30272905146579276 ) ) ;
#3049 = ORIENTED_EDGE ( 'NONE', *, *, #3087, .F. ) ;
#3050 = VERTEX_POINT ( 'NONE', #805 ) ;
#3051 = CARTESIAN_POINT ( 'NONE',  ( -14.50000000000000178, -29.19999999999999218, 9.650000000000016342 ) ) ;
#3052 = DIRECTION ( 'NONE',  ( 0.000000000000000000, 0.000000000000000000, -1.000000000000000000 ) ) ;
#3053 = CARTESIAN_POINT ( 'NONE',  ( 2.999999999999999112, 10.50000000000000533, -18.87725054630192645 ) ) ;
#3054 = CIRCLE ( 'NONE', #2543, 2.399999999999999467 ) ;
#3055 = CARTESIAN_POINT ( 'NONE',  ( -5.954748607317418951, -8.999999999999987566, -21.79999999999998650 ) ) ;
#3056 = CARTESIAN_POINT ( 'NONE',  ( 0.000000000000000000, 0.000000000000000000, 0.000000000000000000 ) ) ;
#3057 = DIRECTION ( 'NONE',  ( -1.000000000000000000, 0.000000000000000000, 0.000000000000000000 ) ) ;
#3058 = EDGE_CURVE ( 'NONE', #1103, #2274, #1935, .T. ) ;
#3059 = ORIENTED_EDGE ( 'NONE', *, *, #29, .T. ) ;
#3060 = CARTESIAN_POINT ( 'NONE',  ( -17.50000000000000000, -20.96491132730395535, -7.049999999999984723 ) ) ;
#3061 = VECTOR ( 'NONE', #3132, 1000.000000000000000 ) ;
#3062 = AXIS2_PLACEMENT_3D ( 'NONE', #206, #456, #1032 ) ;
#3063 = DIRECTION ( 'NONE',  ( 0.000000000000000000, 1.000000000000000000, -0.000000000000000000 ) ) ;
#3064 = EDGE_LOOP ( 'NONE', ( #1490, #1819, #2478, #2859 ) ) ;
#3065 = AXIS2_PLACEMENT_3D ( 'NONE', #1489, #1721, #2042 ) ;
#3066 = EDGE_CURVE ( 'NONE', #3034, #446, #2482, .T. ) ;
#3067 = VECTOR ( 'NONE', #2414, 1000.000000000000000 ) ;
#3068 = CARTESIAN_POINT ( 'NONE',  ( -5.954748607317418951, -1.449999999999987743, -21.79999999999999005 ) ) ;
#3069 = ORIENTED_EDGE ( 'NONE', *, *, #3403, .T. ) ;
#3070 = ORIENTED_EDGE ( 'NONE', *, *, #2662, .F. ) ;
#3071 = DIRECTION ( 'NONE',  ( 0.000000000000000000, 0.000000000000000000, 1.000000000000000000 ) ) ;
#3072 = VECTOR ( 'NONE', #1025, 1000.000000000000000 ) ;
#3073 = LINE ( 'NONE', #2535, #157 ) ;
#3074 = ADVANCED_FACE ( 'NONE', ( #2129 ), #3222, .T. ) ;
#3075 = CIRCLE ( 'NONE', #160, 2.399999999999999467 ) ;
#3076 = DIRECTION ( 'NONE',  ( 0.000000000000000000, -1.387778780781445676E-15, 1.000000000000000000 ) ) ;
#3077 = DIRECTION ( 'NONE',  ( -1.000000000000000000, 0.000000000000000000, 0.000000000000000000 ) ) ;
#3078 = CARTESIAN_POINT ( 'NONE',  ( -5.954748607317418951, 0.6854156504062675070, -20.49999999999998224 ) ) ;
#3079 = EDGE_CURVE ( 'NONE', #1561, #706, #1086, .T. ) ;
#3080 = EDGE_CURVE ( 'NONE', #3466, #480, #1444, .T. ) ;
#3081 = ORIENTED_EDGE ( 'NONE', *, *, #1424, .F. ) ;
#3082 = AXIS2_PLACEMENT_3D ( 'NONE', #58, #2843, #1418 ) ;
#3083 = CARTESIAN_POINT ( 'NONE',  ( 0.000000000000000000, -30.50000000000000000, 42.20000000000001705 ) ) ;
#3084 = LINE ( 'NONE', #2276, #477 ) ;
#3085 = ORIENTED_EDGE ( 'NONE', *, *, #1635, .T. ) ;
#3086 = PLANE ( 'NONE',  #601 ) ;
#3087 = EDGE_CURVE ( 'NONE', #1893, #2763, #340, .T. ) ;
#3088 = ORIENTED_EDGE ( 'NONE', *, *, #2262, .T. ) ;
#3089 = EDGE_LOOP ( 'NONE', ( #3325, #2424, #248, #1144, #67, #2366, #1049 ) ) ;
#3090 = PLANE ( 'NONE',  #834 ) ;
#3091 = DIRECTION ( 'NONE',  ( 0.000000000000000000, -1.084202172485504434E-16, -1.000000000000000000 ) ) ;
#3092 = DIRECTION ( 'NONE',  ( 1.000000000000000000, -0.000000000000000000, -0.000000000000000000 ) ) ;
#3093 = CARTESIAN_POINT ( 'NONE',  ( 7.000000000000000888, 12.25000000000000711, -21.79999999999998650 ) ) ;
#3094 = PLANE ( 'NONE',  #3362 ) ;
#3095 = ORIENTED_EDGE ( 'NONE', *, *, #807, .T. ) ;
#3096 = LINE ( 'NONE', #3398, #1690 ) ;
#3097 = DIRECTION ( 'NONE',  ( -1.000000000000000000, 0.000000000000000000, -0.000000000000000000 ) ) ;
#3098 = LINE ( 'NONE', #1455, #780 ) ;
#3099 = VERTEX_POINT ( 'NONE', #33 ) ;
#3100 = FACE_BOUND ( 'NONE', #1318, .T. ) ;
#3101 = VERTEX_POINT ( 'NONE', #392 ) ;
#3102 = VECTOR ( 'NONE', #1774, 1000.000000000000000 ) ;
#3103 = ORIENTED_EDGE ( 'NONE', *, *, #2376, .F. ) ;
#3104 = DIRECTION ( 'NONE',  ( 0.000000000000000000, -1.000000000000000000, 0.000000000000000000 ) ) ;
#3105 = CARTESIAN_POINT ( 'NONE',  ( 1.000000000000000888, 11.61458434959375197, -20.49999999999998579 ) ) ;
#3106 = CYLINDRICAL_SURFACE ( 'NONE', #315, 2.399999999999999467 ) ;
#3107 = CARTESIAN_POINT ( 'NONE',  ( 1.000000000000000000, -12.24999927169117697, -20.49999999999998224 ) ) ;
#3108 = EDGE_CURVE ( 'NONE', #2174, #3099, #2767, .T. ) ;
#3109 = CIRCLE ( 'NONE', #2649, 2.399999999999999467 ) ;
#3110 = ADVANCED_FACE ( 'NONE', ( #55 ), #2517, .T. ) ;
#3111 = DIRECTION ( 'NONE',  ( -0.7745966692414831822, 0.4472135954999582053, -0.4472135954999582053 ) ) ;
#3112 = CARTESIAN_POINT ( 'NONE',  ( -23.68401537145216196, -29.19999999999999929, 26.35000000000001208 ) ) ;
#3113 = AXIS2_PLACEMENT_3D ( 'NONE', #1272, #3166, #1857 ) ;
#3114 = CYLINDRICAL_SURFACE ( 'NONE', #1789, 2.499999999999998668 ) ;
#3115 = CARTESIAN_POINT ( 'NONE',  ( 6.000000000000000000, 0.6854156504062687283, -20.49999999999998579 ) ) ;
#3116 = CIRCLE ( 'NONE', #2373, 10.00000000000000000 ) ;
#3117 = ORIENTED_EDGE ( 'NONE', *, *, #2844, .F. ) ;
#3118 = CIRCLE ( 'NONE', #3402, 1.500000000000001332 ) ;
#3119 = EDGE_CURVE ( 'NONE', #2010, #1013, #1429, .T. ) ;
#3120 = VECTOR ( 'NONE', #226, 1000.000000000000000 ) ;
#3121 = DIRECTION ( 'NONE',  ( -1.000000000000000000, -0.000000000000000000, -0.000000000000000000 ) ) ;
#3122 = ORIENTED_EDGE ( 'NONE', *, *, #1176, .T. ) ;
#3123 =( GEOMETRIC_REPRESENTATION_CONTEXT ( 3 ) GLOBAL_UNCERTAINTY_ASSIGNED_CONTEXT ( ( #69 ) ) GLOBAL_UNIT_ASSIGNED_CONTEXT ( ( #1241, #2058, #3400 ) ) REPRESENTATION_CONTEXT ( 'NONE', 'WORKASPACE' ) );
#3124 = ORIENTED_EDGE ( 'NONE', *, *, #2261, .T. ) ;
#3125 = DIRECTION ( 'NONE',  ( 1.000000000000000000, 0.000000000000000000, -0.000000000000000000 ) ) ;
#3126 = FACE_OUTER_BOUND ( 'NONE', #176, .T. ) ;
#3127 = CARTESIAN_POINT ( 'NONE',  ( 1.000000000000000000, 10.50000000000000533, -20.49999999999998579 ) ) ;
#3128 = LINE ( 'NONE', #2840, #2260 ) ;
#3129 = VECTOR ( 'NONE', #245, 1000.000000000000000 ) ;
#3130 = VECTOR ( 'NONE', #2865, 1000.000000000000000 ) ;
#3131 = DIRECTION ( 'NONE',  ( 1.000000000000000000, -0.000000000000000000, -0.000000000000000000 ) ) ;
#3132 = DIRECTION ( 'NONE',  ( 1.000000000000000000, 0.000000000000000000, 0.000000000000000000 ) ) ;
#3133 = CARTESIAN_POINT ( 'NONE',  ( 6.000000000000000000, 29.19999999999999218, -20.49999999999998579 ) ) ;
#3134 = DIRECTION ( 'NONE',  ( 0.000000000000000000, 2.081668171172168908E-15, 1.000000000000000000 ) ) ;
#3135 = ORIENTED_EDGE ( 'NONE', *, *, #2524, .F. ) ;
#3136 = DIRECTION ( 'NONE',  ( -0.000000000000000000, 0.000000000000000000, -1.000000000000000000 ) ) ;
#3137 = EDGE_LOOP ( 'NONE', ( #313, #22, #2744, #1123 ) ) ;
#3138 = VERTEX_POINT ( 'NONE', #1414 ) ;
#3139 = DIRECTION ( 'NONE',  ( 0.000000000000000000, -1.000000000000000000, -1.387778780781445676E-15 ) ) ;
#3140 = EDGE_CURVE ( 'NONE', #1419, #2583, #1734, .T. ) ;
#3141 = EDGE_LOOP ( 'NONE', ( #531, #1459, #553, #2523, #1784, #2389 ) ) ;
#3142 = CARTESIAN_POINT ( 'NONE',  ( 0.000000000000000000, -8.999999999999987566, -21.79999999999998650 ) ) ;
#3143 = ORIENTED_EDGE ( 'NONE', *, *, #807, .F. ) ;
#3144 = EDGE_CURVE ( 'NONE', #96, #674, #3073, .T. ) ;
#3145 = LINE ( 'NONE', #2336, #3286 ) ;
#3146 = DIRECTION ( 'NONE',  ( 0.000000000000000000, 0.000000000000000000, -1.000000000000000000 ) ) ;
#3147 = DIRECTION ( 'NONE',  ( -0.000000000000000000, -1.695169520498508698E-16, 1.000000000000000000 ) ) ;
#3148 = CARTESIAN_POINT ( 'NONE',  ( 3.750413883401610970, 13.55917636371849078, -19.30702447353023388 ) ) ;
#3149 = CARTESIAN_POINT ( 'NONE',  ( 7.000000000000000000, -30.49999999999999289, -21.79999999999998650 ) ) ;
#3150 = EDGE_CURVE ( 'NONE', #3423, #2335, #1149, .T. ) ;
#3151 = DIRECTION ( 'NONE',  ( 0.000000000000000000, 0.000000000000000000, -1.000000000000000000 ) ) ;
#3152 = ORIENTED_EDGE ( 'NONE', *, *, #358, .T. ) ;
#3153 = EDGE_CURVE ( 'NONE', #817, #2343, #2268, .T. ) ;
#3154 = CARTESIAN_POINT ( 'NONE',  ( 7.000000000000000000, 0.000000000000000000, 0.000000000000000000 ) ) ;
#3155 = EDGE_CURVE ( 'NONE', #892, #2610, #3537, .T. ) ;
#3156 = VERTEX_POINT ( 'NONE', #1965 ) ;
#3157 = ORIENTED_EDGE ( 'NONE', *, *, #2847, .F. ) ;
#3158 = EDGE_CURVE ( 'NONE', #1404, #3263, #1991, .T. ) ;
#3159 = CARTESIAN_POINT ( 'NONE',  ( 2.999999999999999112, -1.499999999999994449, 35.60000000000001563 ) ) ;
#3160 = AXIS2_PLACEMENT_3D ( 'NONE', #1503, #2323, #3151 ) ;
#3161 = DIRECTION ( 'NONE',  ( 0.000000000000000000, -2.668805347656614254E-15, -1.000000000000000000 ) ) ;
#3162 = ORIENTED_EDGE ( 'NONE', *, *, #3443, .T. ) ;
#3163 = ORIENTED_EDGE ( 'NONE', *, *, #1722, .F. ) ;
#3164 = CARTESIAN_POINT ( 'NONE',  ( 6.999999999999999112, -32.20000000000000284, -7.049999999999988276 ) ) ;
#3165 = VECTOR ( 'NONE', #2233, 1000.000000000000000 ) ;
#3166 = DIRECTION ( 'NONE',  ( 0.000000000000000000, -0.000000000000000000, 1.000000000000000000 ) ) ;
#3167 = AXIS2_PLACEMENT_3D ( 'NONE', #1332, #2415, #3510 ) ;
#3168 = CARTESIAN_POINT ( 'NONE',  ( 1.000000000000000888, -12.24999927169117697, -16.47149398043249846 ) ) ;
#3169 = VECTOR ( 'NONE', #2716, 1000.000000000000000 ) ;
#3170 = CARTESIAN_POINT ( 'NONE',  ( 6.999999999999999112, -8.999999999999987566, -21.79999999999998650 ) ) ;
#3171 = DIRECTION ( 'NONE',  ( 0.000000000000000000, -1.387778780781445676E-15, 1.000000000000000000 ) ) ;
#3172 = CLOSED_SHELL ( 'NONE', ( #2612, #944, #1438, #947, #1959, #502, #1114, #2331, #1888, #2892, #2661, #1194, #1220, #3485, #136, #1358, #915, #2573, #2578, #2973, #2099, #159, #2508, #3224, #2309, #1629, #2154, #2540, #545, #393, #65, #2735, #3495, #851, #2627, #241, #1083, #3339, #728, #869, #167, #2520, #1769, #433, #1781, #808, #750, #3268, #2365, #2023, #652, #2885, #1127, #3267, #1031, #379, #954, #2037, #3036, #2052, #2674, #2783, #984, #888, #1482, #2946, #3110, #995, #2399, #1948, #89, #2953, #470, #1797, #2362, #180, #1071, #978, #2700, #314, #1398, #1502, #2963, #1892, #1333, #2770, #2705, #3461, #557, #285, #1435, #3074, #2412, #98, #1843, #354, #916, #1999, #626, #2516, #1060, #842, #2801, #3304, #2012, #1028, #2351, #1908, #3003 ) ) ;
#3173 = APPLICATION_CONTEXT ( 'automotive_design' ) ;
#3174 = LINE ( 'NONE', #3227, #77 ) ;
#3175 = ORIENTED_EDGE ( 'NONE', *, *, #2139, .F. ) ;
#3176 = CARTESIAN_POINT ( 'NONE',  ( -17.50000000000000000, -26.20000000000000284, 5.150000000000008349 ) ) ;
#3177 = CIRCLE ( 'NONE', #2721, 3.000000000000002665 ) ;
#3178 = ORIENTED_EDGE ( 'NONE', *, *, #3517, .F. ) ;
#3179 = EDGE_CURVE ( 'NONE', #2010, #711, #3416, .T. ) ;
#3180 = ORIENTED_EDGE ( 'NONE', *, *, #2931, .F. ) ;
#3181 = CARTESIAN_POINT ( 'NONE',  ( 7.000000000000000000, -30.49999999999999289, -21.79999999999998650 ) ) ;
#3182 = VECTOR ( 'NONE', #3010, 1000.000000000000000 ) ;
#3183 = PRODUCT_DEFINITION_FORMATION_WITH_SPECIFIED_SOURCE ( 'ANY', '', #645, .NOT_KNOWN. ) ;
#3184 = PLANE ( 'NONE',  #2449 ) ;
#3185 = VERTEX_POINT ( 'NONE', #3345 ) ;
#3186 = ORIENTED_EDGE ( 'NONE', *, *, #1446, .T. ) ;
#3187 = CARTESIAN_POINT ( 'NONE',  ( 6.000000000000000000, 0.000000000000000000, 0.000000000000000000 ) ) ;
#3188 = CARTESIAN_POINT ( 'NONE',  ( 0.000000000000000000, -1.499999999999994449, 35.60000000000001563 ) ) ;
#3189 = AXIS2_PLACEMENT_3D ( 'NONE', #3493, #2115, #1575 ) ;
#3190 = CARTESIAN_POINT ( 'NONE',  ( -14.50000000000000178, -29.19999999999999929, 26.35000000000001208 ) ) ;
#3191 = CARTESIAN_POINT ( 'NONE',  ( 0.000000000000000000, -40.49999999999999289, -0.4276339069537362647 ) ) ;
#3192 = CARTESIAN_POINT ( 'NONE',  ( 7.000000000000000000, -30.50000000000000000, 42.20000000000001705 ) ) ;
#3193 = AXIS2_PLACEMENT_3D ( 'NONE', #929, #3366, #328 ) ;
#3194 = EDGE_CURVE ( 'NONE', #3438, #2715, #3075, .T. ) ;
#3195 = CARTESIAN_POINT ( 'NONE',  ( -14.50000000000000178, -29.19999999999999929, 21.85000000000001208 ) ) ;
#3196 = VERTEX_POINT ( 'NONE', #3105 ) ;
#3197 = LINE ( 'NONE', #2900, #3006 ) ;
#3198 = ORIENTED_EDGE ( 'NONE', *, *, #3328, .T. ) ;
#3199 = ORIENTED_EDGE ( 'NONE', *, *, #1812, .F. ) ;
#3200 = DIRECTION ( 'NONE',  ( 0.000000000000000000, 0.000000000000000000, -1.000000000000000000 ) ) ;
#3201 = LINE ( 'NONE', #1286, #336 ) ;
#3202 = ORIENTED_EDGE ( 'NONE', *, *, #308, .F. ) ;
#3203 = EDGE_LOOP ( 'NONE', ( #2620, #3186, #3202, #2349 ) ) ;
#3204 = CARTESIAN_POINT ( 'NONE',  ( 5.999999999999998224, -11.13541565040624626, -20.49999999999998224 ) ) ;
#3205 = CARTESIAN_POINT ( 'NONE',  ( 2.999999999999999112, -1.499999999999993783, 41.60000000000000853 ) ) ;
#3206 = LINE ( 'NONE', #3190, #2159 ) ;
#3207 = CYLINDRICAL_SURFACE ( 'NONE', #2101, 1.500000000000001332 ) ;
#3208 = CARTESIAN_POINT ( 'NONE',  ( 7.000000000000000000, 10.50000000000000533, -18.87725054630192645 ) ) ;
#3209 = MANIFOLD_SOLID_BREP ( 'Cut-Extrude4', #3172 ) ;
#3210 = CARTESIAN_POINT ( 'NONE',  ( 7.000000000000000000, -30.49999999999999289, -21.79999999999998650 ) ) ;
#3211 = EDGE_LOOP ( 'NONE', ( #1943, #2636, #3482, #2294 ) ) ;
#3212 = CARTESIAN_POINT ( 'NONE',  ( -5.954748607317418951, 23.38541565040626224, -20.49999999999998579 ) ) ;
#3213 = VERTEX_POINT ( 'NONE', #1217 ) ;
#3214 = VERTEX_POINT ( 'NONE', #941 ) ;
#3215 = FACE_OUTER_BOUND ( 'NONE', #1617, .T. ) ;
#3216 = EDGE_CURVE ( 'NONE', #1641, #599, #2838, .T. ) ;
#3217 = CARTESIAN_POINT ( 'NONE',  ( -23.68401537145216196, -40.50000000000000000, 16.27236609304626924 ) ) ;
#3218 = EDGE_LOOP ( 'NONE', ( #154, #2592, #3374, #2600 ) ) ;
#3219 = VERTEX_POINT ( 'NONE', #2108 ) ;
#3220 = CARTESIAN_POINT ( 'NONE',  ( 5.917190429162962673, -1.499999999999993783, 40.90000000000001279 ) ) ;
#3221 = CARTESIAN_POINT ( 'NONE',  ( -88.41379982785491620, 29.19999999999999218, -20.49999999999998579 ) ) ;
#3222 = CYLINDRICAL_SURFACE ( 'NONE', #1871, 2.499999999999995115 ) ;
#3223 = LINE ( 'NONE', #3434, #2712 ) ;
#3224 = ADVANCED_FACE ( 'NONE', ( #122 ), #2370, .T. ) ;
#3225 = FACE_OUTER_BOUND ( 'NONE', #1118, .T. ) ;
#3226 = EDGE_CURVE ( 'NONE', #2902, #225, #2298, .T. ) ;
#3227 = CARTESIAN_POINT ( 'NONE',  ( 0.000000000000000000, 29.19999999999999218, -20.49999999999998579 ) ) ;
#3228 = ORIENTED_EDGE ( 'NONE', *, *, #2288, .F. ) ;
#3229 = DIRECTION ( 'NONE',  ( -0.000000000000000000, 1.000000000000000000, -0.000000000000000000 ) ) ;
#3230 = EDGE_CURVE ( 'NONE', #1723, #480, #3201, .T. ) ;
#3231 = AXIS2_PLACEMENT_3D ( 'NONE', #1695, #320, #2499 ) ;
#3232 = ORIENTED_EDGE ( 'NONE', *, *, #1550, .F. ) ;
#3233 = VERTEX_POINT ( 'NONE', #461 ) ;
#3234 = CARTESIAN_POINT ( 'NONE',  ( -17.50000000000000000, -20.96491132730395535, 9.650000000000019895 ) ) ;
#3235 = LINE ( 'NONE', #1623, #2781 ) ;
#3236 = EDGE_LOOP ( 'NONE', ( #2957, #1850, #2494, #813, #2137, #1212, #232 ) ) ;
#3237 = VERTEX_POINT ( 'NONE', #2584 ) ;
#3238 = CARTESIAN_POINT ( 'NONE',  ( 6.000000000000000000, 14.12971002403926413, 0.000000000000000000 ) ) ;
#3239 = CYLINDRICAL_SURFACE ( 'NONE', #2768, 1.500000000000004885 ) ;
#3240 = VECTOR ( 'NONE', #812, 1000.000000000000000 ) ;
#3241 = DIRECTION ( 'NONE',  ( 0.000000000000000000, 0.000000000000000000, -1.000000000000000000 ) ) ;
#3242 = CIRCLE ( 'NONE', #1928, 2.499999999999998668 ) ;
#3243 = LINE ( 'NONE', #2453, #2439 ) ;
#3244 = CARTESIAN_POINT ( 'NONE',  ( 6.000000000000000888, -16.49999999999998579, -21.79999999999998650 ) ) ;
#3245 = DIRECTION ( 'NONE',  ( 1.000000000000000000, -0.000000000000000000, 0.000000000000000000 ) ) ;
#3246 = VERTEX_POINT ( 'NONE', #962 ) ;
#3247 = VECTOR ( 'NONE', #1203, 1000.000000000000000 ) ;
#3248 = LINE ( 'NONE', #547, #2031 ) ;
#3249 = MECHANICAL_DESIGN_GEOMETRIC_PRESENTATION_REPRESENTATION (  '', ( #1082 ), #620 ) ;
#3250 = ORIENTED_EDGE ( 'NONE', *, *, #718, .F. ) ;
#3251 = DIRECTION ( 'NONE',  ( 1.000000000000000000, -0.000000000000000000, -0.000000000000000000 ) ) ;
#3252 = DIRECTION ( 'NONE',  ( -0.000000000000000000, 1.000000000000000000, 1.084202172485504434E-16 ) ) ;
#3253 = ORIENTED_EDGE ( 'NONE', *, *, #2484, .T. ) ;
#3254 = ORIENTED_EDGE ( 'NONE', *, *, #1262, .F. ) ;
#3255 = AXIS2_PLACEMENT_3D ( 'NONE', #2355, #2663, #3433 ) ;
#3256 = CARTESIAN_POINT ( 'NONE',  ( 1.000000000000000888, -1.499999999999994227, 36.70000000000000995 ) ) ;
#3257 = CARTESIAN_POINT ( 'NONE',  ( 0.000000000000000000, 10.72266117239508887, 31.38237902200329543 ) ) ;
#3258 = EDGE_CURVE ( 'NONE', #800, #617, #1533, .T. ) ;
#3259 = DIRECTION ( 'NONE',  ( 0.000000000000000000, -1.695169520498508698E-16, 1.000000000000000000 ) ) ;
#3260 = DIRECTION ( 'NONE',  ( 1.000000000000000000, -0.000000000000000000, 0.000000000000000000 ) ) ;
#3261 = DIRECTION ( 'NONE',  ( 0.000000000000000000, -7.228014483236697541E-16, 1.000000000000000000 ) ) ;
#3262 = CARTESIAN_POINT ( 'NONE',  ( 3.404489043830953410, -15.15813458687274995, -19.68987279788421318 ) ) ;
#3263 = VERTEX_POINT ( 'NONE', #2568 ) ;
#3264 = CARTESIAN_POINT ( 'NONE',  ( 1.000000000000000888, -8.999999999999987566, -21.79999999999998650 ) ) ;
#3265 = ORIENTED_EDGE ( 'NONE', *, *, #2719, .T. ) ;
#3266 = ORIENTED_EDGE ( 'NONE', *, *, #2931, .T. ) ;
#3267 = ADVANCED_FACE ( 'NONE', ( #2032 ), #3469, .F. ) ;
#3268 = ADVANCED_FACE ( 'NONE', ( #3126 ), #3184, .T. ) ;
#3269 = DIRECTION ( 'NONE',  ( 1.000000000000000000, 0.000000000000000000, 0.000000000000000000 ) ) ;
#3270 = ORIENTED_EDGE ( 'NONE', *, *, #2823, .T. ) ;
#3271 = EDGE_CURVE ( 'NONE', #3030, #3542, #444, .T. ) ;
#3272 = VERTEX_POINT ( 'NONE', #678 ) ;
#3273 = DIRECTION ( 'NONE',  ( -1.000000000000000000, 0.000000000000000000, -0.000000000000000000 ) ) ;
#3274 = DIRECTION ( 'NONE',  ( 0.000000000000000000, -1.000000000000000000, 0.000000000000000000 ) ) ;
#3275 = DIRECTION ( 'NONE',  ( 0.000000000000000000, 0.000000000000000000, -1.000000000000000000 ) ) ;
#3276 = DIRECTION ( 'NONE',  ( -1.000000000000000000, 0.000000000000000000, 0.000000000000000000 ) ) ;
#3277 = DIRECTION ( 'NONE',  ( -1.000000000000000000, 0.000000000000000000, -0.000000000000000000 ) ) ;
#3278 = CARTESIAN_POINT ( 'NONE',  ( -5.954748607317418951, -6.864584349593728874, -20.49999999999998224 ) ) ;
#3279 = AXIS2_PLACEMENT_3D ( 'NONE', #2221, #563, #1334 ) ;
#3280 = ORIENTED_EDGE ( 'NONE', *, *, #618, .F. ) ;
#3281 = AXIS2_PLACEMENT_3D ( 'NONE', #2790, #374, #2803 ) ;
#3282 = AXIS2_PLACEMENT_3D ( 'NONE', #3244, #1315, #2148 ) ;
#3283 = DIRECTION ( 'NONE',  ( 0.5000000000000004441, 0.000000000000000000, 0.8660254037844384856 ) ) ;
#3284 = ORIENTED_EDGE ( 'NONE', *, *, #2244, .T. ) ;
#3285 = ORIENTED_EDGE ( 'NONE', *, *, #2917, .F. ) ;
#3286 = VECTOR ( 'NONE', #3448, 1000.000000000000000 ) ;
#3287 = EDGE_CURVE ( 'NONE', #1341, #3356, #1768, .T. ) ;
#3288 = DIRECTION ( 'NONE',  ( 0.000000000000000000, 0.000000000000000000, -1.000000000000000000 ) ) ;
#3289 = ORIENTED_EDGE ( 'NONE', *, *, #2318, .T. ) ;
#3290 = VERTEX_POINT ( 'NONE', #1495 ) ;
#3291 = LINE ( 'NONE', #3238, #1453 ) ;
#3292 = AXIS2_PLACEMENT_3D ( 'NONE', #2069, #448, #1024 ) ;
#3293 = CARTESIAN_POINT ( 'NONE',  ( -19.00000000000000355, -25.70832781755657237, 26.35000000000001208 ) ) ;
#3294 = DIRECTION ( 'NONE',  ( 0.5000000000000004441, 0.000000000000000000, -0.8660254037844384856 ) ) ;
#3295 = VECTOR ( 'NONE', #2818, 1000.000000000000000 ) ;
#3296 = CIRCLE ( 'NONE', #3464, 2.399999999999999467 ) ;
#3297 = CARTESIAN_POINT ( 'NONE',  ( 7.000000000000000000, -30.50000000000000000, 42.20000000000001705 ) ) ;
#3298 = DIRECTION ( 'NONE',  ( 0.000000000000000000, -1.000000000000000000, -2.312964634635743450E-15 ) ) ;
#3299 = CARTESIAN_POINT ( 'NONE',  ( 6.000000000000000000, -18.15635091047225558, -19.92743447073868523 ) ) ;
#3300 = ORIENTED_EDGE ( 'NONE', *, *, #316, .T. ) ;
#3301 = FACE_OUTER_BOUND ( 'NONE', #1547, .T. ) ;
#3302 = EDGE_CURVE ( 'NONE', #1957, #2977, #1783, .T. ) ;
#3303 = PLANE ( 'NONE',  #778 ) ;
#3304 = ADVANCED_FACE ( 'NONE', ( #1511 ), #975, .F. ) ;
#3305 = EDGE_LOOP ( 'NONE', ( #3289, #3254, #614, #3033 ) ) ;
#3306 = ORIENTED_EDGE ( 'NONE', *, *, #579, .T. ) ;
#3307 = TOROIDAL_SURFACE ( 'NONE', #2841, 6.000000000000000888, 3.000000000000000000 ) ;
#3308 = PRESENTATION_LAYER_ASSIGNMENT (  '', '', ( #1082 ) ) ;
#3309 = ORIENTED_EDGE ( 'NONE', *, *, #1849, .T. ) ;
#3310 = ORIENTED_EDGE ( 'NONE', *, *, #1216, .F. ) ;
#3311 = DIRECTION ( 'NONE',  ( -1.000000000000000000, 0.000000000000000000, 0.000000000000000000 ) ) ;
#3312 = CARTESIAN_POINT ( 'NONE',  ( 6.999999999999999112, 13.12971002403926413, 30.38237902200329543 ) ) ;
#3313 = DIRECTION ( 'NONE',  ( -1.000000000000000000, 0.000000000000000000, -0.000000000000000000 ) ) ;
#3314 = DIRECTION ( 'NONE',  ( -1.000000000000000000, 0.000000000000000000, 0.000000000000000000 ) ) ;
#3315 = CARTESIAN_POINT ( 'NONE',  ( -17.50000000000000000, -20.96491132730395535, 21.85000000000000497 ) ) ;
#3316 = EDGE_CURVE ( 'NONE', #2583, #2345, #49, .T. ) ;
#3317 = CARTESIAN_POINT ( 'NONE',  ( 3.981906374923087633, -15.32625043680322285, -19.59063451690730062 ) ) ;
#3318 = ORIENTED_EDGE ( 'NONE', *, *, #2422, .T. ) ;
#3319 = CARTESIAN_POINT ( 'NONE',  ( -19.00000000000000355, -32.20000000000000284, 21.85000000000000853 ) ) ;
#3320 = PRODUCT_RELATED_PRODUCT_CATEGORY ( 'part', '', ( #645 ) ) ;
#3321 = DIRECTION ( 'NONE',  ( 0.000000000000000000, 0.000000000000000000, 1.000000000000000000 ) ) ;
#3322 = EDGE_LOOP ( 'NONE', ( #2440, #2084, #1587, #3135 ) ) ;
#3323 = CARTESIAN_POINT ( 'NONE',  ( 5.782519415497182180, 15.27489625476464852, -19.81144128786374736 ) ) ;
#3324 = ORIENTED_EDGE ( 'NONE', *, *, #401, .F. ) ;
#3325 = ORIENTED_EDGE ( 'NONE', *, *, #2582, .T. ) ;
#3326 = CARTESIAN_POINT ( 'NONE',  ( 0.000000000000000000, -29.19999999999999218, 9.650000000000016342 ) ) ;
#3327 = CARTESIAN_POINT ( 'NONE',  ( 7.000000000000000000, 30.50000000000000000, 42.20000000000001705 ) ) ;
#3328 = EDGE_CURVE ( 'NONE', #3156, #1796, #709, .T. ) ;
#3329 = UNCERTAINTY_MEASURE_WITH_UNIT (LENGTH_MEASURE( 1.000000000000000082E-05 ), #372, 'distance_accuracy_value', 'NONE');
#3330 = DIRECTION ( 'NONE',  ( 1.000000000000000000, 0.000000000000000000, -0.000000000000000000 ) ) ;
#3331 = CARTESIAN_POINT ( 'NONE',  ( -14.50000000000000178, -26.20000000000000284, 21.85000000000000497 ) ) ;
#3332 = DIRECTION ( 'NONE',  ( 0.000000000000000000, -1.000000000000000000, 0.000000000000000000 ) ) ;
#3333 = DIRECTION ( 'NONE',  ( -1.000000000000000000, -0.000000000000000000, 0.000000000000000000 ) ) ;
#3334 = EDGE_CURVE ( 'NONE', #454, #3356, #791, .T. ) ;
#3335 = ORIENTED_EDGE ( 'NONE', *, *, #2070, .F. ) ;
#3336 = PLANE ( 'NONE',  #673 ) ;
#3337 = DIRECTION ( 'NONE',  ( 0.000000000000000000, 5.940833821838381710E-17, 1.000000000000000000 ) ) ;
#3338 = ORIENTED_EDGE ( 'NONE', *, *, #3079, .F. ) ;
#3339 = ADVANCED_FACE ( 'NONE', ( #1590 ), #2654, .T. ) ;
#3340 = CIRCLE ( 'NONE', #1793, 2.399999999999999467 ) ;
#3341 = ORIENTED_EDGE ( 'NONE', *, *, #1574, .F. ) ;
#3342 = VERTEX_POINT ( 'NONE', #230 ) ;
#3343 = CARTESIAN_POINT ( 'NONE',  ( -5.954748607317418951, 10.72266117239508887, 0.000000000000000000 ) ) ;
#3344 = EDGE_CURVE ( 'NONE', #2343, #1989, #3540, .T. ) ;
#3345 = CARTESIAN_POINT ( 'NONE',  ( 0.000000000000000000, 14.12971002403926413, 26.49862543497017953 ) ) ;
#3346 = CARTESIAN_POINT ( 'NONE',  ( -19.00000000000000355, -25.70832781755651908, -11.54999999999999005 ) ) ;
#3347 = CARTESIAN_POINT ( 'NONE',  ( 1.000000000000000888, -1.499999999999994449, 34.50000000000001421 ) ) ;
#3348 = VECTOR ( 'NONE', #2002, 1000.000000000000000 ) ;
#3349 = DIRECTION ( 'NONE',  ( 1.000000000000000000, -0.000000000000000000, -0.000000000000000000 ) ) ;
#3350 = ORIENTED_EDGE ( 'NONE', *, *, #1884, .F. ) ;
#3351 = CARTESIAN_POINT ( 'NONE',  ( 0.000000000000000000, -40.49999999999999289, -1.472366093046238333 ) ) ;
#3352 = EDGE_CURVE ( 'NONE', #3101, #920, #1890, .T. ) ;
#3353 = VECTOR ( 'NONE', #1012, 1000.000000000000000 ) ;
#3354 = CARTESIAN_POINT ( 'NONE',  ( 0.000000000000000000, -32.20000000000000284, 9.650000000000019895 ) ) ;
#3355 = DIRECTION ( 'NONE',  ( 0.000000000000000000, 1.084202172485504434E-16, -1.000000000000000000 ) ) ;
#3356 = VERTEX_POINT ( 'NONE', #1307 ) ;
#3357 = AXIS2_PLACEMENT_3D ( 'NONE', #3170, #221, #2947 ) ;
#3358 = LINE ( 'NONE', #636, #1863 ) ;
#3359 = EDGE_LOOP ( 'NONE', ( #2974, #1200 ) ) ;
#3360 = EDGE_LOOP ( 'NONE', ( #694, #1779, #1761, #1048, #1085 ) ) ;
#3361 = CARTESIAN_POINT ( 'NONE',  ( 0.000000000000000000, 21.25000000000000355, -21.79999999999998650 ) ) ;
#3362 = AXIS2_PLACEMENT_3D ( 'NONE', #644, #3057, #1682 ) ;
#3363 = FILL_AREA_STYLE ('',( #1949 ) ) ;
#3364 = LINE ( 'NONE', #1204, #1906 ) ;
#3365 = CARTESIAN_POINT ( 'NONE',  ( 0.000000000000000000, -16.49999999999998579, -21.79999999999998650 ) ) ;
#3366 = DIRECTION ( 'NONE',  ( 1.000000000000000000, -0.000000000000000000, -0.000000000000000000 ) ) ;
#3367 = ORIENTED_EDGE ( 'NONE', *, *, #6, .T. ) ;
#3368 = EDGE_CURVE ( 'NONE', #2009, #3423, #2975, .T. ) ;
#3369 = DIRECTION ( 'NONE',  ( 0.000000000000000000, 0.000000000000000000, -1.000000000000000000 ) ) ;
#3370 = CARTESIAN_POINT ( 'NONE',  ( 0.000000000000000000, 29.19999999999999218, -20.49999999999998579 ) ) ;
#3371 = APPLICATION_PROTOCOL_DEFINITION ( 'draft international standard', 'automotive_design', 1998, #682 ) ;
#3372 = ORIENTED_EDGE ( 'NONE', *, *, #19, .T. ) ;
#3373 = LINE ( 'NONE', #921, #1927 ) ;
#3374 = ORIENTED_EDGE ( 'NONE', *, *, #627, .F. ) ;
#3375 = EDGE_CURVE ( 'NONE', #2832, #635, #613, .T. ) ;
#3376 = ORIENTED_EDGE ( 'NONE', *, *, #3258, .F. ) ;
#3377 = LINE ( 'NONE', #1162, #34 ) ;
#3378 = EDGE_CURVE ( 'NONE', #1586, #2748, #3235, .T. ) ;
#3379 = DIRECTION ( 'NONE',  ( 1.927470528863118802E-16, 0.000000000000000000, -1.000000000000000000 ) ) ;
#3380 = FACE_OUTER_BOUND ( 'NONE', #3305, .T. ) ;
#3381 = DIRECTION ( 'NONE',  ( 0.000000000000000000, 1.000000000000000000, -5.940833821838381710E-17 ) ) ;
#3382 = EDGE_CURVE ( 'NONE', #1600, #1409, #3242, .T. ) ;
#3383 = CARTESIAN_POINT ( 'NONE',  ( 5.958857284309696745, -6.963373393802680056, -20.33772640685194233 ) ) ;
#3384 = DIRECTION ( 'NONE',  ( 1.000000000000000000, 0.000000000000000000, 0.000000000000000000 ) ) ;
#3385 = FACE_OUTER_BOUND ( 'NONE', #2849, .T. ) ;
#3386 = ORIENTED_EDGE ( 'NONE', *, *, #390, .F. ) ;
#3387 = LINE ( 'NONE', #2576, #264 ) ;
#3388 = ORIENTED_EDGE ( 'NONE', *, *, #2443, .T. ) ;
#3389 = AXIS2_PLACEMENT_3D ( 'NONE', #1902, #2258, #2830 ) ;
#3390 = ORIENTED_EDGE ( 'NONE', *, *, #1041, .T. ) ;
#3391 = CARTESIAN_POINT ( 'NONE',  ( -8.485281374238574870, 8.731756744527887193, -20.49999999999998579 ) ) ;
#3392 = EDGE_CURVE ( 'NONE', #1020, #1641, #762, .T. ) ;
#3393 = DIRECTION ( 'NONE',  ( 0.000000000000000000, 1.084202172485504434E-16, -1.000000000000000000 ) ) ;
#3394 = DIRECTION ( 'NONE',  ( -1.000000000000000000, -0.000000000000000000, -0.000000000000000000 ) ) ;
#3395 = FACE_BOUND ( 'NONE', #1854, .T. ) ;
#3396 = VECTOR ( 'NONE', #695, 1000.000000000000000 ) ;
#3397 = DIRECTION ( 'NONE',  ( 1.000000000000000000, -0.000000000000000000, -0.000000000000000000 ) ) ;
#3398 = CARTESIAN_POINT ( 'NONE',  ( -19.00000000000000355, -25.70832781755654395, 5.150000000000008349 ) ) ;
#3399 = FACE_OUTER_BOUND ( 'NONE', #743, .T. ) ;
#3400 =( NAMED_UNIT ( * ) SI_UNIT ( $, .STERADIAN. ) SOLID_ANGLE_UNIT ( ) );
#3401 = ORIENTED_EDGE ( 'NONE', *, *, #2999, .F. ) ;
#3402 = AXIS2_PLACEMENT_3D ( 'NONE', #2504, #57, #2756 ) ;
#3403 = EDGE_CURVE ( 'NONE', #1103, #1723, #10, .T. ) ;
#3404 = AXIS2_PLACEMENT_3D ( 'NONE', #2055, #113, #1773 ) ;
#3405 = AXIS2_PLACEMENT_3D ( 'NONE', #2225, #2990, #866 ) ;
#3406 = EDGE_CURVE ( 'NONE', #2977, #1526, #1011, .T. ) ;
#3407 = DIRECTION ( 'NONE',  ( -1.000000000000000000, 0.000000000000000000, 0.000000000000000000 ) ) ;
#3408 = ORIENTED_EDGE ( 'NONE', *, *, #3226, .F. ) ;
#3409 = VECTOR ( 'NONE', #1090, 1000.000000000000000 ) ;
#3410 = EDGE_LOOP ( 'NONE', ( #2254, #3310, #746, #2194 ) ) ;
#3411 = DIRECTION ( 'NONE',  ( 1.000000000000000000, -0.000000000000000000, 0.000000000000000000 ) ) ;
#3412 = DIRECTION ( 'NONE',  ( 0.000000000000000000, -1.000000000000000000, 5.940833821838381710E-17 ) ) ;
#3413 = CARTESIAN_POINT ( 'NONE',  ( 6.000000000000000000, 29.19999999999999929, 40.90000000000001279 ) ) ;
#3414 = VECTOR ( 'NONE', #2396, 1000.000000000000000 ) ;
#3415 = LINE ( 'NONE', #1538, #1636 ) ;
#3416 = CIRCLE ( 'NONE', #1876, 2.999999999999999112 ) ;
#3417 = LINE ( 'NONE', #736, #2951 ) ;
#3418 = CARTESIAN_POINT ( 'NONE',  ( 3.190403751683716926, 13.46774533856188860, -19.31598464052726172 ) ) ;
#3419 = CARTESIAN_POINT ( 'NONE',  ( -19.00000000000000355, 13.12971002403926413, 27.49862543497017953 ) ) ;
#3420 = CARTESIAN_POINT ( 'NONE',  ( 6.000000000000000000, -6.475229307075055729, -20.49999999999998224 ) ) ;
#3421 = EDGE_CURVE ( 'NONE', #1154, #724, #2726, .T. ) ;
#3422 = CARTESIAN_POINT ( 'NONE',  ( 0.000000000000000000, -40.49999999999999289, 15.22763390695376984 ) ) ;
#3423 = VERTEX_POINT ( 'NONE', #286 ) ;
#3424 = DIRECTION ( 'NONE',  ( 1.000000000000000000, 0.000000000000000000, 0.000000000000000000 ) ) ;
#3425 = ORIENTED_EDGE ( 'NONE', *, *, #1550, .T. ) ;
#3426 = ORIENTED_EDGE ( 'NONE', *, *, #1722, .T. ) ;
#3427 = FACE_OUTER_BOUND ( 'NONE', #2259, .T. ) ;
#3428 = CARTESIAN_POINT ( 'NONE',  ( 6.000000000000000000, -12.24999927169117697, -18.87149398043249704 ) ) ;
#3429 = ORIENTED_EDGE ( 'NONE', *, *, #1689, .T. ) ;
#3430 = ORIENTED_EDGE ( 'NONE', *, *, #1105, .F. ) ;
#3431 = CARTESIAN_POINT ( 'NONE',  ( 6.999999999999999112, -12.24999927169117697, -18.87149398043249704 ) ) ;
#3432 = DIRECTION ( 'NONE',  ( 0.000000000000000000, 0.000000000000000000, -1.000000000000000000 ) ) ;
#3433 = DIRECTION ( 'NONE',  ( 0.000000000000000000, 0.000000000000000000, 1.000000000000000000 ) ) ;
#3434 = CARTESIAN_POINT ( 'NONE',  ( -14.50000000000000178, -29.19999999999999574, 9.650000000000019895 ) ) ;
#3435 = LINE ( 'NONE', #2131, #82 ) ;
#3436 = EDGE_CURVE ( 'NONE', #3447, #2227, #514, .T. ) ;
#3437 = DIRECTION ( 'NONE',  ( 0.000000000000000000, 0.000000000000000000, -1.000000000000000000 ) ) ;
#3438 = VERTEX_POINT ( 'NONE', #3016 ) ;
#3439 = CARTESIAN_POINT ( 'NONE',  ( 0.000000000000000000, -30.50000000000000000, 42.20000000000001705 ) ) ;
#3440 = ORIENTED_EDGE ( 'NONE', *, *, #2521, .T. ) ;
#3441 = ORIENTED_EDGE ( 'NONE', *, *, #885, .F. ) ;
#3442 = CARTESIAN_POINT ( 'NONE',  ( 0.000000000000000000, 0.000000000000000000, -21.79999999999998650 ) ) ;
#3443 = EDGE_CURVE ( 'NONE', #454, #2470, #529, .T. ) ;
#3444 = AXIS2_PLACEMENT_3D ( 'NONE', #2185, #2416, #523 ) ;
#3445 = DIRECTION ( 'NONE',  ( 1.000000000000000000, 0.000000000000000000, -0.000000000000000000 ) ) ;
#3446 = ORIENTED_EDGE ( 'NONE', *, *, #1953, .T. ) ;
#3447 = VERTEX_POINT ( 'NONE', #2423 ) ;
#3448 = DIRECTION ( 'NONE',  ( 0.000000000000000000, -1.695169520498508698E-16, 1.000000000000000000 ) ) ;
#3449 = VECTOR ( 'NONE', #1133, 1000.000000000000000 ) ;
#3450 = LINE ( 'NONE', #3473, #91 ) ;
#3451 = EDGE_CURVE ( 'NONE', #1404, #1624, #1359, .T. ) ;
#3452 = AXIS2_PLACEMENT_3D ( 'NONE', #1576, #2666, #1044 ) ;
#3453 = EDGE_CURVE ( 'NONE', #512, #1038, #2124, .T. ) ;
#3454 = CARTESIAN_POINT ( 'NONE',  ( 7.000000000000000000, -30.49999999999999289, -17.12763390695372223 ) ) ;
#3455 = CIRCLE ( 'NONE', #1914, 3.000000000000002665 ) ;
#3456 = CARTESIAN_POINT ( 'NONE',  ( -19.00000000000000711, -32.20000000000000284, -7.049999999999984723 ) ) ;
#3457 = DIRECTION ( 'NONE',  ( 0.000000000000000000, 0.000000000000000000, -1.000000000000000000 ) ) ;
#3458 = FACE_OUTER_BOUND ( 'NONE', #2186, .T. ) ;
#3459 = ORIENTED_EDGE ( 'NONE', *, *, #814, .F. ) ;
#3460 = AXIS2_PLACEMENT_3D ( 'NONE', #2353, #482, #2395 ) ;
#3461 = ADVANCED_FACE ( 'NONE', ( #3519 ), #816, .F. ) ;
#3462 = VECTOR ( 'NONE', #2882, 1000.000000000000000 ) ;
#3463 = CARTESIAN_POINT ( 'NONE',  ( -19.00000000000000355, -32.20000000000000284, 5.150000000000007461 ) ) ;
#3464 = AXIS2_PLACEMENT_3D ( 'NONE', #3528, #1081, #3261 ) ;
#3465 = ORIENTED_EDGE ( 'NONE', *, *, #988, .F. ) ;
#3466 = VERTEX_POINT ( 'NONE', #3502 ) ;
#3467 = PLANE ( 'NONE',  #2489 ) ;
#3468 = VECTOR ( 'NONE', #688, 1000.000000000000000 ) ;
#3469 = PLANE ( 'NONE',  #677 ) ;
#3470 = ORIENTED_EDGE ( 'NONE', *, *, #253, .F. ) ;
#3471 = ORIENTED_EDGE ( 'NONE', *, *, #1371, .T. ) ;
#3472 = CARTESIAN_POINT ( 'NONE',  ( 1.732050807568875195, 11.72266117239508887, 0.000000000000000000 ) ) ;
#3473 = CARTESIAN_POINT ( 'NONE',  ( 0.000000000000000000, 29.19999999999999218, -20.49999999999998579 ) ) ;
#3474 = LINE ( 'NONE', #2093, #3072 ) ;
#3475 = VECTOR ( 'NONE', #513, 1000.000000000000000 ) ;
#3476 = CARTESIAN_POINT ( 'NONE',  ( 6.000000000000000000, 10.50000000000000533, -18.87725054630192645 ) ) ;
#3477 = PLANE ( 'NONE',  #2820 ) ;
#3478 = CIRCLE ( 'NONE', #956, 1.100000000000000311 ) ;
#3479 = CARTESIAN_POINT ( 'NONE',  ( 1.000000000000000000, 10.50000000000000533, -18.87725054630192645 ) ) ;
#3480 = ORIENTED_EDGE ( 'NONE', *, *, #1671, .T. ) ;
#3481 = DIRECTION ( 'NONE',  ( -1.000000000000000000, 0.000000000000000000, 0.000000000000000000 ) ) ;
#3482 = ORIENTED_EDGE ( 'NONE', *, *, #1735, .F. ) ;
#3483 = ORIENTED_EDGE ( 'NONE', *, *, #2261, .F. ) ;
#3484 = CARTESIAN_POINT ( 'NONE',  ( 6.000000000000000000, -29.20000000000000284, 40.90000000000001279 ) ) ;
#3485 = ADVANCED_FACE ( 'NONE', ( #2692 ), #247, .F. ) ;
#3486 = DIRECTION ( 'NONE',  ( -1.000000000000000000, -0.000000000000000000, 1.334402673828312846E-16 ) ) ;
#3487 = VERTEX_POINT ( 'NONE', #552 ) ;
#3488 = VERTEX_POINT ( 'NONE', #414 ) ;
#3489 = CYLINDRICAL_SURFACE ( 'NONE', #200, 2.399999999999999467 ) ;
#3490 = EDGE_CURVE ( 'NONE', #1893, #3156, #1775, .T. ) ;
#3491 = DIRECTION ( 'NONE',  ( 1.000000000000000000, 0.000000000000000000, 0.000000000000000000 ) ) ;
#3492 = CARTESIAN_POINT ( 'NONE',  ( -19.00000000000000355, -25.70832781755654395, 5.150000000000008349 ) ) ;
#3493 = CARTESIAN_POINT ( 'NONE',  ( -14.50000000000000178, -26.20000000000000284, 9.650000000000007461 ) ) ;
#3494 = CYLINDRICAL_SURFACE ( 'NONE', #2246, 10.00000000000000000 ) ;
#3495 = ADVANCED_FACE ( 'NONE', ( #1707 ), #130, .F. ) ;
#3496 = CARTESIAN_POINT ( 'NONE',  ( -19.00000000000000355, -32.20000000000000284, 9.650000000000019895 ) ) ;
#3497 = ORIENTED_EDGE ( 'NONE', *, *, #1041, .F. ) ;
#3498 = DIRECTION ( 'NONE',  ( 1.000000000000000000, 0.000000000000000000, 0.000000000000000000 ) ) ;
#3499 = ORIENTED_EDGE ( 'NONE', *, *, #3392, .F. ) ;
#3500 = EDGE_LOOP ( 'NONE', ( #2441, #1143, #1818, #3350 ) ) ;
#3501 = DIRECTION ( 'NONE',  ( 1.000000000000000000, 0.000000000000000000, -0.000000000000000000 ) ) ;
#3502 = CARTESIAN_POINT ( 'NONE',  ( 1.732050807568871198, 11.72266117239508709, 30.38237902200329543 ) ) ;
#3503 = ORIENTED_EDGE ( 'NONE', *, *, #3009, .T. ) ;
#3504 = ORIENTED_EDGE ( 'NONE', *, *, #3150, .F. ) ;
#3505 = CARTESIAN_POINT ( 'NONE',  ( 6.000000000000000000, 8.731756744527887193, -20.49999999999998579 ) ) ;
#3506 = CARTESIAN_POINT ( 'NONE',  ( 6.000000000000000000, 23.38541565040626224, -20.49999999999998579 ) ) ;
#3507 = VECTOR ( 'NONE', #2898, 1000.000000000000000 ) ;
#3508 = DIRECTION ( 'NONE',  ( 0.000000000000000000, -0.000000000000000000, -1.000000000000000000 ) ) ;
#3509 = DIRECTION ( 'NONE',  ( 0.000000000000000000, -1.000000000000000000, 0.000000000000000000 ) ) ;
#3510 = DIRECTION ( 'NONE',  ( 0.000000000000000000, 6.938893903907226800E-15, -1.000000000000000000 ) ) ;
#3511 = CARTESIAN_POINT ( 'NONE',  ( 3.205601352545984550, -15.13096625971140519, -19.70817146545146059 ) ) ;
#3512 = VERTEX_POINT ( 'NONE', #3115 ) ;
#3513 = CARTESIAN_POINT ( 'NONE',  ( 0.000000000000000000, 10.72266117239508887, 26.49862543497017953 ) ) ;
#3514 = AXIS2_PLACEMENT_3D ( 'NONE', #1627, #1877, #2718 ) ;
#3515 = ORIENTED_EDGE ( 'NONE', *, *, #1671, .F. ) ;
#3516 = ORIENTED_EDGE ( 'NONE', *, *, #3421, .F. ) ;
#3517 = EDGE_CURVE ( 'NONE', #3488, #577, #3098, .T. ) ;
#3518 = VECTOR ( 'NONE', #3005, 1000.000000000000000 ) ;
#3519 = FACE_OUTER_BOUND ( 'NONE', #3322, .T. ) ;
#3520 = ORIENTED_EDGE ( 'NONE', *, *, #1446, .F. ) ;
#3521 = ORIENTED_EDGE ( 'NONE', *, *, #1475, .T. ) ;
#3522 = DIRECTION ( 'NONE',  ( 0.000000000000000000, 0.000000000000000000, -1.000000000000000000 ) ) ;
#3523 = DIRECTION ( 'NONE',  ( 1.000000000000000000, -0.000000000000000000, -0.000000000000000000 ) ) ;
#3524 = VECTOR ( 'NONE', #2613, 1000.000000000000000 ) ;
#3525 = DIRECTION ( 'NONE',  ( 0.000000000000000000, -1.000000000000000000, 0.000000000000000000 ) ) ;
#3526 = EDGE_CURVE ( 'NONE', #1957, #439, #150, .T. ) ;
#3527 = FACE_OUTER_BOUND ( 'NONE', #2529, .T. ) ;
#3528 = CARTESIAN_POINT ( 'NONE',  ( 1.000000000000000888, -12.24999927169117697, -18.87149398043249704 ) ) ;
#3529 = AXIS2_PLACEMENT_3D ( 'NONE', #2606, #1274, #1004 ) ;
#3530 = CARTESIAN_POINT ( 'NONE',  ( 5.617121205642229498, -16.74850353792763613, -19.30657777524685059 ) ) ;
#3531 = EDGE_CURVE ( 'NONE', #617, #439, #1209, .T. ) ;
#3532 = ORIENTED_EDGE ( 'NONE', *, *, #3421, .T. ) ;
#3533 = EDGE_CURVE ( 'NONE', #2188, #3342, #347, .T. ) ;
#3534 = AXIS2_PLACEMENT_3D ( 'NONE', #2287, #3333, #2559 ) ;
#3535 = EDGE_CURVE ( 'NONE', #2425, #3101, #2035, .T. ) ;
#3536 = LINE ( 'NONE', #1372, #273 ) ;
#3537 = CIRCLE ( 'NONE', #1311, 1.500000000000004885 ) ;
#3538 = ORIENTED_EDGE ( 'NONE', *, *, #814, .T. ) ;
#3539 = ORIENTED_EDGE ( 'NONE', *, *, #1683, .T. ) ;
#3540 = LINE ( 'NONE', #1375, #1755 ) ;
#3541 = ORIENTED_EDGE ( 'NONE', *, *, #2438, .T. ) ;
#3542 = VERTEX_POINT ( 'NONE', #670 ) ;
#3543 = CARTESIAN_POINT ( 'NONE',  ( 1.732050807568878525, 13.12971002403926235, 27.49862543497017953 ) ) ;
ENDSEC;
END-ISO-10303-21;
