ISO-10303-21;
HEADER;
FILE_DESCRIPTION (( 'STEP AP214' ),
    '1' );
FILE_NAME ('Bottom_Cover.STEP',
    '2026-02-26T21:21:37',
    ( '' ),
    ( '' ),
    'SwSTEP 2.0',
    'SolidWorks 2025',
    '' );
FILE_SCHEMA (( 'AUTOMOTIVE_DESIGN' ));
ENDSEC;

DATA;
#1 = EDGE_CURVE ( 'NONE', #1284, #3126, #1767, .T. ) ;
#2 = AXIS2_PLACEMENT_3D ( 'NONE', #3153, #2857, #3515 ) ;
#3 = ORIENTED_EDGE ( 'NONE', *, *, #1070, .T. ) ;
#4 = AXIS2_PLACEMENT_3D ( 'NONE', #2881, #2584, #3493 ) ;
#5 = DIRECTION ( 'NONE',  ( -1.000000000000000000, -0.000000000000000000, -0.000000000000000000 ) ) ;
#6 = AXIS2_PLACEMENT_3D ( 'NONE', #219, #2064, #2391 ) ;
#7 = CARTESIAN_POINT ( 'NONE',  ( 19.49167218244349797, 27.85000000000001208, 14.50000000000000178 ) ) ;
#8 = DIRECTION ( 'NONE',  ( 0.000000000000000000, 0.000000000000000000, 1.000000000000000000 ) ) ;
#9 = CYLINDRICAL_SURFACE ( 'NONE', #3830, 1.099999999999998979 ) ;
#10 = CARTESIAN_POINT ( 'NONE',  ( 29.70832781755651908, 26.55000000000001492, 14.50000000000000178 ) ) ;
#11 = AXIS2_PLACEMENT_3D ( 'NONE', #329, #1532, #2475 ) ;
#12 = CARTESIAN_POINT ( 'NONE',  ( 30.50000000000000355, 9.850000000000015632, 0.000000000000000000 ) ) ;
#13 = DIRECTION ( 'NONE',  ( 0.000000000000000000, -0.000000000000000000, -1.000000000000000000 ) ) ;
#14 = EDGE_CURVE ( 'NONE', #3822, #1528, #2924, .T. ) ;
#15 = DIRECTION ( 'NONE',  ( 0.000000000000000000, 0.000000000000000000, 1.000000000000000000 ) ) ;
#16 = ORIENTED_EDGE ( 'NONE', *, *, #1037, .T. ) ;
#17 = ORIENTED_EDGE ( 'NONE', *, *, #3288, .T. ) ;
#18 = ORIENTED_EDGE ( 'NONE', *, *, #2169, .F. ) ;
#19 = CARTESIAN_POINT ( 'NONE',  ( -1.500000000000006439, 35.60000000000001563, 14.50000000000000178 ) ) ;
#20 = DIRECTION ( 'NONE',  ( 0.000000000000000000, 1.000000000000000000, 0.000000000000000000 ) ) ;
#21 = ORIENTED_EDGE ( 'NONE', *, *, #3478, .T. ) ;
#22 = DIRECTION ( 'NONE',  ( 0.000000000000000000, 0.000000000000000000, 1.000000000000000000 ) ) ;
#23 = EDGE_CURVE ( 'NONE', #1447, #3284, #1942, .T. ) ;
#24 = VECTOR ( 'NONE', #1807, 1000.000000000000000 ) ;
#25 = VECTOR ( 'NONE', #1075, 1000.000000000000000 ) ;
#26 = CARTESIAN_POINT ( 'NONE',  ( 1.499999999999994449, 35.60000000000001563, 5.700000000000001954 ) ) ;
#27 = CARTESIAN_POINT ( 'NONE',  ( -21.24999999999999645, 32.95000000000001705, 17.50000000000000000 ) ) ;
#28 = LINE ( 'NONE', #3292, #2098 ) ;
#29 = CARTESIAN_POINT ( 'NONE',  ( 19.49167218244349797, 11.15000000000001634, 14.50000000000000178 ) ) ;
#30 = EDGE_LOOP ( 'NONE', ( #1097, #3723, #3746, #646 ) ) ;
#31 = DIRECTION ( 'NONE',  ( 0.000000000000000000, 0.000000000000000000, -1.000000000000000000 ) ) ;
#32 = ADVANCED_FACE ( 'NONE', ( #1439 ), #2000, .F. ) ;
#33 = CARTESIAN_POINT ( 'NONE',  ( 20.28424584082660331, -15.30797382440870535, 17.41418452668199635 ) ) ;
#34 = VERTEX_POINT ( 'NONE', #3537 ) ;
#35 = ORIENTED_EDGE ( 'NONE', *, *, #1944, .T. ) ;
#36 = ORIENTED_EDGE ( 'NONE', *, *, #1238, .T. ) ;
#37 = DIRECTION ( 'NONE',  ( -4.262219842694856156E-17, 1.000000000000000000, 0.000000000000000000 ) ) ;
#38 = PLANE ( 'NONE',  #2166 ) ;
#39 = VECTOR ( 'NONE', #3215, 1000.000000000000000 ) ;
#40 = EDGE_LOOP ( 'NONE', ( #1945, #2046, #2507, #3674, #21, #214 ) ) ;
#41 = DIRECTION ( 'NONE',  ( 1.000000000000000000, 0.000000000000000000, 0.000000000000000000 ) ) ;
#42 = CARTESIAN_POINT ( 'NONE',  ( 16.49167218244350153, 0.000000000000000000, 14.50000000000000178 ) ) ;
#43 = CARTESIAN_POINT ( 'NONE',  ( -30.49999999999999645, 42.20000000000001705, 0.000000000000000000 ) ) ;
#44 = FACE_OUTER_BOUND ( 'NONE', #1504, .T. ) ;
#45 = DIRECTION ( 'NONE',  ( -0.7840581977653588996, -0.6206873146093268012, 0.000000000000000000 ) ) ;
#46 = FACE_OUTER_BOUND ( 'NONE', #479, .T. ) ;
#47 = DIRECTION ( 'NONE',  ( 1.000000000000000000, 0.000000000000000000, 0.000000000000000000 ) ) ;
#48 = EDGE_CURVE ( 'NONE', #1598, #760, #1143, .T. ) ;
#49 = CARTESIAN_POINT ( 'NONE',  ( 20.21287435240195407, -15.21883437024215446, 17.34600257124084521 ) ) ;
#50 = ORIENTED_EDGE ( 'NONE', *, *, #1237, .F. ) ;
#51 = ORIENTED_EDGE ( 'NONE', *, *, #1497, .T. ) ;
#52 = ORIENTED_EDGE ( 'NONE', *, *, #536, .T. ) ;
#53 = CARTESIAN_POINT ( 'NONE',  ( 12.24999927169117697, -18.87149398043249704, 17.50000000000000000 ) ) ;
#54 = DIRECTION ( 'NONE',  ( 1.000000000000000000, 0.000000000000000000, 0.000000000000000000 ) ) ;
#55 = ORIENTED_EDGE ( 'NONE', *, *, #3131, .T. ) ;
#56 = LINE ( 'NONE', #699, #3018 ) ;
#57 = CARTESIAN_POINT ( 'NONE',  ( 12.24999927169117697, -18.87149398043249704, -6.485281374238573093 ) ) ;
#58 = VECTOR ( 'NONE', #1177, 1000.000000000000000 ) ;
#59 = EDGE_CURVE ( 'NONE', #421, #3575, #1165, .T. ) ;
#60 = AXIS2_PLACEMENT_3D ( 'NONE', #1873, #3715, #1594 ) ;
#61 = EDGE_CURVE ( 'NONE', #817, #3013, #2706, .T. ) ;
#62 = VERTEX_POINT ( 'NONE', #2629 ) ;
#63 = LINE ( 'NONE', #2560, #260 ) ;
#64 = AXIS2_PLACEMENT_3D ( 'NONE', #836, #1787, #3265 ) ;
#65 = CARTESIAN_POINT ( 'NONE',  ( 20.49167218244350153, -5.549999999999982059, 11.00000000000000355 ) ) ;
#66 = DIRECTION ( 'NONE',  ( -0.01114595732123251602, -0.9999378818883667419, 0.000000000000000000 ) ) ;
#67 = AXIS2_PLACEMENT_3D ( 'NONE', #1865, #3420, #423 ) ;
#68 = FACE_OUTER_BOUND ( 'NONE', #337, .T. ) ;
#69 = DIRECTION ( 'NONE',  ( -0.000000000000000000, -0.000000000000000000, 1.000000000000000000 ) ) ;
#70 = EDGE_CURVE ( 'NONE', #817, #34, #1753, .T. ) ;
#71 = VECTOR ( 'NONE', #1281, 1000.000000000000227 ) ;
#72 = CARTESIAN_POINT ( 'NONE',  ( 17.91867352456653606, -16.89192181192155218, 17.49999999984665422 ) ) ;
#73 = ORIENTED_EDGE ( 'NONE', *, *, #918, .F. ) ;
#74 = ORIENTED_EDGE ( 'NONE', *, *, #3214, .F. ) ;
#75 = ORIENTED_EDGE ( 'NONE', *, *, #3722, .F. ) ;
#76 = AXIS2_PLACEMENT_3D ( 'NONE', #127, #1027, #1932 ) ;
#77 = LINE ( 'NONE', #1265, #155 ) ;
#78 = CARTESIAN_POINT ( 'NONE',  ( 26.70832781755651908, 0.000000000000000000, 14.50000000000000178 ) ) ;
#79 = ORIENTED_EDGE ( 'NONE', *, *, #1802, .T. ) ;
#80 = FACE_OUTER_BOUND ( 'NONE', #894, .T. ) ;
#81 = DIRECTION ( 'NONE',  ( -0.000000000000000000, 0.000000000000000000, 1.000000000000000000 ) ) ;
#82 = EDGE_CURVE ( 'NONE', #3841, #301, #1112, .T. ) ;
#83 = ORIENTED_EDGE ( 'NONE', *, *, #2664, .T. ) ;
#84 = EDGE_CURVE ( 'NONE', #3735, #3009, #2016, .T. ) ;
#85 = DIRECTION ( 'NONE',  ( -0.000000000000000000, -0.000000000000000000, -1.000000000000000000 ) ) ;
#86 = AXIS2_PLACEMENT_3D ( 'NONE', #3106, #1883, #41 ) ;
#87 = DIRECTION ( 'NONE',  ( -1.000000000000000000, 0.000000000000000000, 0.000000000000000000 ) ) ;
#88 = CARTESIAN_POINT ( 'NONE',  ( 23.10000000000000853, 20.35000000000001563, 11.00000000000000355 ) ) ;
#89 = CIRCLE ( 'NONE', #3711, 1.100000000000000311 ) ;
#90 = EDGE_CURVE ( 'NONE', #2949, #636, #3318, .T. ) ;
#91 = CARTESIAN_POINT ( 'NONE',  ( 29.00000000000000000, -40.70000000000001705, 17.50000000000000000 ) ) ;
#92 = LINE ( 'NONE', #1892, #253 ) ;
#93 = DIRECTION ( 'NONE',  ( 0.000000000000000000, -2.312964634635742957E-16, -1.000000000000000000 ) ) ;
#94 = ADVANCED_FACE ( 'NONE', ( #591 ), #1799, .F. ) ;
#95 = VERTEX_POINT ( 'NONE', #3157 ) ;
#96 = ORIENTED_EDGE ( 'NONE', *, *, #1605, .F. ) ;
#97 = ORIENTED_EDGE ( 'NONE', *, *, #1766, .F. ) ;
#98 = CARTESIAN_POINT ( 'NONE',  ( -0.7232544860705789613, 36.22487824694125180, 2.000000000000001776 ) ) ;
#99 = VERTEX_POINT ( 'NONE', #989 ) ;
#100 = PLANE ( 'NONE',  #982 ) ;
#101 = FACE_OUTER_BOUND ( 'NONE', #2628, .T. ) ;
#102 = FACE_OUTER_BOUND ( 'NONE', #1752, .T. ) ;
#103 = ORIENTED_EDGE ( 'NONE', *, *, #615, .F. ) ;
#104 = EDGE_CURVE ( 'NONE', #3459, #3400, #2544, .T. ) ;
#105 = EDGE_CURVE ( 'NONE', #2105, #116, #2927, .T. ) ;
#106 = ORIENTED_EDGE ( 'NONE', *, *, #2330, .T. ) ;
#107 = AXIS2_PLACEMENT_3D ( 'NONE', #3565, #1431, #3848 ) ;
#108 = LINE ( 'NONE', #3092, #928 ) ;
#109 = DIRECTION ( 'NONE',  ( 0.000000000000000000, -0.000000000000000000, -1.000000000000000000 ) ) ;
#110 = CARTESIAN_POINT ( 'NONE',  ( -1.660696125855804617, 40.70000000000001705, 17.50000000000000000 ) ) ;
#111 = ORIENTED_EDGE ( 'NONE', *, *, #3839, .T. ) ;
#112 = FACE_OUTER_BOUND ( 'NONE', #474, .T. ) ;
#113 = CARTESIAN_POINT ( 'NONE',  ( 30.50000000000000355, 4.950000000000009059, 19.00000000000000355 ) ) ;
#114 = CARTESIAN_POINT ( 'NONE',  ( 19.85316930403546820, -14.63078559349680496, 17.23231277538662454 ) ) ;
#115 = ORIENTED_EDGE ( 'NONE', *, *, #266, .F. ) ;
#116 = VERTEX_POINT ( 'NONE', #3472 ) ;
#117 = ORIENTED_EDGE ( 'NONE', *, *, #14, .F. ) ;
#118 = ORIENTED_EDGE ( 'NONE', *, *, #1065, .F. ) ;
#119 = DIRECTION ( 'NONE',  ( 0.000000000000000000, -1.000000000000000000, 0.000000000000000000 ) ) ;
#120 = DIRECTION ( 'NONE',  ( 1.387778780781445676E-15, 1.000000000000000000, 0.000000000000000000 ) ) ;
#121 = DIRECTION ( 'NONE',  ( -0.000000000000000000, 0.000000000000000000, 1.000000000000000000 ) ) ;
#122 = VERTEX_POINT ( 'NONE', #749 ) ;
#123 = EDGE_CURVE ( 'NONE', #540, #1386, #2481, .T. ) ;
#124 = AXIS2_PLACEMENT_3D ( 'NONE', #1169, #626, #2426 ) ;
#125 = ORIENTED_EDGE ( 'NONE', *, *, #1381, .T. ) ;
#126 = DIRECTION ( 'NONE',  ( -0.000000000000000000, -0.000000000000000000, 1.000000000000000000 ) ) ;
#127 = CARTESIAN_POINT ( 'NONE',  ( 30.50000000000000000, 42.20000000000001705, 19.00000000000000355 ) ) ;
#128 = CARTESIAN_POINT ( 'NONE',  ( 29.00000000000000000, -40.70000000000001705, 0.000000000000000000 ) ) ;
#129 = ORIENTED_EDGE ( 'NONE', *, *, #1357, .F. ) ;
#130 = CIRCLE ( 'NONE', #1266, 6.608327817556509665 ) ;
#131 = AXIS2_PLACEMENT_3D ( 'NONE', #2615, #2535, #1079 ) ;
#132 = CARTESIAN_POINT ( 'NONE',  ( 23.10000000000000853, 11.15000000000001634, 14.50000000000000178 ) ) ;
#133 = DIRECTION ( 'NONE',  ( -0.9295600811411004472, 0.3686706600055812411, 0.000000000000000000 ) ) ;
#134 = AXIS2_PLACEMENT_3D ( 'NONE', #464, #1669, #1393 ) ;
#135 = FACE_OUTER_BOUND ( 'NONE', #3673, .T. ) ;
#136 = EDGE_LOOP ( 'NONE', ( #2836, #2059, #850, #3404 ) ) ;
#137 = VERTEX_POINT ( 'NONE', #2525 ) ;
#138 = ORIENTED_EDGE ( 'NONE', *, *, #1013, .F. ) ;
#139 = EDGE_CURVE ( 'NONE', #34, #2541, #3097, .T. ) ;
#140 = AXIS2_PLACEMENT_3D ( 'NONE', #235, #1153, #3011 ) ;
#141 = VECTOR ( 'NONE', #2480, 1000.000000000000000 ) ;
#142 = ORIENTED_EDGE ( 'NONE', *, *, #1298, .T. ) ;
#143 = CARTESIAN_POINT ( 'NONE',  ( 21.14958231706316738, 15.75000000000001776, 17.03050740427720200 ) ) ;
#144 = CARTESIAN_POINT ( 'NONE',  ( 29.00000000000000000, -40.70000000000001705, -104.1362568945129823 ) ) ;
#145 = CARTESIAN_POINT ( 'NONE',  ( 23.10000000000000853, 11.15000000000001634, 14.50000000000000178 ) ) ;
#146 = ORIENTED_EDGE ( 'NONE', *, *, #2146, .F. ) ;
#147 = LINE ( 'NONE', #3809, #1746 ) ;
#148 = PLANE ( 'NONE',  #3511 ) ;
#149 = CARTESIAN_POINT ( 'NONE',  ( 29.00000000000000000, 2.657297272161433632, 17.43248588182142456 ) ) ;
#150 = ORIENTED_EDGE ( 'NONE', *, *, #3208, .F. ) ;
#151 = PRODUCT_DEFINITION_CONTEXT ( 'detailed design', #1476, 'design' ) ;
#152 = CARTESIAN_POINT ( 'NONE',  ( 30.50000000000000000, 42.20000000000001705, 19.00000000000000355 ) ) ;
#153 = DIRECTION ( 'NONE',  ( -0.9690105413073205609, -0.2470193734007389286, 0.000000000000000000 ) ) ;
#154 = EDGE_CURVE ( 'NONE', #2404, #2024, #3732, .T. ) ;
#155 = VECTOR ( 'NONE', #2206, 1000.000000000000000 ) ;
#156 = DIRECTION ( 'NONE',  ( 0.000000000000000000, -1.156482317317871478E-16, -1.000000000000000000 ) ) ;
#157 = ORIENTED_EDGE ( 'NONE', *, *, #280, .T. ) ;
#158 = ORIENTED_EDGE ( 'NONE', *, *, #1783, .T. ) ;
#159 = PRODUCT_DEFINITION_FORMATION_WITH_SPECIFIED_SOURCE ( 'ANY', '', #2662, .NOT_KNOWN. ) ;
#160 = DIRECTION ( 'NONE',  ( 0.000000000000000000, 0.000000000000000000, -1.000000000000000000 ) ) ;
#161 = ORIENTED_EDGE ( 'NONE', *, *, #2894, .T. ) ;
#162 = CARTESIAN_POINT ( 'NONE',  ( 23.55188293625716156, 15.75000000000001776, 16.73286506745082036 ) ) ;
#163 = LINE ( 'NONE', #218, #2168 ) ;
#164 = CYLINDRICAL_SURFACE ( 'NONE', #1458, 3.599999999999999201 ) ;
#165 = ORIENTED_EDGE ( 'NONE', *, *, #3473, .F. ) ;
#166 = DIRECTION ( 'NONE',  ( 0.000000000000000000, 1.156482317317871478E-16, 1.000000000000000000 ) ) ;
#167 = CARTESIAN_POINT ( 'NONE',  ( 11.91397706555285296, -16.58666960855721229, 2.000000000000001776 ) ) ;
#168 = CIRCLE ( 'NONE', #2395, 2.999999999999999112 ) ;
#169 = CARTESIAN_POINT ( 'NONE',  ( 25.70832781755653684, -11.74999999999998224, 11.00000000000000355 ) ) ;
#170 = ORIENTED_EDGE ( 'NONE', *, *, #1556, .F. ) ;
#171 = FACE_OUTER_BOUND ( 'NONE', #1824, .T. ) ;
#172 = DIRECTION ( 'NONE',  ( 1.000000000000000000, 0.000000000000000000, 0.000000000000000000 ) ) ;
#173 = EDGE_CURVE ( 'NONE', #1999, #2077, #3177, .T. ) ;
#174 = CARTESIAN_POINT ( 'NONE',  ( 0.000000000000000000, 0.000000000000000000, 0.000000000000000000 ) ) ;
#175 = ORIENTED_EDGE ( 'NONE', *, *, #3416, .F. ) ;
#176 = VERTEX_POINT ( 'NONE', #113 ) ;
#177 = ORIENTED_EDGE ( 'NONE', *, *, #2690, .F. ) ;
#178 = CARTESIAN_POINT ( 'NONE',  ( 25.88246482448824537, 15.75000000000001776, 17.23780439687918076 ) ) ;
#179 = DIRECTION ( 'NONE',  ( -0.000000000000000000, 0.000000000000000000, 1.000000000000000000 ) ) ;
#180 = CARTESIAN_POINT ( 'NONE',  ( 23.10000000000000853, 27.85000000000001208, 11.00000000000000355 ) ) ;
#181 = ORIENTED_EDGE ( 'NONE', *, *, #2443, .T. ) ;
#182 = DIRECTION ( 'NONE',  ( 0.000000000000000000, 1.000000000000000000, 0.000000000000000000 ) ) ;
#183 = EDGE_CURVE ( 'NONE', #1781, #122, #3755, .T. ) ;
#184 = EDGE_CURVE ( 'NONE', #1175, #3516, #1321, .T. ) ;
#185 = VECTOR ( 'NONE', #1384, 1000.000000000000000 ) ;
#186 = CARTESIAN_POINT ( 'NONE',  ( 0.000000000000000000, 0.000000000000000000, 11.00000000000000355 ) ) ;
#187 = LINE ( 'NONE', #843, #269 ) ;
#188 = LINE ( 'NONE', #1088, #3497 ) ;
#189 = VECTOR ( 'NONE', #603, 1000.000000000000000 ) ;
#190 = CARTESIAN_POINT ( 'NONE',  ( -21.24999999999999645, 32.95000000000001705, 19.00000000000000355 ) ) ;
#191 = VECTOR ( 'NONE', #3589, 1000.000000000000000 ) ;
#192 = ORIENTED_EDGE ( 'NONE', *, *, #1494, .F. ) ;
#193 = CARTESIAN_POINT ( 'NONE',  ( 28.99999999999999289, 28.84259116560196645, 17.43248093441759750 ) ) ;
#194 = ADVANCED_FACE ( 'NONE', ( #1555 ), #1267, .F. ) ;
#195 = LINE ( 'NONE', #3205, #25 ) ;
#196 = CIRCLE ( 'NONE', #6, 2.999999999999999112 ) ;
#197 = ORIENTED_EDGE ( 'NONE', *, *, #2921, .T. ) ;
#198 = VECTOR ( 'NONE', #999, 1000.000000000000000 ) ;
#199 = DIRECTION ( 'NONE',  ( 1.000000000000000000, 0.000000000000000000, 0.000000000000000000 ) ) ;
#200 = CARTESIAN_POINT ( 'NONE',  ( 28.99999999999999645, -15.03435790473903744, 17.47547286032075320 ) ) ;
#201 = LINE ( 'NONE', #1100, #2870 ) ;
#202 = AXIS2_PLACEMENT_3D ( 'NONE', #3348, #1813, #1795 ) ;
#203 = VERTEX_POINT ( 'NONE', #2783 ) ;
#204 = EDGE_CURVE ( 'NONE', #1503, #176, #969, .T. ) ;
#205 = LINE ( 'NONE', #1951, #39 ) ;
#206 = DIRECTION ( 'NONE',  ( -0.000000000000000000, -0.000000000000000000, -1.000000000000000000 ) ) ;
#207 = DIRECTION ( 'NONE',  ( 0.000000000000000000, -1.000000000000000000, 0.000000000000000000 ) ) ;
#208 = FACE_BOUND ( 'NONE', #2914, .T. ) ;
#209 = LINE ( 'NONE', #3474, #697 ) ;
#210 = ORIENTED_EDGE ( 'NONE', *, *, #2536, .T. ) ;
#211 = CARTESIAN_POINT ( 'NONE',  ( 29.00000000000000000, 29.83507726950704253, 17.47550572472619734 ) ) ;
#212 = AXIS2_PLACEMENT_3D ( 'NONE', #696, #338, #403 ) ;
#213 = EDGE_CURVE ( 'NONE', #3575, #1528, #3393, .T. ) ;
#214 = ORIENTED_EDGE ( 'NONE', *, *, #2847, .F. ) ;
#215 = ORIENTED_EDGE ( 'NONE', *, *, #3031, .F. ) ;
#216 = AXIS2_PLACEMENT_3D ( 'NONE', #2589, #160, #1698 ) ;
#217 = CARTESIAN_POINT ( 'NONE',  ( 26.27008409827057278, 15.75000000000001421, 17.32840702991077464 ) ) ;
#218 = CARTESIAN_POINT ( 'NONE',  ( 19.49167218244349797, 0.000000000000000000, 11.00000000000000355 ) ) ;
#219 = CARTESIAN_POINT ( 'NONE',  ( 29.70832781755651908, 11.15000000000001634, 14.50000000000000178 ) ) ;
#220 = ORIENTED_EDGE ( 'NONE', *, *, #3836, .T. ) ;
#221 = EDGE_LOOP ( 'NONE', ( #257, #3457, #3719, #3294 ) ) ;
#222 = CYLINDRICAL_SURFACE ( 'NONE', #107, 3.608327817556510109 ) ;
#223 = ADVANCED_FACE ( 'NONE', ( #3410 ), #2245, .F. ) ;
#224 = EDGE_CURVE ( 'NONE', #3612, #2828, #1343, .T. ) ;
#225 = CARTESIAN_POINT ( 'NONE',  ( 28.99999999999999645, 19.85347730642072861, 17.41517953184287038 ) ) ;
#226 = DIRECTION ( 'NONE',  ( -0.000000000000000000, 0.000000000000000000, 1.000000000000000000 ) ) ;
#227 = DIRECTION ( 'NONE',  ( -0.000000000000000000, 0.000000000000000000, 1.000000000000000000 ) ) ;
#228 = CARTESIAN_POINT ( 'NONE',  ( 30.50000000000000000, 42.20000000000001705, 19.00000000000000355 ) ) ;
#229 = ORIENTED_EDGE ( 'NONE', *, *, #23, .F. ) ;
#230 = CARTESIAN_POINT ( 'NONE',  ( 28.99999999999999645, 27.85000000000001208, 17.41517953184287038 ) ) ;
#231 = ORIENTED_EDGE ( 'NONE', *, *, #3192, .T. ) ;
#232 = ORIENTED_EDGE ( 'NONE', *, *, #2622, .T. ) ;
#233 = EDGE_LOOP ( 'NONE', ( #3718, #2674, #630, #872 ) ) ;
#234 = LINE ( 'NONE', #2127, #849 ) ;
#235 = CARTESIAN_POINT ( 'NONE',  ( 1.499999999999994449, 35.60000000000001563, 5.700000000000001954 ) ) ;
#236 = DIRECTION ( 'NONE',  ( 1.000000000000000000, 0.000000000000000000, -0.000000000000000000 ) ) ;
#237 = ADVANCED_FACE ( 'NONE', ( #3454, #691 ), #3777, .F. ) ;
#238 = ORIENTED_EDGE ( 'NONE', *, *, #1436, .T. ) ;
#239 = ORIENTED_EDGE ( 'NONE', *, *, #2373, .T. ) ;
#240 = CARTESIAN_POINT ( 'NONE',  ( 26.70832781755651908, -11.74999999999998224, 11.00000000000000533 ) ) ;
#241 = EDGE_CURVE ( 'NONE', #277, #541, #1968, .T. ) ;
#242 = EDGE_CURVE ( 'NONE', #2541, #3013, #92, .T. ) ;
#243 = PLANE ( 'NONE',  #3557 ) ;
#244 = CARTESIAN_POINT ( 'NONE',  ( 26.70832781755651908, 26.55000000000001492, 11.00000000000000355 ) ) ;
#245 = LINE ( 'NONE', #1417, #3888 ) ;
#246 = CARTESIAN_POINT ( 'NONE',  ( 30.50000000000000000, 42.20000000000001705, 19.00000000000000355 ) ) ;
#247 = AXIS2_PLACEMENT_3D ( 'NONE', #3871, #2441, #1184 ) ;
#248 = CARTESIAN_POINT ( 'NONE',  ( 3.723254486070577407, 34.97512175305875104, 2.000000000000001776 ) ) ;
#249 = AXIS2_PLACEMENT_3D ( 'NONE', #1121, #1084, #728 ) ;
#250 = EDGE_LOOP ( 'NONE', ( #1857, #3803, #1402, #2039, #3142, #96, #1743, #3499 ) ) ;
#251 = CARTESIAN_POINT ( 'NONE',  ( -28.99999999999999289, -40.70000000000001705, 0.000000000000000000 ) ) ;
#252 = AXIS2_PLACEMENT_3D ( 'NONE', #2661, #3873, #847 ) ;
#253 = VECTOR ( 'NONE', #2824, 1000.000000000000000 ) ;
#254 = VERTEX_POINT ( 'NONE', #3548 ) ;
#255 = DIRECTION ( 'NONE',  ( 0.000000000000000000, -0.000000000000000000, 1.000000000000000000 ) ) ;
#256 = EDGE_CURVE ( 'NONE', #2528, #2126, #2321, .T. ) ;
#257 = ORIENTED_EDGE ( 'NONE', *, *, #2477, .T. ) ;
#258 = ORIENTED_EDGE ( 'NONE', *, *, #70, .T. ) ;
#259 = EDGE_CURVE ( 'NONE', #1897, #3919, #3816, .T. ) ;
#260 = VECTOR ( 'NONE', #3151, 1000.000000000000000 ) ;
#261 = DIRECTION ( 'NONE',  ( 0.000000000000000000, 0.000000000000000000, -1.000000000000000000 ) ) ;
#262 = AXIS2_PLACEMENT_3D ( 'NONE', #1928, #701, #407 ) ;
#263 = DIRECTION ( 'NONE',  ( -0.000000000000000000, 0.000000000000000000, 1.000000000000000000 ) ) ;
#264 = CARTESIAN_POINT ( 'NONE',  ( -0.7232544860705789613, 36.22487824694125180, 3.700000000000001954 ) ) ;
#265 = ORIENTED_EDGE ( 'NONE', *, *, #1728, .T. ) ;
#266 = EDGE_CURVE ( 'NONE', #2371, #1509, #1997, .T. ) ;
#267 = ORIENTED_EDGE ( 'NONE', *, *, #1801, .F. ) ;
#268 = LINE ( 'NONE', #2374, #282 ) ;
#269 = VECTOR ( 'NONE', #207, 1000.000000000000000 ) ;
#270 = EDGE_CURVE ( 'NONE', #2751, #2388, #3534, .T. ) ;
#271 = DIRECTION ( 'NONE',  ( -0.000000000000000000, 0.000000000000000000, 1.000000000000000000 ) ) ;
#272 = AXIS2_PLACEMENT_3D ( 'NONE', #3690, #964, #2176 ) ;
#273 = FACE_BOUND ( 'NONE', #354, .T. ) ;
#274 = CARTESIAN_POINT ( 'NONE',  ( -10.52574048583916699, -21.18650816742653475, 3.700000000000001954 ) ) ;
#275 = LINE ( 'NONE', #330, #3116 ) ;
#276 = LINE ( 'NONE', #3638, #505 ) ;
#277 = VERTEX_POINT ( 'NONE', #509 ) ;
#278 = DIRECTION ( 'NONE',  ( 0.000000000000000000, 1.000000000000000000, 0.000000000000000000 ) ) ;
#279 = EDGE_CURVE ( 'NONE', #2885, #116, #1519, .T. ) ;
#280 = EDGE_CURVE ( 'NONE', #2388, #738, #763, .T. ) ;
#281 = ORIENTED_EDGE ( 'NONE', *, *, #1428, .F. ) ;
#282 = VECTOR ( 'NONE', #2974, 1000.000000000000114 ) ;
#283 = DIRECTION ( 'NONE',  ( 1.000000000000000000, 0.000000000000000000, 0.000000000000000000 ) ) ;
#284 = ORIENTED_EDGE ( 'NONE', *, *, #2267, .F. ) ;
#285 = EDGE_LOOP ( 'NONE', ( #1492, #3510 ) ) ;
#286 = DIRECTION ( 'NONE',  ( 0.000000000000000000, 0.000000000000000000, 1.000000000000000000 ) ) ;
#287 = CARTESIAN_POINT ( 'NONE',  ( 28.99999999999999645, 30.82657463274338028, 17.50000000000000000 ) ) ;
#288 = CARTESIAN_POINT ( 'NONE',  ( 0.000000000000000000, 4.950000000000006395, 0.000000000000000000 ) ) ;
#289 = CIRCLE ( 'NONE', #3905, 2.999999999999999112 ) ;
#290 = VERTEX_POINT ( 'NONE', #2284 ) ;
#291 = DIRECTION ( 'NONE',  ( -0.000000000000000000, -0.000000000000000000, -1.000000000000000000 ) ) ;
#292 = CIRCLE ( 'NONE', #1109, 3.000000000000000000 ) ;
#293 = DIRECTION ( 'NONE',  ( 4.929181880597960857E-33, -1.156482317317871478E-16, -1.000000000000000000 ) ) ;
#294 = FACE_BOUND ( 'NONE', #2568, .T. ) ;
#295 = FACE_OUTER_BOUND ( 'NONE', #1705, .T. ) ;
#296 = CARTESIAN_POINT ( 'NONE',  ( 3.723254486070577407, 34.97512175305875104, 3.700000000000001954 ) ) ;
#297 = DIRECTION ( 'NONE',  ( 0.9295600811411005582, -0.3686706600055807415, 0.000000000000000000 ) ) ;
#298 = CARTESIAN_POINT ( 'NONE',  ( 25.70832781755651908, 3.650000000000009237, 11.00000000000000355 ) ) ;
#299 = EDGE_CURVE ( 'NONE', #1406, #1987, #2943, .T. ) ;
#300 = CARTESIAN_POINT ( 'NONE',  ( -10.50000000000000533, -18.87725054630192645, -6.485281374238573093 ) ) ;
#301 = VERTEX_POINT ( 'NONE', #1123 ) ;
#302 = ORIENTED_EDGE ( 'NONE', *, *, #3076, .T. ) ;
#303 = DIRECTION ( 'NONE',  ( -0.000000000000000000, 0.000000000000000000, 1.000000000000000000 ) ) ;
#304 = DIRECTION ( 'NONE',  ( 0.000000000000000000, 0.000000000000000000, 1.000000000000000000 ) ) ;
#305 = ORIENTED_EDGE ( 'NONE', *, *, #3916, .T. ) ;
#306 = CARTESIAN_POINT ( 'NONE',  ( 10.43929442553052844, -20.30490993312162828, 3.700000000000001954 ) ) ;
#307 = CARTESIAN_POINT ( 'NONE',  ( 12.24999927169117697, -18.87149398043249704, 14.50000000000000178 ) ) ;
#308 = CARTESIAN_POINT ( 'NONE',  ( -10.47425951416084544, -16.56799292517731814, 2.000000000000001776 ) ) ;
#309 = EDGE_CURVE ( 'NONE', #1076, #2326, #188, .T. ) ;
#310 = FACE_OUTER_BOUND ( 'NONE', #1637, .T. ) ;
#311 = CARTESIAN_POINT ( 'NONE',  ( 12.58602147782949920, -21.15631835230778179, 2.000000000000001776 ) ) ;
#312 = FACE_OUTER_BOUND ( 'NONE', #1642, .T. ) ;
#313 = CARTESIAN_POINT ( 'NONE',  ( 28.99999999999999645, 40.70000000000001705, 0.000000000000000000 ) ) ;
#314 = CARTESIAN_POINT ( 'NONE',  ( -1.500000000000006439, 35.60000000000001563, 2.000000000000001776 ) ) ;
#315 = VECTOR ( 'NONE', #851, 1000.000000000000000 ) ;
#316 = ORIENTED_EDGE ( 'NONE', *, *, #1500, .T. ) ;
#317 = EDGE_LOOP ( 'NONE', ( #716, #2174, #177, #2338 ) ) ;
#318 = ADVANCED_FACE ( 'NONE', ( #208, #1418 ), #3798, .T. ) ;
#319 = CARTESIAN_POINT ( 'NONE',  ( 10.10327221939219910, -18.02008556124634353, 3.700000000000001954 ) ) ;
#320 = VERTEX_POINT ( 'NONE', #527 ) ;
#321 = CARTESIAN_POINT ( 'NONE',  ( 0.000000000000000000, 0.000000000000000000, 0.000000000000000000 ) ) ;
#322 = ORIENTED_EDGE ( 'NONE', *, *, #3546, .T. ) ;
#323 = VECTOR ( 'NONE', #2978, 1000.000000000000000 ) ;
#324 = CARTESIAN_POINT ( 'NONE',  ( 15.24999927169117697, -18.87149398043249704, -6.485281374238573093 ) ) ;
#325 = CIRCLE ( 'NONE', #1775, 6.000000000000000888 ) ;
#326 = EDGE_CURVE ( 'NONE', #3081, #465, #822, .T. ) ;
#327 = AXIS2_PLACEMENT_3D ( 'NONE', #1668, #796, #2934 ) ;
#328 = DIRECTION ( 'NONE',  ( 0.000000000000000000, 1.000000000000000000, -0.000000000000000000 ) ) ;
#329 = CARTESIAN_POINT ( 'NONE',  ( -28.99999999999999289, -40.70000000000001705, -104.1362568945129823 ) ) ;
#330 = CARTESIAN_POINT ( 'NONE',  ( 19.49167218244349797, 0.000000000000000000, 11.00000000000000355 ) ) ;
#331 = VECTOR ( 'NONE', #3053, 1000.000000000000227 ) ;
#332 = DIRECTION ( 'NONE',  ( -1.000000000000000000, 0.000000000000000000, 0.000000000000000000 ) ) ;
#333 = DIRECTION ( 'NONE',  ( 1.000000000000000000, 0.000000000000000000, 0.000000000000000000 ) ) ;
#334 = DIRECTION ( 'NONE',  ( 1.000000000000000000, 0.000000000000000000, 0.000000000000000000 ) ) ;
#335 = VERTEX_POINT ( 'NONE', #2335 ) ;
#336 = ORIENTED_EDGE ( 'NONE', *, *, #3208, .T. ) ;
#337 = EDGE_LOOP ( 'NONE', ( #2868, #2270, #2308, #3121, #2767, #50, #2252 ) ) ;
#338 = DIRECTION ( 'NONE',  ( 0.000000000000000000, 0.000000000000000000, 1.000000000000000000 ) ) ;
#339 = EDGE_CURVE ( 'NONE', #1639, #3132, #3217, .T. ) ;
#340 = DIRECTION ( 'NONE',  ( 0.000000000000000000, 0.000000000000000000, -1.000000000000000000 ) ) ;
#341 = ORIENTED_EDGE ( 'NONE', *, *, #3908, .F. ) ;
#342 = DIRECTION ( 'NONE',  ( 0.000000000000000000, -0.000000000000000000, -1.000000000000000000 ) ) ;
#343 = AXIS2_PLACEMENT_3D ( 'NONE', #1905, #2515, #2817 ) ;
#344 = LINE ( 'NONE', #426, #2008 ) ;
#345 = EDGE_CURVE ( 'NONE', #533, #541, #1732, .T. ) ;
#346 = DIRECTION ( 'NONE',  ( 1.000000000000000000, 0.000000000000000000, 0.000000000000000000 ) ) ;
#347 = CYLINDRICAL_SURFACE ( 'NONE', #1962, 2.608327817556509221 ) ;
#348 = VERTEX_POINT ( 'NONE', #454 ) ;
#349 =( BOUNDED_SURFACE ( )  B_SPLINE_SURFACE ( 3, 2, ( 
 ( #2485, #1302, #1259 ),
 ( #2843, #33, #2806 ),
 ( #671, #49, #72 ),
 ( #2545, #970, #1244 ),
 ( #2182, #2826, #2526 ),
 ( #990, #114, #1283 ),
 ( #2223, #1007, #3733 ),
 ( #713, #3394, #1573 ),
 ( #1322, #1874, #415 ),
 ( #1616, #1893, #1033 ) ),
 .UNSPECIFIED., .F., .F., .F. ) 
 B_SPLINE_SURFACE_WITH_KNOTS ( ( 4, 2, 2, 2, 4 ),
 ( 3, 3 ),
 ( 0.005511227433790861358, 0.006194207825423593376, 0.006877188217056325395, 0.007560168608689057414, 0.008243149000321789432 ),
 ( 0.000000000000000000, 1.000000000000000000 ),
 .UNSPECIFIED. ) 
 GEOMETRIC_REPRESENTATION_ITEM ( )  RATIONAL_B_SPLINE_SURFACE ( (
 ( 1.000000000000000000, 0.7071067811865482389, 1.000000000000000000),
 ( 1.000000000000000000, 0.7173716848679638769, 1.000000000000000000),
 ( 1.000000000000000000, 0.7259831675255536965, 1.000000000000000000),
 ( 1.000000000000000000, 0.7378403451497437260, 1.000000000000000000),
 ( 1.000000000000000000, 0.7410546417349388459, 1.000000000000000000),
 ( 1.000000000000000000, 0.7411129208428492987, 1.000000000000000000),
 ( 1.000000000000000000, 0.7379088917232093925, 1.000000000000000000),
 ( 1.000000000000000000, 0.7259582580277456065, 1.000000000000000000),
 ( 1.000000000000000000, 0.7172994770032076195, 1.000000000000000000),
 ( 1.000000000000000000, 0.7071067811865475727, 1.000000000000000000) ) ) 
 REPRESENTATION_ITEM ( '' )  SURFACE ( )  );
#350 = CARTESIAN_POINT ( 'NONE',  ( 12.24999927169117697, -18.87149398043249704, 14.50000000000000178 ) ) ;
#351 = LINE ( 'NONE', #1800, #3251 ) ;
#352 = CARTESIAN_POINT ( 'NONE',  ( 12.58602147782949920, -21.15631835230778179, 3.700000000000001954 ) ) ;
#353 = ORIENTED_EDGE ( 'NONE', *, *, #104, .T. ) ;
#354 = EDGE_LOOP ( 'NONE', ( #1682, #799 ) ) ;
#355 = ORIENTED_EDGE ( 'NONE', *, *, #3149, .T. ) ;
#356 = CARTESIAN_POINT ( 'NONE',  ( 19.14766019204914826, -0.9499999999999872990, 17.45302531293913617 ) ) ;
#357 = ADVANCED_FACE ( 'NONE', ( #3200 ), #1383, .F. ) ;
#358 = CARTESIAN_POINT ( 'NONE',  ( 26.70832781755651908, 4.950000000000008171, 14.50000000000000178 ) ) ;
#359 = VECTOR ( 'NONE', #761, 1000.000000000000000 ) ;
#360 = ORIENTED_EDGE ( 'NONE', *, *, #1085, .F. ) ;
#361 = CARTESIAN_POINT ( 'NONE',  ( 20.49167218244350153, 0.000000000000000000, 11.00000000000000355 ) ) ;
#362 = DIRECTION ( 'NONE',  ( 0.000000000000000000, 0.000000000000000000, 1.000000000000000000 ) ) ;
#363 = EDGE_CURVE ( 'NONE', #2864, #3475, #1108, .T. ) ;
#364 = EDGE_LOOP ( 'NONE', ( #3707, #1738, #2694, #2089 ) ) ;
#365 = ADVANCED_FACE ( 'NONE', ( #1139 ), #1658, .F. ) ;
#366 = DIRECTION ( 'NONE',  ( 1.000000000000000000, 0.000000000000000000, 0.000000000000000000 ) ) ;
#367 = FACE_OUTER_BOUND ( 'NONE', #858, .T. ) ;
#368 = CARTESIAN_POINT ( 'NONE',  ( 2.028786337660038797, 40.70000000000001705, 17.36186871476916593 ) ) ;
#369 = ORIENTED_EDGE ( 'NONE', *, *, #2976, .T. ) ;
#370 = DIRECTION ( 'NONE',  ( -0.8603986292611132125, 0.5096216231338672742, 0.000000000000000000 ) ) ;
#371 = CARTESIAN_POINT ( 'NONE',  ( 20.49167218244350153, 11.15000000000001634, 19.00000000000000355 ) ) ;
#372 = CARTESIAN_POINT ( 'NONE',  ( 30.50000000000000000, -42.20000000000001705, 0.000000000000000000 ) ) ;
#373 = ORIENTED_EDGE ( 'NONE', *, *, #2116, .T. ) ;
#374 = VERTEX_POINT ( 'NONE', #471 ) ;
#375 = VERTEX_POINT ( 'NONE', #768 ) ;
#376 = CARTESIAN_POINT ( 'NONE',  ( 21.47647410555955716, -0.9499999999999872990, 16.94381997377565696 ) ) ;
#377 = FACE_OUTER_BOUND ( 'NONE', #2956, .T. ) ;
#378 = VECTOR ( 'NONE', #2895, 1000.000000000000000 ) ;
#379 = EDGE_CURVE ( 'NONE', #3223, #992, #1579, .T. ) ;
#380 = ORIENTED_EDGE ( 'NONE', *, *, #1898, .T. ) ;
#381 = LINE ( 'NONE', #2192, #726 ) ;
#382 = VECTOR ( 'NONE', #809, 1000.000000000000000 ) ;
#383 = DIRECTION ( 'NONE',  ( 0.000000000000000000, -1.000000000000000000, 0.000000000000000000 ) ) ;
#384 = EDGE_CURVE ( 'NONE', #3370, #1987, #3636, .T. ) ;
#385 = CIRCLE ( 'NONE', #511, 1.099999999999998979 ) ;
#386 = ORIENTED_EDGE ( 'NONE', *, *, #2618, .F. ) ;
#387 = CARTESIAN_POINT ( 'NONE',  ( 2.070466806911881896, 33.36216601251454961, 2.000000000000001776 ) ) ;
#388 = AXIS2_PLACEMENT_3D ( 'NONE', #1861, #1192, #2410 ) ;
#389 = DIRECTION ( 'NONE',  ( 0.000000000000000000, 0.000000000000000000, -1.000000000000000000 ) ) ;
#390 = ADVANCED_FACE ( 'NONE', ( #3667 ), #922, .F. ) ;
#391 = CARTESIAN_POINT ( 'NONE',  ( 0.9743532668444574441, 40.70000000000001705, 17.36176664568920103 ) ) ;
#392 = CIRCLE ( 'NONE', #459, 6.608327817556509665 ) ;
#393 = DIRECTION ( 'NONE',  ( 1.000000000000000000, 0.000000000000000000, 0.000000000000000000 ) ) ;
#394 = DIRECTION ( 'NONE',  ( 0.6206873146093269122, -0.7840581977653588996, 0.000000000000000000 ) ) ;
#395 = VECTOR ( 'NONE', #3453, 1000.000000000000000 ) ;
#396 = CARTESIAN_POINT ( 'NONE',  ( 19.49167218244349797, -13.04999999999998117, 11.00000000000000355 ) ) ;
#397 = ORIENTED_EDGE ( 'NONE', *, *, #708, .F. ) ;
#398 = ORIENTED_EDGE ( 'NONE', *, *, #1379, .T. ) ;
#399 = VERTEX_POINT ( 'NONE', #3054 ) ;
#400 = CIRCLE ( 'NONE', #2305, 2.999999999999999112 ) ;
#401 = EDGE_CURVE ( 'NONE', #3864, #1924, #2704, .T. ) ;
#402 = EDGE_CURVE ( 'NONE', #2178, #2529, #28, .T. ) ;
#403 = DIRECTION ( 'NONE',  ( 1.000000000000000000, 0.000000000000000000, 0.000000000000000000 ) ) ;
#404 = ORIENTED_EDGE ( 'NONE', *, *, #2810, .T. ) ;
#405 = DIRECTION ( 'NONE',  ( -0.000000000000000000, 0.000000000000000000, 1.000000000000000000 ) ) ;
#406 = CARTESIAN_POINT ( 'NONE',  ( 9.249999271691178748, -18.87149398043249704, -6.485281374238573093 ) ) ;
#407 = DIRECTION ( 'NONE',  ( 1.000000000000000000, 0.000000000000000000, 0.000000000000000000 ) ) ;
#408 = VERTEX_POINT ( 'NONE', #3273 ) ;
#409 = CARTESIAN_POINT ( 'NONE',  ( 3.723254486070577407, 34.97512175305875104, 3.700000000000001954 ) ) ;
#410 = CIRCLE ( 'NONE', #1231, 3.000000000000000000 ) ;
#411 = CARTESIAN_POINT ( 'NONE',  ( -10.50000000000000533, -18.87725054630192645, 3.700000000000001954 ) ) ;
#412 = CARTESIAN_POINT ( 'NONE',  ( 25.70832781755651908, 0.000000000000000000, 11.00000000000000355 ) ) ;
#413 = CARTESIAN_POINT ( 'NONE',  ( 29.00000000000000000, -2.573425367256611196, 17.50000000000000000 ) ) ;
#414 = CARTESIAN_POINT ( 'NONE',  ( 14.39672632399015839, -19.72290239961865055, 3.700000000000001954 ) ) ;
#415 = CARTESIAN_POINT ( 'NONE',  ( 16.89547365770342680, -15.06864113825217366, 17.50000000000000000 ) ) ;
#416 = ORIENTED_EDGE ( 'NONE', *, *, #3212, .F. ) ;
#417 = ORIENTED_EDGE ( 'NONE', *, *, #1357, .T. ) ;
#418 = ORIENTED_EDGE ( 'NONE', *, *, #2498, .F. ) ;
#419 = ADVANCED_FACE ( 'NONE', ( #1241 ), #882, .T. ) ;
#420 = CARTESIAN_POINT ( 'NONE',  ( -4.500000000000006217, 35.60000000000001563, 14.50000000000000178 ) ) ;
#421 = VERTEX_POINT ( 'NONE', #311 ) ;
#422 = DIRECTION ( 'NONE',  ( -0.000000000000000000, -0.000000000000000000, -1.000000000000000000 ) ) ;
#423 = DIRECTION ( 'NONE',  ( 1.000000000000000000, 0.000000000000000000, 0.000000000000000000 ) ) ;
#424 = DIRECTION ( 'NONE',  ( -1.000000000000000000, 0.000000000000000000, 0.000000000000000000 ) ) ;
#425 = ORIENTED_EDGE ( 'NONE', *, *, #2011, .T. ) ;
#426 = CARTESIAN_POINT ( 'NONE',  ( 11.91397706555285296, -16.58666960855721229, 3.700000000000001954 ) ) ;
#427 = DIRECTION ( 'NONE',  ( 0.000000000000000000, 0.000000000000000000, -1.000000000000000000 ) ) ;
#428 = EDGE_CURVE ( 'NONE', #760, #2510, #385, .T. ) ;
#429 = LINE ( 'NONE', #128, #2097 ) ;
#430 = ORIENTED_EDGE ( 'NONE', *, *, #3115, .T. ) ;
#431 = DIRECTION ( 'NONE',  ( -1.000000000000000000, -0.000000000000000000, -0.000000000000000000 ) ) ;
#432 = DIRECTION ( 'NONE',  ( -1.000000000000000000, -0.000000000000000000, -0.000000000000000000 ) ) ;
#433 = CARTESIAN_POINT ( 'NONE',  ( 2.070466806911881896, 33.36216601251454961, 3.700000000000001954 ) ) ;
#434 = ORIENTED_EDGE ( 'NONE', *, *, #2130, .T. ) ;
#435 = ORIENTED_EDGE ( 'NONE', *, *, #3496, .T. ) ;
#436 = ORIENTED_EDGE ( 'NONE', *, *, #1037, .F. ) ;
#437 = ADVANCED_FACE ( 'NONE', ( #3651 ), #2135, .F. ) ;
#438 = ORIENTED_EDGE ( 'NONE', *, *, #384, .F. ) ;
#439 = CARTESIAN_POINT ( 'NONE',  ( 23.94500178993634520, 15.75000000000001421, 16.78637881196056014 ) ) ;
#440 = DIRECTION ( 'NONE',  ( -1.000000000000000000, 0.000000000000000000, -0.000000000000000000 ) ) ;
#441 = CIRCLE ( 'NONE', #3617, 2.999999999999999112 ) ;
#442 = LINE ( 'NONE', #2153, #826 ) ;
#443 = CIRCLE ( 'NONE', #2669, 6.608327817556509665 ) ;
#444 = ORIENTED_EDGE ( 'NONE', *, *, #2640, .F. ) ;
#445 = CARTESIAN_POINT ( 'NONE',  ( 14.39672632399015839, -19.72290239961865055, 3.700000000000001954 ) ) ;
#446 = AXIS2_PLACEMENT_3D ( 'NONE', #587, #1531, #3290 ) ;
#447 = PLANE ( 'NONE',  #903 ) ;
#448 = VECTOR ( 'NONE', #1828, 1000.000000000000000 ) ;
#449 = DIRECTION ( 'NONE',  ( 1.000000000000000000, 0.000000000000000000, 0.000000000000000000 ) ) ;
#450 = ADVANCED_FACE ( 'NONE', ( #3349 ), #1022, .F. ) ;
#451 = VECTOR ( 'NONE', #2681, 1000.000000000000000 ) ;
#452 = VECTOR ( 'NONE', #1832, 1000.000000000000000 ) ;
#453 = LINE ( 'NONE', #2265, #3828 ) ;
#454 = CARTESIAN_POINT ( 'NONE',  ( 26.70832781755651908, 26.55000000000001492, 14.50000000000000178 ) ) ;
#455 = AXIS2_PLACEMENT_3D ( 'NONE', #3593, #13, #1205 ) ;
#456 = CARTESIAN_POINT ( 'NONE',  ( 0.000000000000000000, 0.000000000000000000, 17.50000000000000000 ) ) ;
#457 = VERTEX_POINT ( 'NONE', #1814 ) ;
#458 = ORIENTED_EDGE ( 'NONE', *, *, #971, .T. ) ;
#459 = AXIS2_PLACEMENT_3D ( 'NONE', #1253, #1927, #3706 ) ;
#460 = AXIS2_PLACEMENT_3D ( 'NONE', #666, #3036, #643 ) ;
#461 = ORIENTED_EDGE ( 'NONE', *, *, #3212, .T. ) ;
#462 = CARTESIAN_POINT ( 'NONE',  ( 16.49167218244350153, 11.15000000000001634, 17.50000000000000000 ) ) ;
#463 = CARTESIAN_POINT ( 'NONE',  ( 30.50000000000000355, 21.65000000000001279, 19.00000000000000355 ) ) ;
#464 = CARTESIAN_POINT ( 'NONE',  ( 23.10000000000000853, 3.650000000000009237, 11.00000000000000355 ) ) ;
#465 = VERTEX_POINT ( 'NONE', #3892 ) ;
#466 = DIRECTION ( 'NONE',  ( 0.01114595732123248133, 0.9999378818883667419, 0.000000000000000000 ) ) ;
#467 = PLANE ( 'NONE',  #76 ) ;
#468 = CARTESIAN_POINT ( 'NONE',  ( 28.99999999999999645, 3.650000000000008349, 17.41517953184287038 ) ) ;
#469 = EDGE_LOOP ( 'NONE', ( #1487, #2001, #2287, #1607 ) ) ;
#470 = DIRECTION ( 'NONE',  ( 1.000000000000000000, 0.000000000000000000, 0.000000000000000000 ) ) ;
#471 = CARTESIAN_POINT ( 'NONE',  ( 28.99999999999999645, 20.35000000000001563, 17.41517953184287038 ) ) ;
#472 = DIRECTION ( 'NONE',  ( 1.000000000000000000, 0.000000000000000000, -0.000000000000000000 ) ) ;
#473 = ORIENTED_EDGE ( 'NONE', *, *, #1189, .T. ) ;
#474 = EDGE_LOOP ( 'NONE', ( #1133, #2514, #973, #2865 ) ) ;
#475 = VECTOR ( 'NONE', #655, 1000.000000000000000 ) ;
#476 = APPLICATION_PROTOCOL_DEFINITION ( 'draft international standard', 'automotive_design', 1998, #1144 ) ;
#477 = B_SPLINE_CURVE_WITH_KNOTS ( 'NONE', 3,
 ( #1811, #225, #2029, #3034, #1768, #560 ),
 .UNSPECIFIED., .F., .F.,
 ( 4, 2, 4 ),
 ( 0.006359008135741278656, 0.007859302857020512151, 0.009359597578299745646 ),
 .UNSPECIFIED. ) ;
#478 = ORIENTED_EDGE ( 'NONE', *, *, #3031, .T. ) ;
#479 = EDGE_LOOP ( 'NONE', ( #1739, #2832, #3522, #3446 ) ) ;
#480 = EDGE_CURVE ( 'NONE', #2081, #421, #1773, .T. ) ;
#481 = CARTESIAN_POINT ( 'NONE',  ( 27.05233980795087234, 15.75000000000001776, 17.45302531293913262 ) ) ;
#482 = DIRECTION ( 'NONE',  ( 1.000000000000000000, 0.000000000000000000, 0.000000000000000000 ) ) ;
#483 = EDGE_CURVE ( 'NONE', #3599, #2183, #1514, .T. ) ;
#484 = LINE ( 'NONE', #741, #1145 ) ;
#485 = ORIENTED_EDGE ( 'NONE', *, *, #483, .T. ) ;
#486 = CARTESIAN_POINT ( 'NONE',  ( 28.99999999999999645, 4.949999999999995737, -104.1362568945129823 ) ) ;
#487 = DIRECTION ( 'NONE',  ( 0.000000000000000000, 0.000000000000000000, 1.000000000000000000 ) ) ;
#488 = EDGE_CURVE ( 'NONE', #3382, #348, #3753, .T. ) ;
#489 = CARTESIAN_POINT ( 'NONE',  ( 28.99999999999999289, 12.14229441735677639, 17.43246972065560740 ) ) ;
#490 = DIRECTION ( 'NONE',  ( -0.000000000000000000, 0.000000000000000000, 1.000000000000000000 ) ) ;
#491 = CARTESIAN_POINT ( 'NONE',  ( 28.99999999999999645, 40.70000000000001705, 17.50000000000000000 ) ) ;
#492 = ORIENTED_EDGE ( 'NONE', *, *, #3796, .T. ) ;
#493 = DIRECTION ( 'NONE',  ( -0.000000000000000000, -0.000000000000000000, 1.000000000000000000 ) ) ;
#494 = VERTEX_POINT ( 'NONE', #3315 ) ;
#495 = EDGE_CURVE ( 'NONE', #2797, #3612, #275, .T. ) ;
#496 = ORIENTED_EDGE ( 'NONE', *, *, #2482, .F. ) ;
#497 = DIRECTION ( 'NONE',  ( 4.625929269271486900E-16, 1.000000000000000000, 0.000000000000000000 ) ) ;
#498 = DIRECTION ( 'NONE',  ( 0.000000000000000000, -0.000000000000000000, -1.000000000000000000 ) ) ;
#499 = DIRECTION ( 'NONE',  ( -0.000000000000000000, 0.000000000000000000, 1.000000000000000000 ) ) ;
#500 = ORIENTED_EDGE ( 'NONE', *, *, #3087, .F. ) ;
#501 = PLANE ( 'NONE',  #2716 ) ;
#502 = AXIS2_PLACEMENT_3D ( 'NONE', #2360, #2052, #297 ) ;
#503 = CIRCLE ( 'NONE', #2288, 2.608327817556509221 ) ;
#504 = CARTESIAN_POINT ( 'NONE',  ( 25.70832781755653684, 4.950000000000008171, 11.00000000000000355 ) ) ;
#505 = VECTOR ( 'NONE', #907, 1000.000000000000000 ) ;
#506 = EDGE_CURVE ( 'NONE', #335, #1639, #2761, .T. ) ;
#507 = VECTOR ( 'NONE', #1957, 1000.000000000000000 ) ;
#508 = LINE ( 'NONE', #2032, #1659 ) ;
#509 = CARTESIAN_POINT ( 'NONE',  ( 29.00000000000000000, -5.549999999999982059, 17.41517953184287038 ) ) ;
#510 = FACE_OUTER_BOUND ( 'NONE', #3641, .T. ) ;
#511 = AXIS2_PLACEMENT_3D ( 'NONE', #565, #2742, #2119 ) ;
#512 = ORIENTED_EDGE ( 'NONE', *, *, #3260, .F. ) ;
#513 = DIRECTION ( 'NONE',  ( -0.000000000000000000, -0.000000000000000000, -1.000000000000000000 ) ) ;
#514 = VECTOR ( 'NONE', #3045, 1000.000000000000000 ) ;
#515 = ORIENTED_EDGE ( 'NONE', *, *, #3417, .T. ) ;
#516 = EDGE_CURVE ( 'NONE', #3285, #2205, #1796, .T. ) ;
#517 = AXIS2_PLACEMENT_3D ( 'NONE', #2384, #3935, #3897 ) ;
#518 = DIRECTION ( 'NONE',  ( -0.000000000000000000, 0.000000000000000000, 1.000000000000000000 ) ) ;
#519 = CARTESIAN_POINT ( 'NONE',  ( 0.9295331930881353122, 37.83783398748548166, 2.000000000000001776 ) ) ;
#520 = DIRECTION ( 'NONE',  ( -0.000000000000000000, 1.000000000000000000, 0.000000000000000000 ) ) ;
#521 = VECTOR ( 'NONE', #2180, 1000.000000000000000 ) ;
#522 = ORIENTED_EDGE ( 'NONE', *, *, #2962, .T. ) ;
#523 = ORIENTED_EDGE ( 'NONE', *, *, #139, .T. ) ;
#524 = CARTESIAN_POINT ( 'NONE',  ( 29.70832781755651908, 0.000000000000000000, 14.50000000000000178 ) ) ;
#525 = CARTESIAN_POINT ( 'NONE',  ( 29.00000000000000000, -6.849999999999995204, -104.1362568945129823 ) ) ;
#526 = DIRECTION ( 'NONE',  ( -0.5096216231338672742, -0.8603986292611132125, 0.000000000000000000 ) ) ;
#527 = CARTESIAN_POINT ( 'NONE',  ( 11.14999927169117733, -18.87149398043249704, 5.700000000000001954 ) ) ;
#528 = DIRECTION ( 'NONE',  ( 0.000000000000000000, 1.000000000000000000, 0.000000000000000000 ) ) ;
#529 = ORIENTED_EDGE ( 'NONE', *, *, #3296, .T. ) ;
#530 = CARTESIAN_POINT ( 'NONE',  ( 10.10327221939219910, -18.02008556124634353, 3.700000000000001954 ) ) ;
#531 = ADVANCED_FACE ( 'NONE', ( #3021 ), #2458, .F. ) ;
#532 = AXIS2_PLACEMENT_3D ( 'NONE', #1899, #3123, #932 ) ;
#533 = VERTEX_POINT ( 'NONE', #2721 ) ;
#534 = VERTEX_POINT ( 'NONE', #1199 ) ;
#535 = ADVANCED_FACE ( 'NONE', ( #2421 ), #2419, .F. ) ;
#536 = EDGE_CURVE ( 'NONE', #2666, #3735, #442, .T. ) ;
#537 = CARTESIAN_POINT ( 'NONE',  ( 23.24915528666138442, -0.9499999999999862998, 16.72683944747166152 ) ) ;
#538 = CARTESIAN_POINT ( 'NONE',  ( 29.00000000000000355, -5.053771818600055532, 17.41517953184287038 ) ) ;
#539 = DIRECTION ( 'NONE',  ( -0.000000000000000000, -0.000000000000000000, 1.000000000000000000 ) ) ;
#540 = VERTEX_POINT ( 'NONE', #3767 ) ;
#541 = VERTEX_POINT ( 'NONE', #1990 ) ;
#542 = CARTESIAN_POINT ( 'NONE',  ( 30.50000000000001066, -42.20000000000001705, 19.00000000000000355 ) ) ;
#543 = LINE ( 'NONE', #878, #824 ) ;
#544 = PLANE ( 'NONE',  #2238 ) ;
#545 = DIRECTION ( 'NONE',  ( -0.000000000000000000, -0.000000000000000000, -1.000000000000000000 ) ) ;
#546 = EDGE_CURVE ( 'NONE', #735, #3780, #1834, .T. ) ;
#547 = DIRECTION ( 'NONE',  ( 4.262219842694856156E-17, -1.000000000000000000, -0.000000000000000000 ) ) ;
#548 = ORIENTED_EDGE ( 'NONE', *, *, #1536, .T. ) ;
#549 = CARTESIAN_POINT ( 'NONE',  ( -28.99999999999999289, -40.70000000000001705, -104.1362568945129823 ) ) ;
#550 = DIRECTION ( 'NONE',  ( -0.000000000000000000, -0.000000000000000000, 1.000000000000000000 ) ) ;
#551 = EDGE_LOOP ( 'NONE', ( #548, #1836, #2852, #3160 ) ) ;
#552 = ORIENTED_EDGE ( 'NONE', *, *, #1013, .T. ) ;
#553 = CARTESIAN_POINT ( 'NONE',  ( 27.84447010152781132, -0.9499999999999855227, 17.50000000000000000 ) ) ;
#554 = DIRECTION ( 'NONE',  ( 1.000000000000000000, 0.000000000000000000, 0.000000000000000000 ) ) ;
#555 = EDGE_CURVE ( 'NONE', #2557, #2297, #2351, .T. ) ;
#556 = CARTESIAN_POINT ( 'NONE',  ( -9.400000000000005684, -18.87725054630192645, 5.700000000000001954 ) ) ;
#557 = ORIENTED_EDGE ( 'NONE', *, *, #3204, .T. ) ;
#558 = ORIENTED_EDGE ( 'NONE', *, *, #2075, .T. ) ;
#559 = CARTESIAN_POINT ( 'NONE',  ( 20.49167218244350153, 3.650000000000009681, 11.00000000000000355 ) ) ;
#560 = CARTESIAN_POINT ( 'NONE',  ( 28.99999999999999645, 17.37342536725664743, 17.50000000000000000 ) ) ;
#561 = EDGE_CURVE ( 'NONE', #1023, #3280, #2867, .T. ) ;
#562 = FACE_OUTER_BOUND ( 'NONE', #2468, .T. ) ;
#563 = VECTOR ( 'NONE', #3611, 1000.000000000000227 ) ;
#564 = DIRECTION ( 'NONE',  ( -1.000000000000000000, 0.000000000000000000, 0.000000000000000000 ) ) ;
#565 = CARTESIAN_POINT ( 'NONE',  ( 1.499999999999994449, 35.60000000000001563, 3.700000000000001954 ) ) ;
#566 = AXIS2_PLACEMENT_3D ( 'NONE', #946, #650, #3079 ) ;
#567 = DIRECTION ( 'NONE',  ( -0.000000000000000000, -0.000000000000000000, -1.000000000000000000 ) ) ;
#568 = EDGE_LOOP ( 'NONE', ( #1334, #2617, #3700, #3341, #1464, #729 ) ) ;
#569 = CARTESIAN_POINT ( 'NONE',  ( 16.49167218244350153, 27.85000000000001208, 17.50000000000000000 ) ) ;
#570 = AXIS2_PLACEMENT_3D ( 'NONE', #1221, #936, #3607 ) ;
#571 = AXIS2_PLACEMENT_3D ( 'NONE', #3518, #227, #2920 ) ;
#572 = ORIENTED_EDGE ( 'NONE', *, *, #105, .T. ) ;
#573 = CARTESIAN_POINT ( 'NONE',  ( 25.70832781755652974, -5.549999999999982059, 11.00000000000000355 ) ) ;
#574 = ORIENTED_EDGE ( 'NONE', *, *, #105, .F. ) ;
#575 = ORIENTED_EDGE ( 'NONE', *, *, #918, .T. ) ;
#576 = DIRECTION ( 'NONE',  ( 0.000000000000000000, 0.000000000000000000, -1.000000000000000000 ) ) ;
#577 = CIRCLE ( 'NONE', #262, 3.608327817556510109 ) ;
#578 = CARTESIAN_POINT ( 'NONE',  ( 29.70832781755651908, 3.650000000000008349, 14.50000000000000178 ) ) ;
#579 = FACE_OUTER_BOUND ( 'NONE', #2053, .T. ) ;
#580 = CIRCLE ( 'NONE', #3312, 1.099999999999998979 ) ;
#581 = VERTEX_POINT ( 'NONE', #1060 ) ;
#582 = LINE ( 'NONE', #306, #2078 ) ;
#583 = VECTOR ( 'NONE', #370, 1000.000000000000000 ) ;
#584 = CARTESIAN_POINT ( 'NONE',  ( -8.487253993303689015, -17.74491365038208457, 3.700000000000001954 ) ) ;
#585 = VECTOR ( 'NONE', #3792, 1000.000000000000000 ) ;
#586 = EDGE_CURVE ( 'NONE', #2937, #581, #3807, .T. ) ;
#587 = CARTESIAN_POINT ( 'NONE',  ( 29.70832781755651908, 0.000000000000000000, 14.50000000000000178 ) ) ;
#588 = DIRECTION ( 'NONE',  ( 0.000000000000000000, -1.000000000000000000, 0.000000000000000000 ) ) ;
#589 = DIRECTION ( 'NONE',  ( -0.000000000000000000, -0.000000000000000000, -1.000000000000000000 ) ) ;
#590 = DIRECTION ( 'NONE',  ( -0.7156780586066807670, -0.6984303232456136046, 0.000000000000000000 ) ) ;
#591 = FACE_OUTER_BOUND ( 'NONE', #1612, .T. ) ;
#592 = CARTESIAN_POINT ( 'NONE',  ( 1.499999999999994449, 35.60000000000001563, 2.000000000000001776 ) ) ;
#593 = CARTESIAN_POINT ( 'NONE',  ( 14.39672632399015839, -19.72290239961865055, 2.000000000000001776 ) ) ;
#594 = EDGE_LOOP ( 'NONE', ( #2966, #2018, #1001, #3656, #628, #3 ) ) ;
#595 = EDGE_LOOP ( 'NONE', ( #2672, #79, #3615, #3529 ) ) ;
#596 = CIRCLE ( 'NONE', #86, 2.608327817556509221 ) ;
#597 = CARTESIAN_POINT ( 'NONE',  ( 19.63824986048134136, -14.06799587940941088, 14.50000000000000178 ) ) ;
#598 = DIRECTION ( 'NONE',  ( 0.000000000000000000, 0.000000000000000000, 1.000000000000000000 ) ) ;
#599 = ORIENTED_EDGE ( 'NONE', *, *, #242, .F. ) ;
#600 = EDGE_CURVE ( 'NONE', #1294, #348, #1373, .T. ) ;
#601 = EDGE_CURVE ( 'NONE', #2797, #540, #3874, .T. ) ;
#602 = CARTESIAN_POINT ( 'NONE',  ( 14.06070411785182728, -17.43807802774336935, 3.700000000000001954 ) ) ;
#603 = DIRECTION ( 'NONE',  ( 0.000000000000000000, 1.156482317317871478E-16, 1.000000000000000000 ) ) ;
#604 = CYLINDRICAL_SURFACE ( 'NONE', #446, 2.999999999999999112 ) ;
#605 = DIRECTION ( 'NONE',  ( -0.9295600811411006692, 0.3686706600055807415, 0.000000000000000000 ) ) ;
#606 = CARTESIAN_POINT ( 'NONE',  ( 12.24999927169117697, -18.87149398043249704, 14.50000000000000178 ) ) ;
#607 = ADVANCED_FACE ( 'NONE', ( #756 ), #1970, .F. ) ;
#608 = LINE ( 'NONE', #2685, #3743 ) ;
#609 = CARTESIAN_POINT ( 'NONE',  ( 30.50000000000000711, -6.849999999999981881, 19.00000000000000355 ) ) ;
#610 = DIRECTION ( 'NONE',  ( -0.000000000000000000, 0.000000000000000000, 1.000000000000000000 ) ) ;
#611 = VECTOR ( 'NONE', #3250, 1000.000000000000000 ) ;
#612 = ORIENTED_EDGE ( 'NONE', *, *, #3661, .F. ) ;
#613 = ORIENTED_EDGE ( 'NONE', *, *, #3450, .T. ) ;
#614 = CARTESIAN_POINT ( 'NONE',  ( 25.05041768293685678, -0.9499999999999865219, 17.03050740427720200 ) ) ;
#615 = EDGE_CURVE ( 'NONE', #2686, #2235, #3789, .T. ) ;
#616 = EDGE_CURVE ( 'NONE', #660, #817, #2835, .T. ) ;
#617 = ORIENTED_EDGE ( 'NONE', *, *, #2373, .F. ) ;
#618 = CARTESIAN_POINT ( 'NONE',  ( 25.70832781755653684, 9.850000000000017408, 19.00000000000000355 ) ) ;
#619 = DIRECTION ( 'NONE',  ( 1.233215741215739354E-16, -1.000000000000000000, 0.000000000000000000 ) ) ;
#620 = CARTESIAN_POINT ( 'NONE',  ( 25.70832781755651908, 3.650000000000009237, 19.00000000000000355 ) ) ;
#621 = DIRECTION ( 'NONE',  ( 1.000000000000000000, 0.000000000000000000, 0.000000000000000000 ) ) ;
#622 = DIRECTION ( 'NONE',  ( 0.000000000000000000, 0.000000000000000000, 1.000000000000000000 ) ) ;
#623 = EDGE_CURVE ( 'NONE', #457, #2949, #2296, .T. ) ;
#624 = AXIS2_PLACEMENT_3D ( 'NONE', #3234, #788, #3799 ) ;
#625 = LINE ( 'NONE', #2423, #452 ) ;
#626 = DIRECTION ( 'NONE',  ( 0.000000000000000000, 0.000000000000000000, -1.000000000000000000 ) ) ;
#627 = AXIS2_PLACEMENT_3D ( 'NONE', #2014, #2306, #2585 ) ;
#628 = ORIENTED_EDGE ( 'NONE', *, *, #1556, .T. ) ;
#629 = ORIENTED_EDGE ( 'NONE', *, *, #1953, .F. ) ;
#630 = ORIENTED_EDGE ( 'NONE', *, *, #1627, .T. ) ;
#631 = PLANE ( 'NONE',  #532 ) ;
#632 = PRESENTATION_LAYER_ASSIGNMENT (  '', '', ( #2347 ) ) ;
#633 = CARTESIAN_POINT ( 'NONE',  ( 28.99999999999999645, 21.64999999999998792, -104.1362568945129965 ) ) ;
#634 = EDGE_CURVE ( 'NONE', #2587, #1076, #484, .T. ) ;
#635 = CIRCLE ( 'NONE', #1518, 1.099999999999998979 ) ;
#636 = VERTEX_POINT ( 'NONE', #2891 ) ;
#637 = AXIS2_PLACEMENT_3D ( 'NONE', #145, #2594, #2555 ) ;
#638 = FACE_OUTER_BOUND ( 'NONE', #2563, .T. ) ;
#639 = ORIENTED_EDGE ( 'NONE', *, *, #1508, .T. ) ;
#640 = VECTOR ( 'NONE', #2139, 1000.000000000000000 ) ;
#641 = VECTOR ( 'NONE', #2122, 1000.000000000000000 ) ;
#642 = CARTESIAN_POINT ( 'NONE',  ( 26.70832781755651908, 0.000000000000000000, 11.00000000000000355 ) ) ;
#643 = DIRECTION ( 'NONE',  ( 0.000000000000000000, 0.000000000000000000, -1.000000000000000000 ) ) ;
#644 = AXIS2_PLACEMENT_3D ( 'NONE', #1593, #1342, #3155 ) ;
#645 = CARTESIAN_POINT ( 'NONE',  ( 28.99999999999999645, -40.70000000000001705, 17.50000000000000000 ) ) ;
#646 = ORIENTED_EDGE ( 'NONE', *, *, #506, .F. ) ;
#647 = EDGE_CURVE ( 'NONE', #2785, #3612, #2484, .T. ) ;
#648 = DIRECTION ( 'NONE',  ( 1.000000000000000000, 0.000000000000000000, -0.000000000000000000 ) ) ;
#649 = CARTESIAN_POINT ( 'NONE',  ( 23.10000000000001563, -13.04999999999998117, 17.50000000000000000 ) ) ;
#650 = DIRECTION ( 'NONE',  ( 1.000000000000000000, -0.000000000000000000, 0.000000000000000000 ) ) ;
#651 = ORIENTED_EDGE ( 'NONE', *, *, #2502, .T. ) ;
#652 = ORIENTED_EDGE ( 'NONE', *, *, #3823, .F. ) ;
#653 = ORIENTED_EDGE ( 'NONE', *, *, #2898, .T. ) ;
#654 = EDGE_CURVE ( 'NONE', #375, #3228, #577, .T. ) ;
#655 = DIRECTION ( 'NONE',  ( -0.000000000000000000, -1.000000000000000000, -0.000000000000000000 ) ) ;
#657 = DIRECTION ( 'NONE',  ( -1.000000000000000000, 0.000000000000000000, -0.000000000000000000 ) ) ;
#656 = AXIS2_PLACEMENT_3D ( 'NONE', #899, #841, #2090 ) ;
#658 = ADVANCED_FACE ( 'NONE', ( #102 ), #164, .F. ) ;
#659 = EDGE_CURVE ( 'NONE', #3284, #3382, #1332, .T. ) ;
#660 = VERTEX_POINT ( 'NONE', #3445 ) ;
#661 = DIRECTION ( 'NONE',  ( 1.000000000000000000, 0.000000000000000000, 0.000000000000000000 ) ) ;
#662 = CARTESIAN_POINT ( 'NONE',  ( 23.10000000000001208, -5.549999999999982059, 14.50000000000000178 ) ) ;
#663 = VECTOR ( 'NONE', #681, 1000.000000000000000 ) ;
#664 = ORIENTED_EDGE ( 'NONE', *, *, #2894, .F. ) ;
#665 = DIRECTION ( 'NONE',  ( 1.000000000000000000, 0.000000000000000000, 0.000000000000000000 ) ) ;
#666 = CARTESIAN_POINT ( 'NONE',  ( 16.49167218244350153, -5.549999999999982059, 14.50000000000000178 ) ) ;
#667 = DIRECTION ( 'NONE',  ( -0.000000000000000000, 0.000000000000000000, 1.000000000000000000 ) ) ;
#668 = DIRECTION ( 'NONE',  ( 1.000000000000000000, -1.445602896647339656E-16, 0.000000000000000000 ) ) ;
#669 = CARTESIAN_POINT ( 'NONE',  ( 0.000000000000000000, 0.000000000000000000, 2.000000000000001776 ) ) ;
#670 = EDGE_CURVE ( 'NONE', #735, #2297, #1625, .T. ) ;
#671 = CARTESIAN_POINT ( 'NONE',  ( 20.18290353545284077, -15.17740817040778722, 14.50439042185829841 ) ) ;
#672 = ORIENTED_EDGE ( 'NONE', *, *, #3614, .T. ) ;
#673 = ORIENTED_EDGE ( 'NONE', *, *, #3788, .T. ) ;
#674 = ORIENTED_EDGE ( 'NONE', *, *, #1074, .F. ) ;
#675 = CIRCLE ( 'NONE', #1621, 3.608327817556510109 ) ;
#676 = CARTESIAN_POINT ( 'NONE',  ( 26.70832781755651908, 0.000000000000000000, 11.00000000000000355 ) ) ;
#677 = EDGE_CURVE ( 'NONE', #3013, #2751, #201, .T. ) ;
#678 = PLANE ( 'NONE',  #3821 ) ;
#679 = ORIENTED_EDGE ( 'NONE', *, *, #1586, .F. ) ;
#680 = EDGE_CURVE ( 'NONE', #2253, #2967, #3227, .T. ) ;
#681 = DIRECTION ( 'NONE',  ( 0.000000000000000000, 0.000000000000000000, 1.000000000000000000 ) ) ;
#682 = LINE ( 'NONE', #1948, #2556 ) ;
#683 = ORIENTED_EDGE ( 'NONE', *, *, #2708, .T. ) ;
#684 = CYLINDRICAL_SURFACE ( 'NONE', #1937, 3.000000000000000000 ) ;
#685 = CARTESIAN_POINT ( 'NONE',  ( 26.70832781755651908, 0.000000000000000000, 11.00000000000000355 ) ) ;
#686 = LINE ( 'NONE', #1889, #2735 ) ;
#687 = VERTEX_POINT ( 'NONE', #264 ) ;
#688 = EDGE_CURVE ( 'NONE', #3043, #1503, #2369, .T. ) ;
#689 = EDGE_CURVE ( 'NONE', #1360, #2992, #325, .T. ) ;
#690 = CARTESIAN_POINT ( 'NONE',  ( 35.70832781755653684, 4.950000000000009059, 19.00000000000000355 ) ) ;
#691 = FACE_OUTER_BOUND ( 'NONE', #3738, .T. ) ;
#692 = DIRECTION ( 'NONE',  ( 0.000000000000000000, -1.000000000000000000, 2.312964634635742957E-16 ) ) ;
#693 = ORIENTED_EDGE ( 'NONE', *, *, #339, .T. ) ;
#694 = EDGE_LOOP ( 'NONE', ( #157, #3203, #2324, #3103, #1685, #993, #3356, #83, #2972, #485, #3858, #2601, #1483, #783, #2964, #220, #3090, #16, #613, #2290, #2853, #695 ) ) ;
#695 = ORIENTED_EDGE ( 'NONE', *, *, #270, .T. ) ;
#696 = CARTESIAN_POINT ( 'NONE',  ( 23.10000000000001563, -13.04999999999998117, 11.00000000000000355 ) ) ;
#697 = VECTOR ( 'NONE', #1419, 1000.000000000000000 ) ;
#698 = ORIENTED_EDGE ( 'NONE', *, *, #3219, .T. ) ;
#699 = CARTESIAN_POINT ( 'NONE',  ( 2.599999999999993427, 35.60000000000001563, 5.700000000000001954 ) ) ;
#700 = LINE ( 'NONE', #2818, #2680 ) ;
#701 = DIRECTION ( 'NONE',  ( 0.000000000000000000, -0.000000000000000000, -1.000000000000000000 ) ) ;
#702 = ORIENTED_EDGE ( 'NONE', *, *, #1898, .F. ) ;
#703 = CARTESIAN_POINT ( 'NONE',  ( 23.10000000000001208, -5.549999999999982059, 11.00000000000000355 ) ) ;
#704 = VECTOR ( 'NONE', #3167, 1000.000000000000000 ) ;
#705 = DIRECTION ( 'NONE',  ( 0.5096216231338671632, 0.8603986292611134346, -0.000000000000000000 ) ) ;
#706 = CARTESIAN_POINT ( 'NONE',  ( 26.70832781755651908, 0.000000000000000000, 14.50000000000000178 ) ) ;
#707 = ORIENTED_EDGE ( 'NONE', *, *, #2218, .F. ) ;
#708 = EDGE_CURVE ( 'NONE', #2077, #1837, #3371, .T. ) ;
#709 = AXIS2_PLACEMENT_3D ( 'NONE', #2020, #835, #2593 ) ;
#710 = DIRECTION ( 'NONE',  ( 0.000000000000000000, -1.000000000000000000, 0.000000000000000000 ) ) ;
#711 = DIRECTION ( 'NONE',  ( 0.3686706600055812411, 0.9295600811411004472, -0.000000000000000000 ) ) ;
#712 = CIRCLE ( 'NONE', #1910, 1.100000000000000311 ) ;
#713 = CARTESIAN_POINT ( 'NONE',  ( 19.71415375648216184, -14.30365012720245588, 14.50437230220480700 ) ) ;
#714 = ORIENTED_EDGE ( 'NONE', *, *, #3775, .T. ) ;
#715 = EDGE_LOOP ( 'NONE', ( #1856, #3328, #972, #1744 ) ) ;
#716 = ORIENTED_EDGE ( 'NONE', *, *, #3298, .F. ) ;
#717 = CARTESIAN_POINT ( 'NONE',  ( 28.99999999999999645, -3.019048879122136750E-17, 17.41517953184287038 ) ) ;
#718 = ORIENTED_EDGE ( 'NONE', *, *, #1886, .T. ) ;
#719 = DIRECTION ( 'NONE',  ( -1.000000000000000000, -0.000000000000000000, -0.000000000000000000 ) ) ;
#720 = DIRECTION ( 'NONE',  ( 0.000000000000000000, 0.000000000000000000, 1.000000000000000000 ) ) ;
#721 = CARTESIAN_POINT ( 'NONE',  ( 26.70832781755651908, 0.000000000000000000, 14.50000000000000178 ) ) ;
#722 = ADVANCED_FACE ( 'NONE', ( #1703 ), #2635, .F. ) ;
#723 = VERTEX_POINT ( 'NONE', #797 ) ;
#724 = ORIENTED_EDGE ( 'NONE', *, *, #586, .T. ) ;
#725 = DIRECTION ( 'NONE',  ( -0.000000000000000000, -1.000000000000000000, 0.000000000000000000 ) ) ;
#726 = VECTOR ( 'NONE', #1252, 1000.000000000000000 ) ;
#727 = CARTESIAN_POINT ( 'NONE',  ( -10.50000000000000533, -18.87725054630192645, 5.700000000000001954 ) ) ;
#728 = DIRECTION ( 'NONE',  ( 0.000000000000000000, -1.156482317317871478E-16, -1.000000000000000000 ) ) ;
#729 = ORIENTED_EDGE ( 'NONE', *, *, #2411, .F. ) ;
#730 = CARTESIAN_POINT ( 'NONE',  ( 10.10327221939219910, -18.02008556124634353, 2.000000000000001776 ) ) ;
#731 = CARTESIAN_POINT ( 'NONE',  ( 10.43929442553052844, -20.30490993312162828, 2.000000000000001776 ) ) ;
#732 = ADVANCED_FACE ( 'NONE', ( #2315 ), #875, .F. ) ;
#733 = CARTESIAN_POINT ( 'NONE',  ( 26.70832781755651908, 4.950000000000008171, 11.00000000000000355 ) ) ;
#734 = ORIENTED_EDGE ( 'NONE', *, *, #3260, .T. ) ;
#735 = VERTEX_POINT ( 'NONE', #3305 ) ;
#736 = ORIENTED_EDGE ( 'NONE', *, *, #1494, .T. ) ;
#737 = ORIENTED_EDGE ( 'NONE', *, *, #2859, .F. ) ;
#738 = VERTEX_POINT ( 'NONE', #1116 ) ;
#739 = DIRECTION ( 'NONE',  ( 1.000000000000000000, -4.625929269271486900E-16, 0.000000000000000000 ) ) ;
#740 = CARTESIAN_POINT ( 'NONE',  ( 25.70832781755651908, 27.85000000000001208, 11.00000000000000355 ) ) ;
#741 = CARTESIAN_POINT ( 'NONE',  ( 29.00000000000000000, -40.70000000000001705, 0.000000000000000000 ) ) ;
#742 = ADVANCED_FACE ( 'NONE', ( #579 ), #2991, .F. ) ;
#743 = EDGE_LOOP ( 'NONE', ( #2883, #683, #3412, #3378 ) ) ;
#744 = CARTESIAN_POINT ( 'NONE',  ( -7.500000000000006217, -18.87725054630192645, 2.000000000000001776 ) ) ;
#745 = FACE_OUTER_BOUND ( 'NONE', #1193, .T. ) ;
#746 = SURFACE_SIDE_STYLE ('',( #2940 ) ) ;
#747 = UNCERTAINTY_MEASURE_WITH_UNIT (LENGTH_MEASURE( 1.000000000000000082E-05 ), #1675, 'distance_accuracy_value', 'NONE');
#748 = CARTESIAN_POINT ( 'NONE',  ( 2.599999999999993427, 35.60000000000001563, 5.700000000000001954 ) ) ;
#749 = CARTESIAN_POINT ( 'NONE',  ( 29.00000000000000000, -6.849999999999980993, 0.000000000000000000 ) ) ;
#750 = DIRECTION ( 'NONE',  ( 1.000000000000000000, -0.000000000000000000, 0.000000000000000000 ) ) ;
#751 = ORIENTED_EDGE ( 'NONE', *, *, #1790, .T. ) ;
#752 = ORIENTED_EDGE ( 'NONE', *, *, #3214, .T. ) ;
#753 = ORIENTED_EDGE ( 'NONE', *, *, #1046, .T. ) ;
#754 = CARTESIAN_POINT ( 'NONE',  ( 22.14117897698151083, 15.75000000000001421, 16.81140690067531906 ) ) ;
#755 = DIRECTION ( 'NONE',  ( 1.000000000000000000, 0.000000000000000000, 0.000000000000000000 ) ) ;
#756 = FACE_OUTER_BOUND ( 'NONE', #2519, .T. ) ;
#757 = EDGE_CURVE ( 'NONE', #2967, #2885, #1270, .T. ) ;
#758 = B_SPLINE_CURVE_WITH_KNOTS ( 'NONE', 3,
 ( #3670, #988, #855, #3264, #538, #2803 ),
 .UNSPECIFIED., .F., .F.,
 ( 4, 2, 4 ),
 ( 0.02165560397824686789, 0.02314812476962683011, 0.02464064556100679232 ),
 .UNSPECIFIED. ) ;
#759 = TOROIDAL_SURFACE ( 'NONE', #2, 6.608327817556510553, 3.000000000000000000 ) ;
#760 = VERTEX_POINT ( 'NONE', #3527 ) ;
#761 = DIRECTION ( 'NONE',  ( -4.929181880597960857E-33, 1.156482317317871478E-16, 1.000000000000000000 ) ) ;
#762 = DIRECTION ( 'NONE',  ( -0.000000000000000000, 0.000000000000000000, 1.000000000000000000 ) ) ;
#763 = CIRCLE ( 'NONE', #2933, 6.000000000000000888 ) ;
#764 = CARTESIAN_POINT ( 'NONE',  ( -12.48700552085715643, -17.70032982109715647, 3.700000000000001954 ) ) ;
#765 = EDGE_LOOP ( 'NONE', ( #3555, #2084, #3657, #1576 ) ) ;
#766 = AXIS2_PLACEMENT_3D ( 'NONE', #2007, #1445, #1723 ) ;
#767 = DIRECTION ( 'NONE',  ( 0.8715445865823454596, 0.4903162587544986906, 0.000000000000000000 ) ) ;
#768 = CARTESIAN_POINT ( 'NONE',  ( 26.70832781755651908, -13.04999999999998117, 14.50000000000000178 ) ) ;
#769 = CIRCLE ( 'NONE', #2998, 6.000000000000000000 ) ;
#770 = CARTESIAN_POINT ( 'NONE',  ( 10.10327221939219910, -18.02008556124634353, 3.700000000000001954 ) ) ;
#771 = EDGE_CURVE ( 'NONE', #2248, #3060, #815, .T. ) ;
#772 = ORIENTED_EDGE ( 'NONE', *, *, #1718, .T. ) ;
#773 = VERTEX_POINT ( 'NONE', #556 ) ;
#774 = TOROIDAL_SURFACE ( 'NONE', #202, 6.608327817556510553, 3.000000000000000000 ) ;
#775 = AXIS2_PLACEMENT_3D ( 'NONE', #2420, #3635, #1222 ) ;
#776 = ORIENTED_EDGE ( 'NONE', *, *, #3477, .T. ) ;
#777 = FACE_OUTER_BOUND ( 'NONE', #3340, .T. ) ;
#778 = CARTESIAN_POINT ( 'NONE',  ( -21.24999999999999645, 32.95000000000001705, 19.00000000000000355 ) ) ;
#779 = ADVANCED_FACE ( 'NONE', ( #3012 ), #3603, .T. ) ;
#780 = ORIENTED_EDGE ( 'NONE', *, *, #139, .F. ) ;
#781 = CARTESIAN_POINT ( 'NONE',  ( -10.52574048583916699, -21.18650816742653475, 3.700000000000001954 ) ) ;
#782 = PLANE ( 'NONE',  #2474 ) ;
#783 = ORIENTED_EDGE ( 'NONE', *, *, #279, .T. ) ;
#784 = DIRECTION ( 'NONE',  ( -0.000000000000000000, -0.000000000000000000, -1.000000000000000000 ) ) ;
#785 = DIRECTION ( 'NONE',  ( 4.625929269271485914E-16, 1.000000000000000000, 0.000000000000000000 ) ) ;
#786 = EDGE_CURVE ( 'NONE', #3047, #2297, #196, .T. ) ;
#787 = AXIS2_PLACEMENT_3D ( 'NONE', #2019, #3805, #2592 ) ;
#788 = DIRECTION ( 'NONE',  ( 0.000000000000000000, 1.000000000000000000, -0.000000000000000000 ) ) ;
#789 = ORIENTED_EDGE ( 'NONE', *, *, #1649, .T. ) ;
#790 = ORIENTED_EDGE ( 'NONE', *, *, #546, .F. ) ;
#791 = EDGE_CURVE ( 'NONE', #660, #2751, #1427, .T. ) ;
#792 = CIRCLE ( 'NONE', #1929, 3.608327817556510109 ) ;
#793 = ORIENTED_EDGE ( 'NONE', *, *, #2690, .T. ) ;
#794 = ADVANCED_FACE ( 'NONE', ( #1154 ), #3861, .F. ) ;
#795 = CARTESIAN_POINT ( 'NONE',  ( 27.34808577714842670, 15.75000000000001776, 17.48057874959577163 ) ) ;
#796 = DIRECTION ( 'NONE',  ( 0.000000000000000000, 1.000000000000000000, 0.000000000000000000 ) ) ;
#797 = CARTESIAN_POINT ( 'NONE',  ( 13.34999927169117839, -18.87149398043249704, 5.700000000000001954 ) ) ;
#798 = ADVANCED_FACE ( 'NONE', ( #2346 ), #3561, .T. ) ;
#799 = ORIENTED_EDGE ( 'NONE', *, *, #1362, .F. ) ;
#800 = LINE ( 'NONE', #818, #2588 ) ;
#801 = CARTESIAN_POINT ( 'NONE',  ( 28.99999999999999289, 1.665103504596731732, 17.47549777695957474 ) ) ;
#802 = FACE_BOUND ( 'NONE', #568, .T. ) ;
#803 = DIRECTION ( 'NONE',  ( 0.000000000000000000, 0.000000000000000000, 1.000000000000000000 ) ) ;
#804 = ADVANCED_FACE ( 'NONE', ( #2044 ), #3327, .F. ) ;
#805 = ADVANCED_FACE ( 'NONE', ( #1525 ), #1249, .F. ) ;
#806 = DIRECTION ( 'NONE',  ( -0.000000000000000000, -0.000000000000000000, -1.000000000000000000 ) ) ;
#807 = B_SPLINE_CURVE_WITH_KNOTS ( 'NONE', 3,
 ( #1701, #3245, #3806, #200, #2952, #1426 ),
 .UNSPECIFIED., .F., .F.,
 ( 4, 2, 4 ),
 ( 0.007809165854512844021, 0.009292750898136838134, 0.01077633594176083051 ),
 .UNSPECIFIED. ) ;
#808 = ORIENTED_EDGE ( 'NONE', *, *, #2517, .T. ) ;
#809 = DIRECTION ( 'NONE',  ( 0.000000000000000000, 0.000000000000000000, 1.000000000000000000 ) ) ;
#810 = CARTESIAN_POINT ( 'NONE',  ( 4.499999999999995559, 35.60000000000001563, 14.50000000000000178 ) ) ;
#811 = ORIENTED_EDGE ( 'NONE', *, *, #1456, .T. ) ;
#812 = ORIENTED_EDGE ( 'NONE', *, *, #3894, .T. ) ;
#813 = CARTESIAN_POINT ( 'NONE',  ( 27.84447010152781132, 15.75000000000001421, 17.50000000000000000 ) ) ;
#814 = CARTESIAN_POINT ( 'NONE',  ( 30.50000000000000355, 26.55000000000001492, 19.00000000000000711 ) ) ;
#815 = LINE ( 'NONE', #2935, #3434 ) ;
#816 = ORIENTED_EDGE ( 'NONE', *, *, #3926, .F. ) ;
#817 = VERTEX_POINT ( 'NONE', #1544 ) ;
#818 = CARTESIAN_POINT ( 'NONE',  ( 0.000000000000000000, -11.74999999999998224, 11.00000000000000355 ) ) ;
#819 = CIRCLE ( 'NONE', #124, 1.100000000000000311 ) ;
#820 = DIRECTION ( 'NONE',  ( 0.000000000000000000, -0.000000000000000000, -1.000000000000000000 ) ) ;
#821 = CARTESIAN_POINT ( 'NONE',  ( 28.99999999999999645, 13.63034645134345091, 17.50000000000000355 ) ) ;
#822 = LINE ( 'NONE', #2304, #1771 ) ;
#823 = EDGE_CURVE ( 'NONE', #2452, #1999, #1582, .T. ) ;
#824 = VECTOR ( 'NONE', #1729, 1000.000000000000000 ) ;
#825 = PLANE ( 'NONE',  #627 ) ;
#826 = VECTOR ( 'NONE', #1907, 1000.000000000000114 ) ;
#827 = ORIENTED_EDGE ( 'NONE', *, *, #2608, .T. ) ;
#828 = DIRECTION ( 'NONE',  ( 1.000000000000000000, 0.000000000000000000, 0.000000000000000000 ) ) ;
#829 = VECTOR ( 'NONE', #3721, 1000.000000000000000 ) ;
#830 = ORIENTED_EDGE ( 'NONE', *, *, #2201, .F. ) ;
#831 = EDGE_LOOP ( 'NONE', ( #398, #197 ) ) ;
#832 = VERTEX_POINT ( 'NONE', #358 ) ;
#833 = VECTOR ( 'NONE', #3321, 1000.000000000000000 ) ;
#834 = CARTESIAN_POINT ( 'NONE',  ( 24.05882102301851333, -0.9499999999999861888, 16.81140690067531551 ) ) ;
#835 = DIRECTION ( 'NONE',  ( -0.2705802180617025710, -0.9626974320074203062, 0.000000000000000000 ) ) ;
#836 = CARTESIAN_POINT ( 'NONE',  ( 29.00000000000000000, -40.70000000000001705, -104.1362568945129823 ) ) ;
#837 = VECTOR ( 'NONE', #2220, 1000.000000000000000 ) ;
#838 = EDGE_LOOP ( 'NONE', ( #1020, #386, #512, #2428 ) ) ;
#839 = ORIENTED_EDGE ( 'NONE', *, *, #1104, .T. ) ;
#840 = ADVANCED_FACE ( 'NONE', ( #2491 ), #2432, .F. ) ;
#841 = DIRECTION ( 'NONE',  ( 1.445602896647339656E-16, -1.000000000000000000, 1.445602896647339656E-16 ) ) ;
#842 = FACE_OUTER_BOUND ( 'NONE', #2465, .T. ) ;
#843 = CARTESIAN_POINT ( 'NONE',  ( 20.49167218244350153, 0.000000000000000000, 11.00000000000000355 ) ) ;
#844 = CARTESIAN_POINT ( 'NONE',  ( 26.70832781755651908, -5.549999999999982059, 11.00000000000000355 ) ) ;
#845 = DIRECTION ( 'NONE',  ( 0.000000000000000000, 0.000000000000000000, 1.000000000000000000 ) ) ;
#846 = ORIENTED_EDGE ( 'NONE', *, *, #3084, .F. ) ;
#847 = DIRECTION ( 'NONE',  ( 0.000000000000000000, 0.000000000000000000, -1.000000000000000000 ) ) ;
#848 = EDGE_CURVE ( 'NONE', #3027, #2365, #3678, .T. ) ;
#849 = VECTOR ( 'NONE', #3578, 1000.000000000000000 ) ;
#850 = ORIENTED_EDGE ( 'NONE', *, *, #1085, .T. ) ;
#851 = DIRECTION ( 'NONE',  ( 0.000000000000000000, -1.000000000000000000, 0.000000000000000000 ) ) ;
#852 = EDGE_LOOP ( 'NONE', ( #3820, #416, #170, #425 ) ) ;
#853 = ORIENTED_EDGE ( 'NONE', *, *, #3729, .F. ) ;
#854 = LINE ( 'NONE', #1425, #2254 ) ;
#855 = CARTESIAN_POINT ( 'NONE',  ( 29.00000000000000355, -3.565651997283300290, 17.47547246190630332 ) ) ;
#856 = DIRECTION ( 'NONE',  ( 0.000000000000000000, 1.000000000000000000, 0.000000000000000000 ) ) ;
#857 = EDGE_CURVE ( 'NONE', #1076, #660, #3624, .T. ) ;
#858 = EDGE_LOOP ( 'NONE', ( #3236, #3550, #3396, #3221 ) ) ;
#859 = ORIENTED_EDGE ( 'NONE', *, *, #1012, .F. ) ;
#860 = CARTESIAN_POINT ( 'NONE',  ( 23.10000000000000853, 11.15000000000001634, 11.00000000000000355 ) ) ;
#861 = B_SPLINE_CURVE_WITH_KNOTS ( 'NONE', 3,
 ( #553, #914, #3859, #2389, #3342, #3620, #1443, #614, #3558, #834, #2042, #3263, #537, #2466, #1878, #376, #3380, #975, #1306, #2188, #356, #1288, #3102, #3398, #994, #1248 ),
 .UNSPECIFIED., .F., .F.,
 ( 4, 2, 2, 2, 2, 2, 2, 2, 2, 2, 2, 2, 4 ),
 ( -1.095707471406641591E-05, 0.0005961081675991251492, 0.001203173409912316853, 0.002417303894538711754, 0.003631434379165106655, 0.004238499621478304322, 0.004845564863791501989, 0.006059695348417908599, 0.007273825833044313474, 0.008487956317670719217, 0.009095021559983918619, 0.009398554181140512248, 0.009702086802297104143 ),
 .UNSPECIFIED. ) ;
#862 = LINE ( 'NONE', #1793, #1770 ) ;
#863 = CARTESIAN_POINT ( 'NONE',  ( 19.49167218244349797, -13.04999999999998117, 14.50000000000000178 ) ) ;
#864 = DIRECTION ( 'NONE',  ( 1.000000000000000000, 0.000000000000000000, -0.000000000000000000 ) ) ;
#865 = DIRECTION ( 'NONE',  ( -1.000000000000000000, 0.000000000000000000, 0.000000000000000000 ) ) ;
#866 = CIRCLE ( 'NONE', #3405, 2.608327817556509221 ) ;
#867 = DIRECTION ( 'NONE',  ( 0.000000000000000000, 1.000000000000000000, -0.000000000000000000 ) ) ;
#868 = DIRECTION ( 'NONE',  ( -0.000000000000000000, -0.000000000000000000, -1.000000000000000000 ) ) ;
#869 = CARTESIAN_POINT ( 'NONE',  ( 30.50000000000000355, 21.65000000000001279, 19.00000000000000711 ) ) ;
#870 = CARTESIAN_POINT ( 'NONE',  ( 23.10000000000001563, -13.04999999999998117, 11.00000000000000355 ) ) ;
#871 = ORIENTED_EDGE ( 'NONE', *, *, #309, .T. ) ;
#872 = ORIENTED_EDGE ( 'NONE', *, *, #600, .T. ) ;
#873 = DIRECTION ( 'NONE',  ( 0.000000000000000000, -0.000000000000000000, -1.000000000000000000 ) ) ;
#874 = CARTESIAN_POINT ( 'NONE',  ( 20.49167218244350153, 0.000000000000000000, 11.00000000000000355 ) ) ;
#875 = CYLINDRICAL_SURFACE ( 'NONE', #1711, 2.999999999999999112 ) ;
#876 = EDGE_LOOP ( 'NONE', ( #2311, #1157, #229, #1535, #1285, #2195 ) ) ;
#877 = DIRECTION ( 'NONE',  ( 1.000000000000000000, -4.625929269271486900E-16, 0.000000000000000000 ) ) ;
#878 = CARTESIAN_POINT ( 'NONE',  ( -28.99999999999999289, 40.70000000000001705, 17.50000000000000000 ) ) ;
#879 = DIRECTION ( 'NONE',  ( 1.387778780781445676E-15, 1.000000000000000000, 0.000000000000000000 ) ) ;
#880 = AXIS2_PLACEMENT_3D ( 'NONE', #2422, #2101, #2076 ) ;
#881 = DIRECTION ( 'NONE',  ( -1.000000000000000000, 0.000000000000000000, 0.000000000000000000 ) ) ;
#882 = PLANE ( 'NONE',  #3052 ) ;
#883 = VECTOR ( 'NONE', #3322, 1000.000000000000000 ) ;
#884 = CARTESIAN_POINT ( 'NONE',  ( 26.70832781755651908, 0.000000000000000000, 11.00000000000000355 ) ) ;
#885 = VECTOR ( 'NONE', #1499, 1000.000000000000000 ) ;
#886 = CARTESIAN_POINT ( 'NONE',  ( 26.70832781755651908, 3.650000000000008793, 11.00000000000000355 ) ) ;
#887 = LINE ( 'NONE', #1777, #2684 ) ;
#888 = ADVANCED_FACE ( 'NONE', ( #1808 ), #1214, .F. ) ;
#889 = AXIS2_PLACEMENT_3D ( 'NONE', #1455, #545, #2073 ) ;
#890 = ORIENTED_EDGE ( 'NONE', *, *, #2950, .F. ) ;
#891 = FACE_OUTER_BOUND ( 'NONE', #1312, .T. ) ;
#892 = EDGE_CURVE ( 'NONE', #320, #723, #3185, .T. ) ;
#893 = ORIENTED_EDGE ( 'NONE', *, *, #2482, .T. ) ;
#894 = EDGE_LOOP ( 'NONE', ( #752, #3008, #175, #1274 ) ) ;
#895 = DIRECTION ( 'NONE',  ( -1.000000000000000000, 0.000000000000000000, 0.000000000000000000 ) ) ;
#896 = LINE ( 'NONE', #1823, #514 ) ;
#897 = AXIS2_PLACEMENT_3D ( 'NONE', #1353, #498, #1989 ) ;
#898 = ORIENTED_EDGE ( 'NONE', *, *, #2679, .T. ) ;
#899 = CARTESIAN_POINT ( 'NONE',  ( 16.49167218244350153, 3.650000000000008349, 14.50000000000000178 ) ) ;
#900 = ADVANCED_FACE ( 'NONE', ( #3085 ), #678, .T. ) ;
#901 = AXIS2_PLACEMENT_3D ( 'NONE', #2244, #3199, #470 ) ;
#902 = CARTESIAN_POINT ( 'NONE',  ( 0.000000000000000000, 0.000000000000000000, 3.700000000000001954 ) ) ;
#903 = AXIS2_PLACEMENT_3D ( 'NONE', #3427, #2539, #427 ) ;
#904 = DIRECTION ( 'NONE',  ( 0.000000000000000000, 0.000000000000000000, -1.000000000000000000 ) ) ;
#905 = DIRECTION ( 'NONE',  ( 0.000000000000000000, 1.000000000000000000, -0.000000000000000000 ) ) ;
#906 = CARTESIAN_POINT ( 'NONE',  ( -0.000000000000000000, -6.849999999999982769, 11.00000000000000355 ) ) ;
#907 = DIRECTION ( 'NONE',  ( 1.387778780781445676E-15, 1.000000000000000000, 0.000000000000000000 ) ) ;
#908 = ADVANCED_FACE ( 'NONE', ( #1880 ), #3358, .F. ) ;
#909 = CARTESIAN_POINT ( 'NONE',  ( 20.49167218244350153, -5.549999999999982059, 19.00000000000000355 ) ) ;
#910 = CARTESIAN_POINT ( 'NONE',  ( 25.70832781755650487, -1.189249061152609716E-14, 11.00000000000000355 ) ) ;
#911 = EDGE_LOOP ( 'NONE', ( #1056, #3790, #3069, #232 ) ) ;
#912 = ORIENTED_EDGE ( 'NONE', *, *, #1196, .F. ) ;
#913 = VECTOR ( 'NONE', #1577, 1000.000000000000000 ) ;
#914 = CARTESIAN_POINT ( 'NONE',  ( 27.64211493130620667, -0.9499999999999024780, 17.50000000000000355 ) ) ;
#915 = CARTESIAN_POINT ( 'NONE',  ( 19.49167218244349797, 0.000000000000000000, 11.00000000000000355 ) ) ;
#916 = ORIENTED_EDGE ( 'NONE', *, *, #401, .T. ) ;
#917 = CARTESIAN_POINT ( 'NONE',  ( 35.70832781755653684, -6.849999999999981881, 19.00000000000000355 ) ) ;
#918 = EDGE_CURVE ( 'NONE', #1042, #2828, #1336, .T. ) ;
#919 = CARTESIAN_POINT ( 'NONE',  ( 35.70832781755653684, -6.849999999999981881, 19.00000000000000355 ) ) ;
#920 = PLANE ( 'NONE',  #3688 ) ;
#921 = DIRECTION ( 'NONE',  ( -1.000000000000000000, 0.000000000000000000, 0.000000000000000000 ) ) ;
#922 = CYLINDRICAL_SURFACE ( 'NONE', #889, 1.100000000000000311 ) ;
#923 = LINE ( 'NONE', #1751, #3359 ) ;
#924 = LINE ( 'NONE', #298, #640 ) ;
#925 = ADVANCED_FACE ( 'NONE', ( #1506 ), #38, .F. ) ;
#926 = ADVANCED_FACE ( 'NONE', ( #377 ), #1580, .T. ) ;
#927 = CARTESIAN_POINT ( 'NONE',  ( 19.63824986048134136, -14.06799587940941088, 14.50000000000000178 ) ) ;
#928 = VECTOR ( 'NONE', #1254, 1000.000000000000000 ) ;
#929 = EDGE_LOOP ( 'NONE', ( #238, #341, #2845, #808 ) ) ;
#930 = ORIENTED_EDGE ( 'NONE', *, *, #3513, .T. ) ;
#931 = ORIENTED_EDGE ( 'NONE', *, *, #1307, .T. ) ;
#932 = DIRECTION ( 'NONE',  ( 0.000000000000000000, 1.156482317317871478E-16, 1.000000000000000000 ) ) ;
#933 = DIRECTION ( 'NONE',  ( 0.000000000000000000, 0.000000000000000000, 1.000000000000000000 ) ) ;
#934 = ORIENTED_EDGE ( 'NONE', *, *, #3679, .F. ) ;
#935 = DIRECTION ( 'NONE',  ( 0.000000000000000000, 0.000000000000000000, -1.000000000000000000 ) ) ;
#936 = DIRECTION ( 'NONE',  ( 0.000000000000000000, 0.000000000000000000, 1.000000000000000000 ) ) ;
#937 = CARTESIAN_POINT ( 'NONE',  ( 30.50000000000000355, 9.850000000000017408, 19.00000000000000355 ) ) ;
#938 = DIRECTION ( 'NONE',  ( 0.01114595732123248133, 0.9999378818883667419, 0.000000000000000000 ) ) ;
#939 = ADVANCED_FACE ( 'NONE', ( #3660 ), #2102, .F. ) ;
#940 = VECTOR ( 'NONE', #1855, 1000.000000000000000 ) ;
#941 = CARTESIAN_POINT ( 'NONE',  ( 0.000000000000000000, 0.000000000000000000, 11.00000000000000355 ) ) ;
#942 = LINE ( 'NONE', #2689, #3505 ) ;
#943 = EDGE_CURVE ( 'NONE', #1038, #176, #896, .T. ) ;
#944 = EDGE_CURVE ( 'NONE', #3503, #3362, #995, .T. ) ;
#945 = VECTOR ( 'NONE', #1830, 1000.000000000000000 ) ;
#946 = CARTESIAN_POINT ( 'NONE',  ( 26.70832781755651908, 0.000000000000000000, 11.00000000000000355 ) ) ;
#947 = VECTOR ( 'NONE', #493, 1000.000000000000000 ) ;
#948 = ORIENTED_EDGE ( 'NONE', *, *, #2791, .T. ) ;
#949 = ORIENTED_EDGE ( 'NONE', *, *, #184, .F. ) ;
#950 = EDGE_LOOP ( 'NONE', ( #3105, #1839, #948, #1187, #853, #2361, #1762, #438 ) ) ;
#951 = DIRECTION ( 'NONE',  ( 0.000000000000000000, -1.000000000000000000, 0.000000000000000000 ) ) ;
#952 = VECTOR ( 'NONE', #1936, 1000.000000000000000 ) ;
#953 = DIRECTION ( 'NONE',  ( -1.000000000000000000, 0.000000000000000000, 0.000000000000000000 ) ) ;
#954 = VECTOR ( 'NONE', #1630, 1000.000000000000000 ) ;
#955 = ORIENTED_EDGE ( 'NONE', *, *, #2217, .T. ) ;
#956 = AXIS2_PLACEMENT_3D ( 'NONE', #2451, #20, #2167 ) ;
#957 = DIRECTION ( 'NONE',  ( 0.000000000000000000, -0.000000000000000000, -1.000000000000000000 ) ) ;
#958 = DIRECTION ( 'NONE',  ( -1.156482317317871725E-15, 0.000000000000000000, -1.000000000000000000 ) ) ;
#959 = AXIS2_PLACEMENT_3D ( 'NONE', #662, #1292, #2794 ) ;
#960 = EDGE_CURVE ( 'NONE', #3503, #1386, #1289, .T. ) ;
#961 = ORIENTED_EDGE ( 'NONE', *, *, #3631, .T. ) ;
#962 = VECTOR ( 'NONE', #3176, 1000.000000000000000 ) ;
#963 = LINE ( 'NONE', #3687, #2901 ) ;
#964 = DIRECTION ( 'NONE',  ( 0.000000000000000000, 1.000000000000000000, 0.000000000000000000 ) ) ;
#965 = VECTOR ( 'NONE', #431, 1000.000000000000000 ) ;
#966 = DIRECTION ( 'NONE',  ( 1.000000000000000000, 0.000000000000000000, 0.000000000000000000 ) ) ;
#967 = EDGE_CURVE ( 'NONE', #3132, #399, #1854, .T. ) ;
#968 = FACE_OUTER_BOUND ( 'NONE', #3758, .T. ) ;
#969 = LINE ( 'NONE', #2181, #2293 ) ;
#970 = CARTESIAN_POINT ( 'NONE',  ( 20.06591372660464856, -15.00760564602596325, 17.25600191785816051 ) ) ;
#971 = EDGE_CURVE ( 'NONE', #3280, #3591, #625, .T. ) ;
#972 = ORIENTED_EDGE ( 'NONE', *, *, #3513, .F. ) ;
#973 = ORIENTED_EDGE ( 'NONE', *, *, #1728, .F. ) ;
#974 = ORIENTED_EDGE ( 'NONE', *, *, #2962, .F. ) ;
#975 = CARTESIAN_POINT ( 'NONE',  ( 20.31753517551176103, -0.9499999999999871880, 17.23780439687918076 ) ) ;
#976 = DIRECTION ( 'NONE',  ( 0.000000000000000000, 0.000000000000000000, -1.000000000000000000 ) ) ;
#977 = ORIENTED_EDGE ( 'NONE', *, *, #2754, .T. ) ;
#978 = CARTESIAN_POINT ( 'NONE',  ( -7.500000000000006217, -18.87725054630192645, -6.485281374238573093 ) ) ;
#979 = CARTESIAN_POINT ( 'NONE',  ( 29.70832781755651908, 21.65000000000001279, 14.50000000000000178 ) ) ;
#980 = ADVANCED_FACE ( 'NONE', ( #2724 ), #3613, .F. ) ;
#981 = EDGE_CURVE ( 'NONE', #1540, #1837, #924, .T. ) ;
#982 = AXIS2_PLACEMENT_3D ( 'NONE', #361, #1309, #3724 ) ;
#983 = ORIENTED_EDGE ( 'NONE', *, *, #90, .F. ) ;
#984 = CARTESIAN_POINT ( 'NONE',  ( 12.24999927169117697, -18.87149398043249704, -6.485281374238573093 ) ) ;
#985 = CARTESIAN_POINT ( 'NONE',  ( 20.49167218244350153, 11.15000000000001634, 19.00000000000000355 ) ) ;
#986 = AXIS2_PLACEMENT_3D ( 'NONE', #3287, #22, #3269 ) ;
#987 = DIRECTION ( 'NONE',  ( 0.000000000000000000, 0.000000000000000000, 1.000000000000000000 ) ) ;
#988 = CARTESIAN_POINT ( 'NONE',  ( 28.99999999999999645, -3.069653548656539943, 17.50000000000000355 ) ) ;
#989 = CARTESIAN_POINT ( 'NONE',  ( -4.500000000000005329, -18.87725054630192645, 17.50000000000000000 ) ) ;
#990 = CARTESIAN_POINT ( 'NONE',  ( 19.86249010275916049, -14.64811716506390127, 14.51458562447801981 ) ) ;
#991 = ORIENTED_EDGE ( 'NONE', *, *, #2243, .F. ) ;
#992 = VERTEX_POINT ( 'NONE', #909 ) ;
#993 = ORIENTED_EDGE ( 'NONE', *, *, #2790, .T. ) ;
#994 = CARTESIAN_POINT ( 'NONE',  ( 18.45670748358301694, -0.9499999999999874101, 17.50000000000000355 ) ) ;
#995 = LINE ( 'NONE', #2814, #829 ) ;
#996 = TOROIDAL_SURFACE ( 'NONE', #2905, 6.608327817556510553, 3.000000000000000000 ) ;
#997 = ORIENTED_EDGE ( 'NONE', *, *, #1508, .F. ) ;
#998 = DIRECTION ( 'NONE',  ( 1.000000000000000000, 0.000000000000000000, 0.000000000000000000 ) ) ;
#999 = DIRECTION ( 'NONE',  ( 0.000000000000000000, -1.000000000000000000, 0.000000000000000000 ) ) ;
#1000 = EDGE_CURVE ( 'NONE', #581, #3595, #942, .T. ) ;
#1001 = ORIENTED_EDGE ( 'NONE', *, *, #3095, .T. ) ;
#1002 = CARTESIAN_POINT ( 'NONE',  ( 28.99999999999999645, 21.65000000000000924, 0.000000000000000000 ) ) ;
#1003 = LINE ( 'NONE', #2521, #378 ) ;
#1004 = FACE_OUTER_BOUND ( 'NONE', #2582, .T. ) ;
#1005 = LINE ( 'NONE', #152, #2109 ) ;
#1006 = CARTESIAN_POINT ( 'NONE',  ( 0.000000000000000000, 9.850000000000015632, 0.000000000000000000 ) ) ;
#1007 = CARTESIAN_POINT ( 'NONE',  ( 19.79183505144496635, -14.49714780261731306, 17.25549198749365232 ) ) ;
#1008 = VERTEX_POINT ( 'NONE', #1484 ) ;
#1009 = ORIENTED_EDGE ( 'NONE', *, *, #2087, .F. ) ;
#1010 = ORIENTED_EDGE ( 'NONE', *, *, #3926, .T. ) ;
#1011 = LINE ( 'NONE', #2530, #3266 ) ;
#1012 = EDGE_CURVE ( 'NONE', #203, #1304, #3639, .T. ) ;
#1013 = EDGE_CURVE ( 'NONE', #137, #3413, #2359, .T. ) ;
#1014 = AXIS2_PLACEMENT_3D ( 'NONE', #1227, #3339, #1208 ) ;
#1015 = ORIENTED_EDGE ( 'NONE', *, *, #3632, .F. ) ;
#1016 = TOROIDAL_SURFACE ( 'NONE', #3239, 6.000000000000000888, 3.000000000000000000 ) ;
#1017 = DIRECTION ( 'NONE',  ( 0.000000000000000000, 0.000000000000000000, 1.000000000000000000 ) ) ;
#1018 = DIRECTION ( 'NONE',  ( 1.000000000000000000, 0.000000000000000000, 0.000000000000000000 ) ) ;
#1019 = DIRECTION ( 'NONE',  ( 1.000000000000000000, 0.000000000000000000, 0.000000000000000000 ) ) ;
#1020 = ORIENTED_EDGE ( 'NONE', *, *, #402, .T. ) ;
#1021 = VECTOR ( 'NONE', #879, 1000.000000000000000 ) ;
#1022 = TOROIDAL_SURFACE ( 'NONE', #3244, 5.999999999999999112, 3.000000000000000000 ) ;
#1023 = VERTEX_POINT ( 'NONE', #1226 ) ;
#1024 = ADVANCED_FACE ( 'NONE', ( #1243 ), #1501, .F. ) ;
#1025 = CARTESIAN_POINT ( 'NONE',  ( 28.99999999999999645, 11.15000000000001634, 17.41517953184287393 ) ) ;
#1026 = VECTOR ( 'NONE', #539, 1000.000000000000000 ) ;
#1027 = DIRECTION ( 'NONE',  ( -1.000000000000000000, -1.233215741215739354E-16, 0.000000000000000000 ) ) ;
#1028 = CARTESIAN_POINT ( 'NONE',  ( 28.99999999999999645, 26.55000000000001847, 0.000000000000000000 ) ) ;
#1029 = TOROIDAL_SURFACE ( 'NONE', #1340, 6.608327817556510553, 3.000000000000000000 ) ;
#1030 = CARTESIAN_POINT ( 'NONE',  ( -30.50000000000000711, 42.20000000000001705, 19.00000000000000355 ) ) ;
#1031 = CARTESIAN_POINT ( 'NONE',  ( -10.50000000000000533, -18.87725054630192645, 14.50000000000000178 ) ) ;
#1032 = AXIS2_PLACEMENT_3D ( 'NONE', #3533, #3568, #3891 ) ;
#1033 = CARTESIAN_POINT ( 'NONE',  ( 16.76011601465225098, -14.91436788124609514, 17.50000000000000000 ) ) ;
#1034 = VERTEX_POINT ( 'NONE', #1537 ) ;
#1035 = ORIENTED_EDGE ( 'NONE', *, *, #1180, .F. ) ;
#1036 = EDGE_LOOP ( 'NONE', ( #1918, #3463, #2892, #1385 ) ) ;
#1037 = EDGE_CURVE ( 'NONE', #408, #2113, #3188, .T. ) ;
#1038 = VERTEX_POINT ( 'NONE', #609 ) ;
#1039 = DIRECTION ( 'NONE',  ( 0.000000000000000000, -1.000000000000000000, 0.000000000000000000 ) ) ;
#1040 = CARTESIAN_POINT ( 'NONE',  ( 20.49167218244350153, 27.85000000000001208, 19.00000000000000355 ) ) ;
#1041 = DIRECTION ( 'NONE',  ( 1.000000000000000000, 0.000000000000000000, 0.000000000000000000 ) ) ;
#1042 = VERTEX_POINT ( 'NONE', #569 ) ;
#1043 = FACE_BOUND ( 'NONE', #285, .T. ) ;
#1044 = VECTOR ( 'NONE', #2831, 1000.000000000000000 ) ;
#1045 = FACE_OUTER_BOUND ( 'NONE', #233, .T. ) ;
#1046 = EDGE_CURVE ( 'NONE', #1528, #2058, #351, .T. ) ;
#1047 = CARTESIAN_POINT ( 'NONE',  ( 25.70832781755653684, 9.850000000000015632, 11.00000000000000355 ) ) ;
#1048 = VERTEX_POINT ( 'NONE', #3040 ) ;
#1049 = DIRECTION ( 'NONE',  ( 0.000000000000000000, -1.156482317317871478E-16, -1.000000000000000000 ) ) ;
#1050 = CARTESIAN_POINT ( 'NONE',  ( 19.49167218244349797, 27.85000000000001208, 11.00000000000000355 ) ) ;
#1051 = CARTESIAN_POINT ( 'NONE',  ( 20.49167218244350153, 27.85000000000001208, 11.00000000000000355 ) ) ;
#1052 = ORIENTED_EDGE ( 'NONE', *, *, #2094, .T. ) ;
#1053 = ORIENTED_EDGE ( 'NONE', *, *, #3911, .T. ) ;
#1054 = VERTEX_POINT ( 'NONE', #1186 ) ;
#1055 = ADVANCED_FACE ( 'NONE', ( #3025 ), #2403, .T. ) ;
#1056 = ORIENTED_EDGE ( 'NONE', *, *, #2811, .F. ) ;
#1057 = ORIENTED_EDGE ( 'NONE', *, *, #2618, .T. ) ;
#1058 = CARTESIAN_POINT ( 'NONE',  ( 21.54301532756564441, 15.75000000000001066, 16.92729786822549443 ) ) ;
#1059 = CARTESIAN_POINT ( 'NONE',  ( 16.49167218244350508, -5.549999999999982059, 17.50000000000000000 ) ) ;
#1060 = CARTESIAN_POINT ( 'NONE',  ( 25.70832781755653684, 26.55000000000001492, 11.00000000000000355 ) ) ;
#1061 = VECTOR ( 'NONE', #466, 1000.000000000000000 ) ;
#1062 = ORIENTED_EDGE ( 'NONE', *, *, #2913, .T. ) ;
#1063 = DIRECTION ( 'NONE',  ( -0.000000000000000000, -1.000000000000000000, -0.000000000000000000 ) ) ;
#1064 = CARTESIAN_POINT ( 'NONE',  ( 23.10000000000000853, 27.85000000000001208, 14.50000000000000178 ) ) ;
#1065 = EDGE_CURVE ( 'NONE', #2105, #2967, #2874, .T. ) ;
#1066 =( NAMED_UNIT ( * ) SI_UNIT ( $, .STERADIAN. ) SOLID_ANGLE_UNIT ( ) );
#1067 = VERTEX_POINT ( 'NONE', #2444 ) ;
#1068 = DIRECTION ( 'NONE',  ( -0.000000000000000000, 0.000000000000000000, 1.000000000000000000 ) ) ;
#1069 = CARTESIAN_POINT ( 'NONE',  ( 0.000000000000000000, 0.000000000000000000, 3.700000000000001954 ) ) ;
#1070 = EDGE_CURVE ( 'NONE', #687, #2808, #887, .T. ) ;
#1071 = CARTESIAN_POINT ( 'NONE',  ( 23.10000000000000853, 11.15000000000001634, 17.50000000000000000 ) ) ;
#1072 = VERTEX_POINT ( 'NONE', #3373 ) ;
#1073 = ORIENTED_EDGE ( 'NONE', *, *, #428, .F. ) ;
#1074 = EDGE_CURVE ( 'NONE', #2663, #3400, #2079, .T. ) ;
#1075 = DIRECTION ( 'NONE',  ( 0.000000000000000000, 1.000000000000000000, -0.000000000000000000 ) ) ;
#1076 = VERTEX_POINT ( 'NONE', #313 ) ;
#1077 = FACE_OUTER_BOUND ( 'NONE', #1885, .T. ) ;
#1078 = DIRECTION ( 'NONE',  ( 0.000000000000000000, 0.000000000000000000, 1.000000000000000000 ) ) ;
#1079 = DIRECTION ( 'NONE',  ( 1.000000000000000000, 0.000000000000000000, 0.000000000000000000 ) ) ;
#1080 = VECTOR ( 'NONE', #66, 1000.000000000000000 ) ;
#1081 = ORIENTED_EDGE ( 'NONE', *, *, #647, .F. ) ;
#1082 = LINE ( 'NONE', #3831, #611 ) ;
#1083 = AXIS2_PLACEMENT_3D ( 'NONE', #1693, #153, #1400 ) ;
#1084 = DIRECTION ( 'NONE',  ( 0.000000000000000000, -1.000000000000000000, 1.156482317317871478E-16 ) ) ;
#1085 = EDGE_CURVE ( 'NONE', #99, #2054, #2620, .T. ) ;
#1086 = AXIS2_PLACEMENT_3D ( 'NONE', #2713, #2650, #1742 ) ;
#1087 = DIRECTION ( 'NONE',  ( -1.000000000000000000, 0.000000000000000000, 0.000000000000000000 ) ) ;
#1088 = CARTESIAN_POINT ( 'NONE',  ( 28.99999999999999645, 40.70000000000001705, -104.1362568945129823 ) ) ;
#1089 = CIRCLE ( 'NONE', #1527, 1.100000000000000311 ) ;
#1090 = LINE ( 'NONE', #3002, #2925 ) ;
#1091 = EDGE_CURVE ( 'NONE', #1897, #2163, #1976, .T. ) ;
#1092 = ORIENTED_EDGE ( 'NONE', *, *, #3076, .F. ) ;
#1093 = VERTEX_POINT ( 'NONE', #3146 ) ;
#1094 = VECTOR ( 'NONE', #1731, 1000.000000000000000 ) ;
#1095 = EDGE_CURVE ( 'NONE', #3855, #2567, #2172, .T. ) ;
#1096 = VECTOR ( 'NONE', #588, 1000.000000000000000 ) ;
#1097 = ORIENTED_EDGE ( 'NONE', *, *, #1694, .F. ) ;
#1098 = DIRECTION ( 'NONE',  ( 1.000000000000000000, 0.000000000000000000, 0.000000000000000000 ) ) ;
#1099 = DIRECTION ( 'NONE',  ( -0.000000000000000000, 0.000000000000000000, 1.000000000000000000 ) ) ;
#1100 = CARTESIAN_POINT ( 'NONE',  ( -28.99999999999999289, -40.70000000000001705, 17.50000000000000000 ) ) ;
#1101 = VERTEX_POINT ( 'NONE', #2554 ) ;
#1102 = CARTESIAN_POINT ( 'NONE',  ( 26.70832781755651908, 0.000000000000000000, 14.50000000000000178 ) ) ;
#1103 = EDGE_CURVE ( 'NONE', #2448, #375, #700, .T. ) ;
#1104 = EDGE_CURVE ( 'NONE', #3503, #2365, #1908, .T. ) ;
#1105 = CARTESIAN_POINT ( 'NONE',  ( 25.70832781755651908, 11.15000000000001634, 11.00000000000000355 ) ) ;
#1106 = VECTOR ( 'NONE', #1172, 1000.000000000000000 ) ;
#1107 = DIRECTION ( 'NONE',  ( -1.233215741215739354E-16, 1.000000000000000000, -0.000000000000000000 ) ) ;
#1108 = LINE ( 'NONE', #2625, #3308 ) ;
#1109 = AXIS2_PLACEMENT_3D ( 'NONE', #420, #1326, #3461 ) ;
#1110 = CYLINDRICAL_SURFACE ( 'NONE', #2414, 3.599999999999999201 ) ;
#1111 = ORIENTED_EDGE ( 'NONE', *, *, #2477, .F. ) ;
#1112 = LINE ( 'NONE', #2325, #382 ) ;
#1113 = ORIENTED_EDGE ( 'NONE', *, *, #363, .T. ) ;
#1114 = DIRECTION ( 'NONE',  ( -1.000000000000000000, -4.262219842694856156E-17, 0.000000000000000000 ) ) ;
#1115 = DIRECTION ( 'NONE',  ( -1.000000000000000000, -4.262219842694856156E-17, 0.000000000000000000 ) ) ;
#1116 = CARTESIAN_POINT ( 'NONE',  ( -4.500000000000006217, 35.60000000000001563, 17.50000000000000000 ) ) ;
#1117 = ORIENTED_EDGE ( 'NONE', *, *, #960, .T. ) ;
#1118 = CARTESIAN_POINT ( 'NONE',  ( 28.99999999999999645, 27.85000000000001208, 17.41517953184287038 ) ) ;
#1119 = ADVANCED_FACE ( 'NONE', ( #3725 ), #3374, .F. ) ;
#1120 = CIRCLE ( 'NONE', #1432, 2.608327817556509221 ) ;
#1121 = CARTESIAN_POINT ( 'NONE',  ( 35.70832781755653684, -11.74999999999998046, 19.00000000000000355 ) ) ;
#1122 = FACE_OUTER_BOUND ( 'NONE', #715, .T. ) ;
#1123 = CARTESIAN_POINT ( 'NONE',  ( 20.49167218244350153, -13.04999999999998117, 19.00000000000000355 ) ) ;
#1124 = LINE ( 'NONE', #3535, #1961 ) ;
#1125 = ORIENTED_EDGE ( 'NONE', *, *, #3556, .T. ) ;
#1126 = ORIENTED_EDGE ( 'NONE', *, *, #1586, .T. ) ;
#1127 = ORIENTED_EDGE ( 'NONE', *, *, #3661, .T. ) ;
#1128 = ORIENTED_EDGE ( 'NONE', *, *, #1436, .F. ) ;
#1129 = CARTESIAN_POINT ( 'NONE',  ( 12.24999927169117697, -18.87149398043249704, 3.700000000000001954 ) ) ;
#1130 = DIRECTION ( 'NONE',  ( -1.000000000000000000, 0.000000000000000000, 0.000000000000000000 ) ) ;
#1131 = DIRECTION ( 'NONE',  ( 1.387778780781445676E-15, 1.000000000000000000, 0.000000000000000000 ) ) ;
#1132 = ORIENTED_EDGE ( 'NONE', *, *, #791, .T. ) ;
#1133 = ORIENTED_EDGE ( 'NONE', *, *, #90, .T. ) ;
#1134 = DIRECTION ( 'NONE',  ( -0.8603986292611132125, 0.5096216231338672742, 0.000000000000000000 ) ) ;
#1135 = VECTOR ( 'NONE', #156, 1000.000000000000000 ) ;
#1136 = CARTESIAN_POINT ( 'NONE',  ( 26.70832781755651908, -6.849999999999982769, 11.00000000000000355 ) ) ;
#1137 = EDGE_CURVE ( 'NONE', #2797, #1689, #1272, .T. ) ;
#1138 = LINE ( 'NONE', #3216, #3637 ) ;
#1139 = FACE_OUTER_BOUND ( 'NONE', #2908, .T. ) ;
#1140 = DIRECTION ( 'NONE',  ( -0.000000000000000000, 0.000000000000000000, 1.000000000000000000 ) ) ;
#1141 = AXIS2_PLACEMENT_3D ( 'NONE', #1031, #1572, #47 ) ;
#1142 = EDGE_LOOP ( 'NONE', ( #1638, #839, #3300, #3598 ) ) ;
#1143 = LINE ( 'NONE', #3222, #2990 ) ;
#1144 = APPLICATION_CONTEXT ( 'automotive_design' ) ;
#1145 = VECTOR ( 'NONE', #1311, 1000.000000000000000 ) ;
#1146 = ORIENTED_EDGE ( 'NONE', *, *, #2201, .T. ) ;
#1147 = LINE ( 'NONE', #2386, #2984 ) ;
#1148 = ORIENTED_EDGE ( 'NONE', *, *, #1472, .F. ) ;
#1149 = EDGE_LOOP ( 'NONE', ( #106, #3543, #3484, #2631 ) ) ;
#1150 = EDGE_CURVE ( 'NONE', #2412, #1837, #1310, .T. ) ;
#1151 = VECTOR ( 'NONE', #2534, 1000.000000000000000 ) ;
#1152 = DIRECTION ( 'NONE',  ( 0.2470193734007391506, -0.9690105413073204499, 0.000000000000000000 ) ) ;
#1153 = DIRECTION ( 'NONE',  ( 0.000000000000000000, 0.000000000000000000, -1.000000000000000000 ) ) ;
#1154 = FACE_OUTER_BOUND ( 'NONE', #1319, .T. ) ;
#1155 = AXIS2_PLACEMENT_3D ( 'NONE', #1741, #3282, #1444 ) ;
#1156 = EDGE_LOOP ( 'NONE', ( #3658, #674, #2829, #3395 ) ) ;
#1157 = ORIENTED_EDGE ( 'NONE', *, *, #659, .F. ) ;
#1158 = CARTESIAN_POINT ( 'NONE',  ( 25.70832781755650487, -1.189249061152609716E-14, 11.00000000000000355 ) ) ;
#1159 = DIRECTION ( 'NONE',  ( 1.000000000000000000, 0.000000000000000000, 0.000000000000000000 ) ) ;
#1160 = LINE ( 'NONE', #1452, #2155 ) ;
#1161 = CIRCLE ( 'NONE', #656, 2.999999999999999112 ) ;
#1162 = CARTESIAN_POINT ( 'NONE',  ( -12.51274600669631454, -20.00958744222176833, 3.700000000000001954 ) ) ;
#1163 = DIRECTION ( 'NONE',  ( 0.7156780586066807670, 0.6984303232456136046, 0.000000000000000000 ) ) ;
#1164 = FACE_OUTER_BOUND ( 'NONE', #1323, .T. ) ;
#1165 = LINE ( 'NONE', #3276, #3623 ) ;
#1166 = DIRECTION ( 'NONE',  ( 0.7156780586066787686, 0.6984303232456158250, 0.000000000000000000 ) ) ;
#1167 = CIRCLE ( 'NONE', #343, 2.999999999999999112 ) ;
#1168 = ORIENTED_EDGE ( 'NONE', *, *, #2080, .F. ) ;
#1169 = CARTESIAN_POINT ( 'NONE',  ( -10.50000000000000533, -18.87725054630192645, 5.700000000000001954 ) ) ;
#1170 = ORIENTED_EDGE ( 'NONE', *, *, #2655, .T. ) ;
#1171 = ORIENTED_EDGE ( 'NONE', *, *, #2759, .T. ) ;
#1172 = DIRECTION ( 'NONE',  ( 0.9626974320074186409, -0.2705802180617081221, 0.000000000000000000 ) ) ;
#1173 = LINE ( 'NONE', #3372, #3316 ) ;
#1174 = CARTESIAN_POINT ( 'NONE',  ( 29.70832781755651908, 0.000000000000000000, 14.50000000000000178 ) ) ;
#1175 = VERTEX_POINT ( 'NONE', #3741 ) ;
#1176 = CARTESIAN_POINT ( 'NONE',  ( 29.70832781755651908, -6.849999999999982769, 14.50000000000000178 ) ) ;
#1177 = DIRECTION ( 'NONE',  ( -0.000000000000000000, -0.000000000000000000, -1.000000000000000000 ) ) ;
#1178 = VECTOR ( 'NONE', #85, 1000.000000000000000 ) ;
#1179 = CARTESIAN_POINT ( 'NONE',  ( 28.99999999999999645, -3.019048879122136750E-17, 17.41517953184287038 ) ) ;
#1180 = EDGE_CURVE ( 'NONE', #2235, #832, #682, .T. ) ;
#1181 = LINE ( 'NONE', #1849, #331 ) ;
#1182 = DIRECTION ( 'NONE',  ( -1.000000000000000000, 0.000000000000000000, 0.000000000000000000 ) ) ;
#1183 = ADVANCED_FACE ( 'NONE', ( #2233 ), #3444, .F. ) ;
#1184 = DIRECTION ( 'NONE',  ( -0.8715445865823453486, -0.4903162587544988016, 0.000000000000000000 ) ) ;
#1185 = EDGE_LOOP ( 'NONE', ( #2637, #380, #737, #1776 ) ) ;
#1186 = CARTESIAN_POINT ( 'NONE',  ( 16.49167218244350153, 20.35000000000001563, 17.50000000000000000 ) ) ;
#1187 = ORIENTED_EDGE ( 'NONE', *, *, #183, .F. ) ;
#1188 = ORIENTED_EDGE ( 'NONE', *, *, #3310, .F. ) ;
#1189 = EDGE_CURVE ( 'NONE', #3344, #541, #1461, .T. ) ;
#1190 = CARTESIAN_POINT ( 'NONE',  ( 19.70870239348904107, -14.30757353478296423, 14.50000000000000178 ) ) ;
#1191 = FACE_OUTER_BOUND ( 'NONE', #2710, .T. ) ;
#1192 = DIRECTION ( 'NONE',  ( -0.000000000000000000, 0.000000000000000000, 1.000000000000000000 ) ) ;
#1193 = EDGE_LOOP ( 'NONE', ( #3144, #3564, #1313, #1369 ) ) ;
#1194 = DIRECTION ( 'NONE',  ( -0.000000000000000000, 0.000000000000000000, 1.000000000000000000 ) ) ;
#1195 = DIRECTION ( 'NONE',  ( 1.000000000000000000, 0.000000000000000000, 0.000000000000000000 ) ) ;
#1196 = EDGE_CURVE ( 'NONE', #3595, #1067, #2774, .T. ) ;
#1197 = FACE_OUTER_BOUND ( 'NONE', #1247, .T. ) ;
#1198 = DIRECTION ( 'NONE',  ( 0.000000000000000000, 0.000000000000000000, 1.000000000000000000 ) ) ;
#1199 = CARTESIAN_POINT ( 'NONE',  ( 27.84447010152781132, -0.9499999999999855227, 17.50000000000000000 ) ) ;
#1200 = VECTOR ( 'NONE', #590, 1000.000000000000000 ) ;
#1201 = ADVANCED_FACE ( 'NONE', ( #1624 ), #3762, .F. ) ;
#1202 = CARTESIAN_POINT ( 'NONE',  ( 26.70832781755651908, -13.04999999999998117, 11.00000000000000355 ) ) ;
#1203 = VECTOR ( 'NONE', #3710, 1000.000000000000000 ) ;
#1204 = AXIS2_PLACEMENT_3D ( 'NONE', #3695, #1301, #2842 ) ;
#1205 = DIRECTION ( 'NONE',  ( 1.000000000000000000, 5.288310597197017094E-15, 0.000000000000000000 ) ) ;
#1206 = CIRCLE ( 'NONE', #2291, 2.999999999999999112 ) ;
#1207 = VECTOR ( 'NONE', #2658, 1000.000000000000000 ) ;
#1208 = DIRECTION ( 'NONE',  ( 1.000000000000000000, 0.000000000000000000, 0.000000000000000000 ) ) ;
#1209 = VERTEX_POINT ( 'NONE', #1040 ) ;
#1210 = ORIENTED_EDGE ( 'NONE', *, *, #857, .T. ) ;
#1211 = CYLINDRICAL_SURFACE ( 'NONE', #2701, 2.999999999999999112 ) ;
#1212 = VECTOR ( 'NONE', #236, 1000.000000000000000 ) ;
#1213 = ADVANCED_FACE ( 'NONE', ( #2211 ), #1604, .F. ) ;
#1214 = PLANE ( 'NONE',  #2996 ) ;
#1215 = AXIS2_PLACEMENT_3D ( 'NONE', #979, #3107, #958 ) ;
#1216 = ORIENTED_EDGE ( 'NONE', *, *, #1679, .F. ) ;
#1217 = DIRECTION ( 'NONE',  ( 1.000000000000000000, 0.000000000000000000, 0.000000000000000000 ) ) ;
#1218 = CIRCLE ( 'NONE', #2173, 3.000000000000000000 ) ;
#1219 = LINE ( 'NONE', #2437, #1021 ) ;
#1220 = ADVANCED_FACE ( 'NONE', ( #101 ), #2470, .T. ) ;
#1221 = CARTESIAN_POINT ( 'NONE',  ( 23.10000000000001563, -13.04999999999998117, 11.00000000000000355 ) ) ;
#1222 = DIRECTION ( 'NONE',  ( 0.000000000000000000, -0.000000000000000000, -1.000000000000000000 ) ) ;
#1223 = DIRECTION ( 'NONE',  ( -0.000000000000000000, -1.000000000000000000, 1.156482317317871478E-16 ) ) ;
#1224 = CARTESIAN_POINT ( 'NONE',  ( 2.599999999999993427, 35.60000000000001563, 3.700000000000001954 ) ) ;
#1225 = CIRCLE ( 'NONE', #2247, 6.000000000000000000 ) ;
#1226 = CARTESIAN_POINT ( 'NONE',  ( -24.84999999999999787, 32.95000000000001705, 19.00000000000000355 ) ) ;
#1227 = CARTESIAN_POINT ( 'NONE',  ( 12.24999927169117697, -18.87149398043249704, 2.000000000000001776 ) ) ;
#1228 = EDGE_LOOP ( 'NONE', ( #3470, #125, #1581, #1429, #3086, #3808, #3726 ) ) ;
#1229 = EDGE_LOOP ( 'NONE', ( #1421, #846, #2866, #702 ) ) ;
#1230 = VERTEX_POINT ( 'NONE', #3683 ) ;
#1231 = AXIS2_PLACEMENT_3D ( 'NONE', #1822, #873, #3281 ) ;
#1232 = LINE ( 'NONE', #3065, #2958 ) ;
#1233 = CARTESIAN_POINT ( 'NONE',  ( -28.99999999999999289, 40.70000000000001705, 0.000000000000000000 ) ) ;
#1234 = VECTOR ( 'NONE', #1349, 1000.000000000000000 ) ;
#1235 = ORIENTED_EDGE ( 'NONE', *, *, #561, .T. ) ;
#1236 = CARTESIAN_POINT ( 'NONE',  ( 28.99999999999999645, 17.37342536725664743, 17.50000000000000000 ) ) ;
#1237 = EDGE_CURVE ( 'NONE', #1355, #3599, #392, .T. ) ;
#1238 = EDGE_CURVE ( 'NONE', #1093, #2663, #2850, .T. ) ;
#1239 = CARTESIAN_POINT ( 'NONE',  ( 25.70832781755651908, 11.15000000000001634, 19.00000000000000355 ) ) ;
#1240 = CARTESIAN_POINT ( 'NONE',  ( 4.499999999999995559, 35.60000000000001563, 2.000000000000001776 ) ) ;
#1241 = FACE_OUTER_BOUND ( 'NONE', #876, .T. ) ;
#1242 = LINE ( 'NONE', #1870, #2222 ) ;
#1243 = FACE_OUTER_BOUND ( 'NONE', #743, .T. ) ;
#1244 = CARTESIAN_POINT ( 'NONE',  ( 17.75106299212039573, -16.46507098162762972, 17.50000000015334933 ) ) ;
#1245 = VERTEX_POINT ( 'NONE', #3402 ) ;
#1246 = ORIENTED_EDGE ( 'NONE', *, *, #3460, .F. ) ;
#1247 = EDGE_LOOP ( 'NONE', ( #355, #1113, #3872, #3736, #734, #52 ) ) ;
#1248 = CARTESIAN_POINT ( 'NONE',  ( 18.35552989847220928, -0.9499999999999872990, 17.50000000000000000 ) ) ;
#1249 = CYLINDRICAL_SURFACE ( 'NONE', #1652, 2.999999999999999112 ) ;
#1250 = ADVANCED_FACE ( 'NONE', ( #2256 ), #1884, .T. ) ;
#1251 = EDGE_LOOP ( 'NONE', ( #1216, #2227, #523, #2611, #129, #1633 ) ) ;
#1252 = DIRECTION ( 'NONE',  ( 0.000000000000000000, 1.000000000000000000, -0.000000000000000000 ) ) ;
#1253 = CARTESIAN_POINT ( 'NONE',  ( 23.10000000000000853, 11.15000000000001634, 17.50000000000000000 ) ) ;
#1254 = DIRECTION ( 'NONE',  ( -0.000000000000000000, -1.000000000000000000, 0.000000000000000000 ) ) ;
#1255 = CARTESIAN_POINT ( 'NONE',  ( 26.70832781755651908, 3.650000000000009237, 14.50000000000000178 ) ) ;
#1256 = PLANE ( 'NONE',  #1394 ) ;
#1257 = AXIS2_PLACEMENT_3D ( 'NONE', #3549, #750, #2566 ) ;
#1258 = CARTESIAN_POINT ( 'NONE',  ( -10.52574048583916699, -21.18650816742653475, 2.000000000000001776 ) ) ;
#1259 = CARTESIAN_POINT ( 'NONE',  ( 18.04098673797157915, -17.30163278740195310, 17.50000000000000000 ) ) ;
#1260 = VECTOR ( 'NONE', #3838, 1000.000000000000000 ) ;
#1261 = ORIENTED_EDGE ( 'NONE', *, *, #1783, .F. ) ;
#1262 = ORIENTED_EDGE ( 'NONE', *, *, #2517, .F. ) ;
#1263 = EDGE_LOOP ( 'NONE', ( #1930, #1539, #1875, #3751, #1128, #496 ) ) ;
#1264 = EDGE_CURVE ( 'NONE', #99, #1960, #769, .T. ) ;
#1265 = CARTESIAN_POINT ( 'NONE',  ( 29.00000000000000000, -40.70000000000001705, 0.000000000000000000 ) ) ;
#1266 = AXIS2_PLACEMENT_3D ( 'NONE', #2656, #271, #1195 ) ;
#1267 = TOROIDAL_SURFACE ( 'NONE', #1141, 6.000000000000000000, 3.000000000000000000 ) ;
#1268 = DIRECTION ( 'NONE',  ( 1.387778780781445676E-15, 1.000000000000000000, 0.000000000000000000 ) ) ;
#1269 = ORIENTED_EDGE ( 'NONE', *, *, #967, .T. ) ;
#1270 = CIRCLE ( 'NONE', #766, 2.999999999999999112 ) ;
#1271 = CARTESIAN_POINT ( 'NONE',  ( 29.00000000000000000, -40.70000000000001705, 17.50000000000000000 ) ) ;
#1272 = LINE ( 'NONE', #3089, #1151 ) ;
#1273 = AXIS2_PLACEMENT_3D ( 'NONE', #3465, #81, #3766 ) ;
#1274 = ORIENTED_EDGE ( 'NONE', *, *, #1747, .F. ) ;
#1275 = AXIS2_PLACEMENT_3D ( 'NONE', #941, #263, #554 ) ;
#1276 = DIRECTION ( 'NONE',  ( -0.9893579746149074872, -0.1455018833757423524, 0.000000000000000000 ) ) ;
#1277 = DIRECTION ( 'NONE',  ( -0.000000000000000000, -0.000000000000000000, -1.000000000000000000 ) ) ;
#1278 = CIRCLE ( 'NONE', #1470, 6.608327817556509665 ) ;
#1279 = FACE_OUTER_BOUND ( 'NONE', #2946, .T. ) ;
#1280 = ORIENTED_EDGE ( 'NONE', *, *, #3587, .T. ) ;
#1281 = DIRECTION ( 'NONE',  ( 0.1455018833757425467, -0.9893579746149073761, 0.000000000000000000 ) ) ;
#1282 = DIRECTION ( 'NONE',  ( 1.000000000000000000, 0.000000000000000000, -0.000000000000000000 ) ) ;
#1283 = CARTESIAN_POINT ( 'NONE',  ( 17.42567008114797744, -15.82688565760751231, 17.50000000003011991 ) ) ;
#1284 = VERTEX_POINT ( 'NONE', #2314 ) ;
#1285 = ORIENTED_EDGE ( 'NONE', *, *, #309, .F. ) ;
#1286 = VERTEX_POINT ( 'NONE', #1687 ) ;
#1287 = EDGE_CURVE ( 'NONE', #116, #3759, #1778, .T. ) ;
#1288 = CARTESIAN_POINT ( 'NONE',  ( 18.85191422285159391, -0.9499999999999868550, 17.48057874959577163 ) ) ;
#1289 = LINE ( 'NONE', #78, #2160 ) ;
#1290 = ORIENTED_EDGE ( 'NONE', *, *, #59, .F. ) ;
#1291 = CARTESIAN_POINT ( 'NONE',  ( 26.70832781755651908, 21.65000000000001279, 14.50000000000000178 ) ) ;
#1292 = DIRECTION ( 'NONE',  ( 0.000000000000000000, -0.000000000000000000, -1.000000000000000000 ) ) ;
#1293 = VECTOR ( 'NONE', #3401, 1000.000000000000000 ) ;
#1294 = VERTEX_POINT ( 'NONE', #2344 ) ;
#1295 = LINE ( 'NONE', #409, #1815 ) ;
#1296 = DIRECTION ( 'NONE',  ( 1.000000000000000000, 0.000000000000000000, 0.000000000000000000 ) ) ;
#1297 = CARTESIAN_POINT ( 'NONE',  ( 25.70832781755651553, 20.35000000000001563, 19.00000000000000355 ) ) ;
#1298 = EDGE_CURVE ( 'NONE', #1924, #290, #1646, .T. ) ;
#1299 = EDGE_CURVE ( 'NONE', #2510, #760, #580, .T. ) ;
#1300 = CARTESIAN_POINT ( 'NONE',  ( 11.91397706555285296, -16.58666960855721229, 2.000000000000001776 ) ) ;
#1301 = DIRECTION ( 'NONE',  ( 0.2821240006122271993, -0.9593779486096978282, -1.142401992984436594E-16 ) ) ;
#1302 = CARTESIAN_POINT ( 'NONE',  ( 20.33764032494468310, -15.37150784288578720, 17.49999999999999289 ) ) ;
#1303 = ORIENTED_EDGE ( 'NONE', *, *, #634, .T. ) ;
#1304 = VERTEX_POINT ( 'NONE', #463 ) ;
#1305 = ORIENTED_EDGE ( 'NONE', *, *, #2622, .F. ) ;
#1306 = CARTESIAN_POINT ( 'NONE',  ( 19.92991590172945848, -0.9499999999999879652, 17.32840702991077464 ) ) ;
#1307 = EDGE_CURVE ( 'NONE', #3397, #1072, #1089, .T. ) ;
#1308 = EDGE_LOOP ( 'NONE', ( #2609, #776, #3452, #3162 ) ) ;
#1309 = DIRECTION ( 'NONE',  ( -1.000000000000000000, 0.000000000000000000, 0.000000000000000000 ) ) ;
#1310 = LINE ( 'NONE', #3384, #198 ) ;
#1311 = DIRECTION ( 'NONE',  ( -4.262219842694856156E-17, 1.000000000000000000, 0.000000000000000000 ) ) ;
#1312 = EDGE_LOOP ( 'NONE', ( #3140, #1696, #1395, #2578 ) ) ;
#1313 = ORIENTED_EDGE ( 'NONE', *, *, #3149, .F. ) ;
#1314 = VERTEX_POINT ( 'NONE', #1059 ) ;
#1315 = CARTESIAN_POINT ( 'NONE',  ( 14.39672632399015839, -19.72290239961865055, 3.700000000000001954 ) ) ;
#1316 = DIRECTION ( 'NONE',  ( 1.000000000000000000, 0.000000000000000000, 0.000000000000000000 ) ) ;
#1317 = ADVANCED_FACE ( 'NONE', ( #3226 ), #3526, .F. ) ;
#1318 = CARTESIAN_POINT ( 'NONE',  ( 0.4466407256543580839, 40.70000000000000995, 17.39110980951489793 ) ) ;
#1319 = EDGE_LOOP ( 'NONE', ( #2226, #2632, #161, #1168 ) ) ;
#1320 = CYLINDRICAL_SURFACE ( 'NONE', #901, 3.608327817556510109 ) ;
#1321 = LINE ( 'NONE', #3433, #2551 ) ;
#1322 = CARTESIAN_POINT ( 'NONE',  ( 19.67312039523877942, -14.18657502202015586, 14.50000000861354721 ) ) ;
#1323 = EDGE_LOOP ( 'NONE', ( #552, #3476, #1376 ) ) ;
#1324 = ORIENTED_EDGE ( 'NONE', *, *, #59, .T. ) ;
#1325 = ORIENTED_EDGE ( 'NONE', *, *, #256, .F. ) ;
#1326 = DIRECTION ( 'NONE',  ( 1.224646799147353207E-16, 1.000000000000000000, 0.000000000000000000 ) ) ;
#1327 = AXIS2_PLACEMENT_3D ( 'NONE', #685, #2281, #389 ) ;
#1328 = EDGE_LOOP ( 'NONE', ( #2807, #2066, #961, #1903, #397, #3619, #2653, #3198, #2129, #1882, #2644, #1325, #2532, #51, #150, #3150, #997, #3551, #827, #1844, #302, #2142, #353, #2279, #3813, #158, #3032, #664 ) ) ;
#1329 = EDGE_CURVE ( 'NONE', #2242, #1734, #3787, .T. ) ;
#1330 = LINE ( 'NONE', #2232, #1673 ) ;
#1331 = DIRECTION ( 'NONE',  ( -0.000000000000000000, -0.000000000000000000, 1.000000000000000000 ) ) ;
#1332 = LINE ( 'NONE', #2258, #2805 ) ;
#1333 = AXIS2_PLACEMENT_3D ( 'NONE', #669, #2221, #1282 ) ;
#1334 = ORIENTED_EDGE ( 'NONE', *, *, #3770, .F. ) ;
#1335 = DIRECTION ( 'NONE',  ( 0.1455018833757423524, -0.9893579746149074872, 0.000000000000000000 ) ) ;
#1336 = CIRCLE ( 'NONE', #956, 2.999999999999999112 ) ;
#1337 = DIRECTION ( 'NONE',  ( -1.000000000000000000, 0.000000000000000000, 0.000000000000000000 ) ) ;
#1338 = CARTESIAN_POINT ( 'NONE',  ( 12.58602147782949920, -21.15631835230778179, 3.700000000000001954 ) ) ;
#1339 = EDGE_LOOP ( 'NONE', ( #2249, #1650, #1941, #2981 ) ) ;
#1340 = AXIS2_PLACEMENT_3D ( 'NONE', #2649, #3860, #482 ) ;
#1341 = EDGE_CURVE ( 'NONE', #3875, #3919, #3886, .T. ) ;
#1342 = DIRECTION ( 'NONE',  ( -0.000000000000000000, -1.000000000000000000, 1.156482317317871478E-16 ) ) ;
#1343 = LINE ( 'NONE', #1050, #952 ) ;
#1344 = AXIS2_PLACEMENT_3D ( 'NONE', #274, #526, #2641 ) ;
#1345 = CARTESIAN_POINT ( 'NONE',  ( 25.70832781755653684, 26.55000000000001492, 19.00000000000000355 ) ) ;
#1346 = ORIENTED_EDGE ( 'NONE', *, *, #1150, .F. ) ;
#1347 = ORIENTED_EDGE ( 'NONE', *, *, #2840, .T. ) ;
#1348 = ORIENTED_EDGE ( 'NONE', *, *, #2137, .T. ) ;
#1349 = DIRECTION ( 'NONE',  ( -0.000000000000000000, -0.000000000000000000, -1.000000000000000000 ) ) ;
#1350 = VERTEX_POINT ( 'NONE', #1391 ) ;
#1351 = EDGE_CURVE ( 'NONE', #2253, #3876, #163, .T. ) ;
#1352 = CARTESIAN_POINT ( 'NONE',  ( 25.70832781755651908, 27.85000000000001208, 11.00000000000000355 ) ) ;
#1353 = CARTESIAN_POINT ( 'NONE',  ( 1.499999999999994449, 35.60000000000001563, 14.50000000000000178 ) ) ;
#1354 = CARTESIAN_POINT ( 'NONE',  ( 1.499999999999994449, 35.60000000000001563, 14.50000000000000178 ) ) ;
#1355 = VERTEX_POINT ( 'NONE', #3482 ) ;
#1356 = CARTESIAN_POINT ( 'NONE',  ( 23.10000000000000853, 27.85000000000001208, 14.50000000000000178 ) ) ;
#1357 = EDGE_CURVE ( 'NONE', #95, #2113, #807, .T. ) ;
#1358 = AXIS2_PLACEMENT_3D ( 'NONE', #3878, #3923, #1505 ) ;
#1359 = DIRECTION ( 'NONE',  ( -0.8603986292611133235, 0.5096216231338670521, 0.000000000000000000 ) ) ;
#1360 = VERTEX_POINT ( 'NONE', #1411 ) ;
#1361 = ADVANCED_FACE ( 'NONE', ( #3507 ), #2614, .F. ) ;
#1362 = EDGE_CURVE ( 'NONE', #3280, #1023, #3058, .T. ) ;
#1363 = DIRECTION ( 'NONE',  ( -1.233215741215739354E-16, 1.000000000000000000, -0.000000000000000000 ) ) ;
#1364 = CARTESIAN_POINT ( 'NONE',  ( -28.99999999999999289, 40.70000000000001705, 17.50000000000000000 ) ) ;
#1365 = CARTESIAN_POINT ( 'NONE',  ( -1.660696125855804617, 40.70000000000001705, 17.50000000000000000 ) ) ;
#1366 = EDGE_LOOP ( 'NONE', ( #3447, #3573, #3437, #3354 ) ) ;
#1367 = ORIENTED_EDGE ( 'NONE', *, *, #3514, .T. ) ;
#1368 = ORIENTED_EDGE ( 'NONE', *, *, #3325, .F. ) ;
#1369 = ORIENTED_EDGE ( 'NONE', *, *, #84, .T. ) ;
#1370 = CARTESIAN_POINT ( 'NONE',  ( 26.85619721767678314, 15.75000000000001776, 17.42649469133680284 ) ) ;
#1371 = DIRECTION ( 'NONE',  ( 0.000000000000000000, 1.000000000000000000, -0.000000000000000000 ) ) ;
#1372 = ADVANCED_FACE ( 'NONE', ( #3844 ), #1029, .F. ) ;
#1373 = LINE ( 'NONE', #721, #1645 ) ;
#1374 = CIRCLE ( 'NONE', #1872, 3.000000000000000888 ) ;
#1375 = ADVANCED_FACE ( 'NONE', ( #2872 ), #2294, .T. ) ;
#1376 = ORIENTED_EDGE ( 'NONE', *, *, #2322, .T. ) ;
#1377 = FACE_OUTER_BOUND ( 'NONE', #3734, .T. ) ;
#1378 = CARTESIAN_POINT ( 'NONE',  ( 10.10327221939219910, -18.02008556124634353, 3.700000000000001954 ) ) ;
#1379 = EDGE_CURVE ( 'NONE', #1598, #1560, #3566, .T. ) ;
#1380 = VERTEX_POINT ( 'NONE', #2670 ) ;
#1381 = EDGE_CURVE ( 'NONE', #1620, #277, #758, .T. ) ;
#1382 = DIRECTION ( 'NONE',  ( 0.000000000000000000, -1.000000000000000000, 1.156482317317871478E-16 ) ) ;
#1383 = PLANE ( 'NONE',  #1083 ) ;
#1384 = DIRECTION ( 'NONE',  ( -0.000000000000000000, -0.000000000000000000, -1.000000000000000000 ) ) ;
#1385 = ORIENTED_EDGE ( 'NONE', *, *, #2087, .T. ) ;
#1386 = VERTEX_POINT ( 'NONE', #2368 ) ;
#1387 = ORIENTED_EDGE ( 'NONE', *, *, #1137, .T. ) ;
#1388 = EDGE_CURVE ( 'NONE', #2404, #203, #2063, .T. ) ;
#1389 = EDGE_CURVE ( 'NONE', #2065, #2567, #3063, .T. ) ;
#1390 = DIRECTION ( 'NONE',  ( 0.000000000000000000, 0.000000000000000000, -1.000000000000000000 ) ) ;
#1391 = CARTESIAN_POINT ( 'NONE',  ( 13.34999927169117839, -18.87149398043249704, 3.700000000000001954 ) ) ;
#1392 = VECTOR ( 'NONE', #1780, 1000.000000000000000 ) ;
#1393 = DIRECTION ( 'NONE',  ( 1.000000000000000000, 0.000000000000000000, 0.000000000000000000 ) ) ;
#1394 = AXIS2_PLACEMENT_3D ( 'NONE', #412, #332, #3750 ) ;
#1395 = ORIENTED_EDGE ( 'NONE', *, *, #1341, .T. ) ;
#1396 = CARTESIAN_POINT ( 'NONE',  ( 20.33764032494468665, -15.37150784288579608, 14.50000000000000178 ) ) ;
#1397 = CARTESIAN_POINT ( 'NONE',  ( -10.52574048583916699, -21.18650816742653475, 3.700000000000001954 ) ) ;
#1398 = VECTOR ( 'NONE', #3343, 1000.000000000000000 ) ;
#1399 = FACE_OUTER_BOUND ( 'NONE', #929, .T. ) ;
#1400 = DIRECTION ( 'NONE',  ( 0.2470193734007389008, -0.9690105413073204499, 0.000000000000000000 ) ) ;
#1401 = DIRECTION ( 'NONE',  ( -0.6206873146093280225, 0.7840581977653580115, 0.000000000000000000 ) ) ;
#1402 = ORIENTED_EDGE ( 'NONE', *, *, #3046, .F. ) ;
#1403 = EDGE_LOOP ( 'NONE', ( #215, #2869, #2772, #2185 ) ) ;
#1404 = SHAPE_DEFINITION_REPRESENTATION ( #2731, #2531 ) ;
#1405 = VECTOR ( 'NONE', #3924, 1000.000000000000000 ) ;
#1406 = VERTEX_POINT ( 'NONE', #3579 ) ;
#1407 = AXIS2_PLACEMENT_3D ( 'NONE', #727, #2240, #2799 ) ;
#1408 = ORIENTED_EDGE ( 'NONE', *, *, #3927, .F. ) ;
#1409 = ADVANCED_FACE ( 'NONE', ( #46 ), #1853, .F. ) ;
#1410 = CARTESIAN_POINT ( 'NONE',  ( 19.49167218244349797, 27.85000000000001208, 11.00000000000000355 ) ) ;
#1411 = CARTESIAN_POINT ( 'NONE',  ( 7.499999999999995559, 35.60000000000001563, 17.50000000000000000 ) ) ;
#1412 = CARTESIAN_POINT ( 'NONE',  ( 19.49167218244349797, -13.04999999999998117, 11.00000000000000355 ) ) ;
#1413 = ORIENTED_EDGE ( 'NONE', *, *, #1381, .F. ) ;
#1414 = CARTESIAN_POINT ( 'NONE',  ( -17.64999999999999858, 32.95000000000001705, 19.00000000000000355 ) ) ;
#1415 = LINE ( 'NONE', #1338, #58 ) ;
#1416 = CIRCLE ( 'NONE', #3075, 5.999999999999998224 ) ;
#1417 = CARTESIAN_POINT ( 'NONE',  ( 30.50000000000000000, 42.20000000000001705, 19.00000000000000355 ) ) ;
#1418 = FACE_OUTER_BOUND ( 'NONE', #594, .T. ) ;
#1419 = DIRECTION ( 'NONE',  ( -0.000000000000000000, -0.000000000000000000, -1.000000000000000000 ) ) ;
#1420 = ADVANCED_FACE ( 'NONE', ( #1191 ), #3903, .F. ) ;
#1421 = ORIENTED_EDGE ( 'NONE', *, *, #757, .T. ) ;
#1422 = ORIENTED_EDGE ( 'NONE', *, *, #339, .F. ) ;
#1423 = ORIENTED_EDGE ( 'NONE', *, *, #2791, .F. ) ;
#1424 = ORIENTED_EDGE ( 'NONE', *, *, #3130, .F. ) ;
#1425 = CARTESIAN_POINT ( 'NONE',  ( 25.70832781755651553, 20.35000000000001563, 11.00000000000000355 ) ) ;
#1426 = CARTESIAN_POINT ( 'NONE',  ( 29.00000000000000000, -16.02657463274284666, 17.50000000000000000 ) ) ;
#1427 = LINE ( 'NONE', #1469, #1026 ) ;
#1428 = EDGE_CURVE ( 'NONE', #2123, #2827, #2157, .T. ) ;
#1429 = ORIENTED_EDGE ( 'NONE', *, *, #1189, .F. ) ;
#1430 = EDGE_LOOP ( 'NONE', ( #1896, #3028, #3174, #1346 ) ) ;
#1431 = DIRECTION ( 'NONE',  ( 0.000000000000000000, 0.000000000000000000, 1.000000000000000000 ) ) ;
#1432 = AXIS2_PLACEMENT_3D ( 'NONE', #2175, #2778, #366 ) ;
#1433 = DIRECTION ( 'NONE',  ( -0.000000000000000000, -0.000000000000000000, -1.000000000000000000 ) ) ;
#1434 = CARTESIAN_POINT ( 'NONE',  ( 0.000000000000000000, 0.000000000000000000, 2.000000000000001776 ) ) ;
#1435 = CARTESIAN_POINT ( 'NONE',  ( 25.70832781755653684, -6.849999999999981881, 19.00000000000000355 ) ) ;
#1436 = EDGE_CURVE ( 'NONE', #62, #2178, #3096, .T. ) ;
#1437 = DIRECTION ( 'NONE',  ( 1.233215741215739354E-16, -1.000000000000000000, 0.000000000000000000 ) ) ;
#1438 = VERTEX_POINT ( 'NONE', #3077 ) ;
#1439 = FACE_OUTER_BOUND ( 'NONE', #1185, .T. ) ;
#1440 = VERTEX_POINT ( 'NONE', #3694 ) ;
#1441 = ORIENTED_EDGE ( 'NONE', *, *, #3325, .T. ) ;
#1442 = ORIENTED_EDGE ( 'NONE', *, *, #3729, .T. ) ;
#1443 = CARTESIAN_POINT ( 'NONE',  ( 25.83923800195188747, -0.9499999999999862998, 17.22743477056093298 ) ) ;
#1444 = DIRECTION ( 'NONE',  ( 1.000000000000000000, 0.000000000000000000, 0.000000000000000000 ) ) ;
#1445 = DIRECTION ( 'NONE',  ( 0.000000000000000000, -1.000000000000000000, 0.000000000000000000 ) ) ;
#1446 = EDGE_LOOP ( 'NONE', ( #3161, #2660, #2402, #1541 ) ) ;
#1447 = VERTEX_POINT ( 'NONE', #287 ) ;
#1448 = CARTESIAN_POINT ( 'NONE',  ( 26.70832781755651908, 21.65000000000000924, 11.00000000000000355 ) ) ;
#1449 = AXIS2_PLACEMENT_3D ( 'NONE', #3059, #2405, #334 ) ;
#1450 = CIRCLE ( 'NONE', #3681, 2.999999999999999112 ) ;
#1451 = CARTESIAN_POINT ( 'NONE',  ( 26.70832781755651908, 27.85000000000001208, 11.00000000000000355 ) ) ;
#1452 = CARTESIAN_POINT ( 'NONE',  ( -24.84999999999999787, 32.95000000000001705, 19.00000000000000355 ) ) ;
#1453 = VECTOR ( 'NONE', #3834, 1000.000000000000000 ) ;
#1454 = CARTESIAN_POINT ( 'NONE',  ( 28.99999999999999645, 11.15000000000001634, 17.41517953184287393 ) ) ;
#1455 = CARTESIAN_POINT ( 'NONE',  ( 12.24999927169117697, -18.87149398043249704, 5.700000000000001954 ) ) ;
#1456 = EDGE_CURVE ( 'NONE', #2269, #1984, #1759, .T. ) ;
#1457 = CYLINDRICAL_SURFACE ( 'NONE', #880, 3.608327817556510109 ) ;
#1458 = AXIS2_PLACEMENT_3D ( 'NONE', #2295, #1688, #424 ) ;
#1459 = ORIENTED_EDGE ( 'NONE', *, *, #944, .T. ) ;
#1460 = ORIENTED_EDGE ( 'NONE', *, *, #2737, .T. ) ;
#1461 = CIRCLE ( 'NONE', #959, 3.608327817556510109 ) ;
#1462 = ORIENTED_EDGE ( 'NONE', *, *, #2795, .F. ) ;
#1463 = LINE ( 'NONE', #573, #883 ) ;
#1464 = ORIENTED_EDGE ( 'NONE', *, *, #326, .F. ) ;
#1465 = EDGE_LOOP ( 'NONE', ( #2819, #2342, #3467, #991, #3249, #2147, #515, #2982 ) ) ;
#1466 = AXIS2_PLACEMENT_3D ( 'NONE', #2960, #226, #2657 ) ;
#1467 = CARTESIAN_POINT ( 'NONE',  ( -10.47425951416084544, -16.56799292517731814, 3.700000000000001954 ) ) ;
#1468 = CARTESIAN_POINT ( 'NONE',  ( 14.06070411785182728, -17.43807802774336935, 2.000000000000001776 ) ) ;
#1469 = CARTESIAN_POINT ( 'NONE',  ( -28.99999999999999289, 40.70000000000001705, -104.1362568945129823 ) ) ;
#1470 = AXIS2_PLACEMENT_3D ( 'NONE', #3072, #2720, #346 ) ;
#1471 = ORIENTED_EDGE ( 'NONE', *, *, #2599, .T. ) ;
#1472 = EDGE_CURVE ( 'NONE', #1008, #2081, #2989, .T. ) ;
#1473 = EDGE_LOOP ( 'NONE', ( #1626, #1280, #574, #3182 ) ) ;
#1474 = CARTESIAN_POINT ( 'NONE',  ( 26.70832781755651908, -6.849999999999982769, 11.00000000000000355 ) ) ;
#1475 = DIRECTION ( 'NONE',  ( -0.000000000000000000, 0.000000000000000000, 1.000000000000000000 ) ) ;
#1476 = APPLICATION_CONTEXT ( 'automotive_design' ) ;
#1477 = EDGE_CURVE ( 'NONE', #3027, #203, #1173, .T. ) ;
#1478 = CARTESIAN_POINT ( 'NONE',  ( 18.35552989847220928, -0.9499999999999872990, 17.50000000000000000 ) ) ;
#1479 = CARTESIAN_POINT ( 'NONE',  ( 0.000000000000000000, 9.850000000000015632, 11.00000000000000355 ) ) ;
#1480 = CARTESIAN_POINT ( 'NONE',  ( -0.7232544860705789613, 36.22487824694125180, 2.000000000000001776 ) ) ;
#1481 = ADVANCED_FACE ( 'NONE', ( #968 ), #2390, .F. ) ;
#1482 = CARTESIAN_POINT ( 'NONE',  ( 12.24999927169117697, -18.87149398043249704, 2.000000000000001776 ) ) ;
#1483 = ORIENTED_EDGE ( 'NONE', *, *, #3084, .T. ) ;
#1484 = CARTESIAN_POINT ( 'NONE',  ( 14.06070411785182728, -17.43807802774336935, 2.000000000000001776 ) ) ;
#1485 = VECTOR ( 'NONE', #3786, 1000.000000000000000 ) ;
#1486 = DIRECTION ( 'NONE',  ( 1.000000000000000000, 0.000000000000000000, 0.000000000000000000 ) ) ;
#1487 = ORIENTED_EDGE ( 'NONE', *, *, #659, .T. ) ;
#1488 = ORIENTED_EDGE ( 'NONE', *, *, #3337, .F. ) ;
#1489 = LINE ( 'NONE', #3044, #1602 ) ;
#1490 = CARTESIAN_POINT ( 'NONE',  ( 30.50000000000000000, 4.950000000000009948, 0.000000000000000000 ) ) ;
#1491 = DIRECTION ( 'NONE',  ( 1.000000000000000000, 0.000000000000000000, 0.000000000000000000 ) ) ;
#1492 = ORIENTED_EDGE ( 'NONE', *, *, #1264, .T. ) ;
#1493 = LINE ( 'NONE', #2675, #1610 ) ;
#1494 = EDGE_CURVE ( 'NONE', #3841, #2002, #1553, .T. ) ;
#1495 = DIRECTION ( 'NONE',  ( 0.000000000000000000, 1.000000000000000000, -0.000000000000000000 ) ) ;
#1496 = DIRECTION ( 'NONE',  ( 0.000000000000000000, 0.000000000000000000, -1.000000000000000000 ) ) ;
#1497 = EDGE_CURVE ( 'NONE', #1245, #1209, #2086, .T. ) ;
#1498 = DIRECTION ( 'NONE',  ( 0.6984303232456136046, -0.7156780586066807670, 0.000000000000000000 ) ) ;
#1499 = DIRECTION ( 'NONE',  ( 0.000000000000000000, 1.000000000000000000, -0.000000000000000000 ) ) ;
#1500 = EDGE_CURVE ( 'NONE', #1984, #636, #2302, .T. ) ;
#1501 = CYLINDRICAL_SURFACE ( 'NONE', #2236, 2.999999999999999112 ) ;
#1502 = DIRECTION ( 'NONE',  ( 1.000000000000000000, 0.000000000000000000, 0.000000000000000000 ) ) ;
#1503 = VERTEX_POINT ( 'NONE', #1490 ) ;
#1504 = EDGE_LOOP ( 'NONE', ( #369, #3642, #1720, #2569 ) ) ;
#1505 = DIRECTION ( 'NONE',  ( 0.000000000000000000, 0.000000000000000000, -1.000000000000000000 ) ) ;
#1506 = FACE_OUTER_BOUND ( 'NONE', #1339, .T. ) ;
#1507 = ADVANCED_FACE ( 'NONE', ( #68 ), #3509, .F. ) ;
#1508 = EDGE_CURVE ( 'NONE', #2242, #2792, #3714, .T. ) ;
#1509 = VERTEX_POINT ( 'NONE', #3409 ) ;
#1510 = DIRECTION ( 'NONE',  ( -0.1455018833757423524, 0.9893579746149074872, 0.000000000000000000 ) ) ;
#1511 = DIRECTION ( 'NONE',  ( -0.000000000000000000, -0.000000000000000000, -1.000000000000000000 ) ) ;
#1512 = DIRECTION ( 'NONE',  ( 1.000000000000000000, 0.000000000000000000, 0.000000000000000000 ) ) ;
#1513 = DIRECTION ( 'NONE',  ( 0.000000000000000000, 0.000000000000000000, 1.000000000000000000 ) ) ;
#1514 = LINE ( 'NONE', #3037, #323 ) ;
#1515 = VECTOR ( 'NONE', #2161, 1000.000000000000114 ) ;
#1516 = LINE ( 'NONE', #3274, #3235 ) ;
#1517 = DIRECTION ( 'NONE',  ( 4.625929269271485914E-16, 1.000000000000000000, 0.000000000000000000 ) ) ;
#1518 = AXIS2_PLACEMENT_3D ( 'NONE', #26, #904, #2718 ) ;
#1519 = CIRCLE ( 'NONE', #571, 6.608327817556509665 ) ;
#1520 = DIRECTION ( 'NONE',  ( -0.000000000000000000, -0.000000000000000000, -1.000000000000000000 ) ) ;
#1521 = ORIENTED_EDGE ( 'NONE', *, *, #616, .F. ) ;
#1522 = EDGE_LOOP ( 'NONE', ( #3324, #898, #1986, #2691, #165, #1488, #1566 ) ) ;
#1523 = FACE_OUTER_BOUND ( 'NONE', #3921, .T. ) ;
#1524 = AXIS2_PLACEMENT_3D ( 'NONE', #1842, #933, #54 ) ;
#1525 = FACE_OUTER_BOUND ( 'NONE', #2986, .T. ) ;
#1526 = EDGE_CURVE ( 'NONE', #1440, #1175, #3125, .T. ) ;
#1527 = AXIS2_PLACEMENT_3D ( 'NONE', #2890, #3210, #1130 ) ;
#1528 = VERTEX_POINT ( 'NONE', #730 ) ;
#1529 = DIRECTION ( 'NONE',  ( 0.000000000000000000, -0.000000000000000000, -1.000000000000000000 ) ) ;
#1530 = AXIS2_PLACEMENT_3D ( 'NONE', #3867, #2072, #1712 ) ;
#1531 = DIRECTION ( 'NONE',  ( 0.000000000000000000, 1.000000000000000000, 0.000000000000000000 ) ) ;
#1532 = DIRECTION ( 'NONE',  ( 1.000000000000000000, -0.000000000000000000, 0.000000000000000000 ) ) ;
#1533 = DIRECTION ( 'NONE',  ( 0.000000000000000000, 1.000000000000000000, -0.000000000000000000 ) ) ;
#1534 = CARTESIAN_POINT ( 'NONE',  ( 15.24999927169117697, -18.87149398043249704, 2.000000000000001776 ) ) ;
#1535 = ORIENTED_EDGE ( 'NONE', *, *, #2471, .F. ) ;
#1536 = EDGE_CURVE ( 'NONE', #2297, #1175, #2564, .T. ) ;
#1537 = CARTESIAN_POINT ( 'NONE',  ( 19.49167218244349797, 3.650000000000008793, 14.50000000000000178 ) ) ;
#1538 = CARTESIAN_POINT ( 'NONE',  ( 25.70832781755653684, 9.850000000000017408, 19.00000000000000355 ) ) ;
#1539 = ORIENTED_EDGE ( 'NONE', *, *, #1838, .F. ) ;
#1540 = VERTEX_POINT ( 'NONE', #1891 ) ;
#1541 = ORIENTED_EDGE ( 'NONE', *, *, #601, .T. ) ;
#1542 = AXIS2_PLACEMENT_3D ( 'NONE', #3166, #2910, #1098 ) ;
#1543 = CARTESIAN_POINT ( 'NONE',  ( 9.249999271691178748, -18.87149398043249704, 2.000000000000001776 ) ) ;
#1544 = CARTESIAN_POINT ( 'NONE',  ( -28.99999999999999289, -40.70000000000001705, 0.000000000000000000 ) ) ;
#1545 = ORIENTED_EDGE ( 'NONE', *, *, #3439, .F. ) ;
#1546 = PLANE ( 'NONE',  #2763 ) ;
#1547 = DIRECTION ( 'NONE',  ( -1.000000000000000000, -1.233215741215739354E-16, 0.000000000000000000 ) ) ;
#1548 = ADVANCED_FACE ( 'NONE', ( #3776 ), #3815, .F. ) ;
#1549 = FACE_OUTER_BOUND ( 'NONE', #694, .T. ) ;
#1550 = DIRECTION ( 'NONE',  ( -1.000000000000000000, 0.000000000000000000, 0.000000000000000000 ) ) ;
#1551 = DIRECTION ( 'NONE',  ( -1.000000000000000000, -0.000000000000000000, -0.000000000000000000 ) ) ;
#1552 = ADVANCED_FACE ( 'NONE', ( #1657 ), #1915, .F. ) ;
#1553 = LINE ( 'NONE', #874, #1405 ) ;
#1554 = AXIS2_PLACEMENT_3D ( 'NONE', #3530, #2010, #3229 ) ;
#1555 = FACE_OUTER_BOUND ( 'NONE', #3538, .T. ) ;
#1556 = EDGE_CURVE ( 'NONE', #3060, #687, #453, .T. ) ;
#1557 = LINE ( 'NONE', #2202, #3299 ) ;
#1558 = ORIENTED_EDGE ( 'NONE', *, *, #2679, .F. ) ;
#1559 = ORIENTED_EDGE ( 'NONE', *, *, #488, .F. ) ;
#1560 = VERTEX_POINT ( 'NONE', #748 ) ;
#1561 = DIRECTION ( 'NONE',  ( -0.6984303232456158250, 0.7156780586066787686, 0.000000000000000000 ) ) ;
#1562 = DIRECTION ( 'NONE',  ( -1.000000000000000000, 0.000000000000000000, 0.000000000000000000 ) ) ;
#1563 = EDGE_LOOP ( 'NONE', ( #1408, #2647, #2886, #2273, #1127, #3906 ) ) ;
#1564 = LINE ( 'NONE', #1271, #2067 ) ;
#1565 = DIRECTION ( 'NONE',  ( 1.233215741215739354E-16, -1.000000000000000000, 0.000000000000000000 ) ) ;
#1566 = ORIENTED_EDGE ( 'NONE', *, *, #3270, .F. ) ;
#1567 = FACE_OUTER_BOUND ( 'NONE', #3768, .T. ) ;
#1568 = LINE ( 'NONE', #3912, #2492 ) ;
#1569 = CARTESIAN_POINT ( 'NONE',  ( 4.660696125871204742, 40.70000000000001705, 17.50000000000000000 ) ) ;
#1570 = VECTOR ( 'NONE', #3616, 1000.000000000000000 ) ;
#1571 = DIRECTION ( 'NONE',  ( -0.9626974320074185298, 0.2705802180617081221, 0.000000000000000000 ) ) ;
#1572 = DIRECTION ( 'NONE',  ( -0.000000000000000000, 0.000000000000000000, 1.000000000000000000 ) ) ;
#1573 = CARTESIAN_POINT ( 'NONE',  ( 17.03317990453197694, -15.24179479341124832, 17.49999999981406873 ) ) ;
#1574 = EDGE_LOOP ( 'NONE', ( #1724, #1261, #3224, #736 ) ) ;
#1575 = ORIENTED_EDGE ( 'NONE', *, *, #2830, .T. ) ;
#1576 = ORIENTED_EDGE ( 'NONE', *, *, #3087, .T. ) ;
#1577 = DIRECTION ( 'NONE',  ( 0.000000000000000000, 1.000000000000000000, -0.000000000000000000 ) ) ;
#1578 = VECTOR ( 'NONE', #3665, 1000.000000000000000 ) ;
#1579 = CIRCLE ( 'NONE', #2229, 2.608327817556512773 ) ;
#1580 = PLANE ( 'NONE',  #2231 ) ;
#1581 = ORIENTED_EDGE ( 'NONE', *, *, #241, .T. ) ;
#1582 = CIRCLE ( 'NONE', #3756, 2.608327817556509221 ) ;
#1583 = CARTESIAN_POINT ( 'NONE',  ( 23.10000000000000853, 3.650000000000009237, 17.50000000000000000 ) ) ;
#1584 = DIRECTION ( 'NONE',  ( 0.000000000000000000, 1.156482317317871478E-16, 1.000000000000000000 ) ) ;
#1585 = AXIS2_PLACEMENT_3D ( 'NONE', #3078, #3295, #3005 ) ;
#1586 = EDGE_CURVE ( 'NONE', #2058, #1008, #3117, .T. ) ;
#1587 = EDGE_CURVE ( 'NONE', #2235, #2949, #2523, .T. ) ;
#1588 = ORIENTED_EDGE ( 'NONE', *, *, #3403, .F. ) ;
#1589 = AXIS2_PLACEMENT_3D ( 'NONE', #132, #1068, #393 ) ;
#1590 = FACE_BOUND ( 'NONE', #1863, .T. ) ;
#1591 = CARTESIAN_POINT ( 'NONE',  ( -7.500000000000006217, -18.87725054630192645, 14.50000000000000178 ) ) ;
#1592 = FACE_OUTER_BOUND ( 'NONE', #1430, .T. ) ;
#1593 = CARTESIAN_POINT ( 'NONE',  ( 29.70832781755651908, 9.850000000000017408, 14.50000000000000178 ) ) ;
#1594 = DIRECTION ( 'NONE',  ( 0.000000000000000000, 0.000000000000000000, -1.000000000000000000 ) ) ;
#1595 = EDGE_CURVE ( 'NONE', #2002, #992, #2823, .T. ) ;
#1596 = CARTESIAN_POINT ( 'NONE',  ( 35.70832781755653684, 21.65000000000001279, 19.00000000000000355 ) ) ;
#1597 = ORIENTED_EDGE ( 'NONE', *, *, #3130, .T. ) ;
#1598 = VERTEX_POINT ( 'NONE', #1956 ) ;
#1599 = VERTEX_POINT ( 'NONE', #3731 ) ;
#1600 = CARTESIAN_POINT ( 'NONE',  ( 10.43929442553052844, -20.30490993312162828, 3.700000000000001954 ) ) ;
#1601 = ORIENTED_EDGE ( 'NONE', *, *, #2655, .F. ) ;
#1602 = VECTOR ( 'NONE', #2695, 1000.000000000000000 ) ;
#1603 = CARTESIAN_POINT ( 'NONE',  ( 0.000000000000000000, 0.000000000000000000, 2.000000000000001776 ) ) ;
#1604 = CYLINDRICAL_SURFACE ( 'NONE', #3441, 2.999999999999999112 ) ;
#1605 = EDGE_CURVE ( 'NONE', #3413, #2230, #3136, .T. ) ;
#1606 = DIRECTION ( 'NONE',  ( -0.000000000000000000, -1.000000000000000000, -0.000000000000000000 ) ) ;
#1607 = ORIENTED_EDGE ( 'NONE', *, *, #2310, .T. ) ;
#1608 = LINE ( 'NONE', #1911, #3597 ) ;
#1609 = CARTESIAN_POINT ( 'NONE',  ( 23.10000000000001208, -5.549999999999982059, 11.00000000000000355 ) ) ;
#1610 = VECTOR ( 'NONE', #3907, 1000.000000000000227 ) ;
#1611 = CARTESIAN_POINT ( 'NONE',  ( -10.50000000000000533, -18.87725054630192645, 2.000000000000001776 ) ) ;
#1612 = EDGE_LOOP ( 'NONE', ( #1126, #2787, #115, #430 ) ) ;
#1613 = UNCERTAINTY_MEASURE_WITH_UNIT (LENGTH_MEASURE( 1.000000000000000082E-05 ), #3761, 'distance_accuracy_value', 'NONE');
#1614 = CARTESIAN_POINT ( 'NONE',  ( 26.70832781755651908, 27.85000000000001208, 11.00000000000000355 ) ) ;
#1615 = DIRECTION ( 'NONE',  ( 0.000000000000000000, 0.000000000000000000, 1.000000000000000000 ) ) ;
#1616 = CARTESIAN_POINT ( 'NONE',  ( 19.63824986048134136, -14.06799587940940910, 14.50000000000000000 ) ) ;
#1617 = EDGE_CURVE ( 'NONE', #3285, #3459, #1005, .T. ) ;
#1618 = ORIENTED_EDGE ( 'NONE', *, *, #823, .T. ) ;
#1619 = EDGE_LOOP ( 'NONE', ( #2875, #2312, #2726, #1092 ) ) ;
#1620 = VERTEX_POINT ( 'NONE', #413 ) ;
#1621 = AXIS2_PLACEMENT_3D ( 'NONE', #703, #3387, #3769 ) ;
#1622 = ORIENTED_EDGE ( 'NONE', *, *, #123, .F. ) ;
#1623 = CARTESIAN_POINT ( 'NONE',  ( 0.000000000000000000, 0.000000000000000000, 0.000000000000000000 ) ) ;
#1624 = FACE_OUTER_BOUND ( 'NONE', #40, .T. ) ;
#1625 = LINE ( 'NONE', #3466, #704 ) ;
#1626 = ORIENTED_EDGE ( 'NONE', *, *, #3514, .F. ) ;
#1627 = EDGE_CURVE ( 'NONE', #2785, #1294, #2602, .T. ) ;
#1628 = AXIS2_PLACEMENT_3D ( 'NONE', #1158, #877, #3329 ) ;
#1629 = ORIENTED_EDGE ( 'NONE', *, *, #1881, .T. ) ;
#1630 = DIRECTION ( 'NONE',  ( -0.000000000000000000, -0.000000000000000000, 1.000000000000000000 ) ) ;
#1631 = LINE ( 'NONE', #2855, #585 ) ;
#1632 = FACE_OUTER_BOUND ( 'NONE', #2203, .T. ) ;
#1633 = ORIENTED_EDGE ( 'NONE', *, *, #3668, .F. ) ;
#1634 = DIRECTION ( 'NONE',  ( -1.233215741215739354E-16, 1.000000000000000000, 0.000000000000000000 ) ) ;
#1635 = DIRECTION ( 'NONE',  ( -1.000000000000000000, 0.000000000000000000, 0.000000000000000000 ) ) ;
#1636 = FACE_OUTER_BOUND ( 'NONE', #2370, .T. ) ;
#1637 = EDGE_LOOP ( 'NONE', ( #1521, #1132, #1851, #3699 ) ) ;
#1638 = ORIENTED_EDGE ( 'NONE', *, *, #960, .F. ) ;
#1639 = VERTEX_POINT ( 'NONE', #2841 ) ;
#1640 = VECTOR ( 'NONE', #3178, 1000.000000000000000 ) ;
#1641 =( GEOMETRIC_REPRESENTATION_CONTEXT ( 3 ) GLOBAL_UNCERTAINTY_ASSIGNED_CONTEXT ( ( #747 ) ) GLOBAL_UNIT_ASSIGNED_CONTEXT ( ( #1675, #2263, #1066 ) ) REPRESENTATION_CONTEXT ( 'NONE', 'WORKASPACE' ) );
#1642 = EDGE_LOOP ( 'NONE', ( #698, #3847, #1821, #1057 ) ) ;
#1643 = ADVANCED_FACE ( 'NONE', ( #171 ), #3797, .F. ) ;
#1644 = CARTESIAN_POINT ( 'NONE',  ( 19.16649181220613585, 15.75000000000001776, 17.45085037801401029 ) ) ;
#1645 = VECTOR ( 'NONE', #1606, 1000.000000000000000 ) ;
#1646 = LINE ( 'NONE', #519, #2299 ) ;
#1647 = CARTESIAN_POINT ( 'NONE',  ( 23.10000000000000853, 20.35000000000001563, 11.00000000000000355 ) ) ;
#1648 = ADVANCED_FACE ( 'NONE', ( #112 ), #1320, .T. ) ;
#1649 = EDGE_CURVE ( 'NONE', #3382, #2587, #2543, .T. ) ;
#1650 = ORIENTED_EDGE ( 'NONE', *, *, #1477, .T. ) ;
#1651 = DIRECTION ( 'NONE',  ( 0.000000000000000000, 0.000000000000000000, 1.000000000000000000 ) ) ;
#1652 = AXIS2_PLACEMENT_3D ( 'NONE', #2145, #3066, #340 ) ;
#1653 = PLANE ( 'NONE',  #2626 ) ;
#1654 = PRESENTATION_STYLE_ASSIGNMENT (( #3772 ) ) ;
#1655 = ORIENTED_EDGE ( 'NONE', *, *, #3310, .T. ) ;
#1656 = VECTOR ( 'NONE', #120, 1000.000000000000000 ) ;
#1657 = FACE_OUTER_BOUND ( 'NONE', #3480, .T. ) ;
#1658 = PLANE ( 'NONE',  #4 ) ;
#1659 = VECTOR ( 'NONE', #784, 1000.000000000000000 ) ;
#1660 = LINE ( 'NONE', #1345, #1135 ) ;
#1661 = VERTEX_POINT ( 'NONE', #1935 ) ;
#1662 = ORIENTED_EDGE ( 'NONE', *, *, #3064, .F. ) ;
#1663 = ADVANCED_FACE ( 'NONE', ( #3588 ), #3255, .T. ) ;
#1664 = DIRECTION ( 'NONE',  ( 1.000000000000000000, 0.000000000000000000, 0.000000000000000000 ) ) ;
#1665 = EDGE_LOOP ( 'NONE', ( #3169, #2848, #2331, #3521 ) ) ;
#1666 = ADVANCED_FACE ( 'NONE', ( #1399 ), #2303, .F. ) ;
#1667 = CARTESIAN_POINT ( 'NONE',  ( 18.55788506869382459, 15.74999999999995559, 17.50000000000000000 ) ) ;
#1668 = CARTESIAN_POINT ( 'NONE',  ( 29.70832781755651908, 0.000000000000000000, 14.50000000000000178 ) ) ;
#1669 = DIRECTION ( 'NONE',  ( -0.000000000000000000, 0.000000000000000000, 1.000000000000000000 ) ) ;
#1670 = EDGE_CURVE ( 'NONE', #2009, #290, #508, .T. ) ;
#1671 = ORIENTED_EDGE ( 'NONE', *, *, #2095, .T. ) ;
#1672 = LINE ( 'NONE', #1974, #2524 ) ;
#1673 = VECTOR ( 'NONE', #719, 1000.000000000000000 ) ;
#1674 = LINE ( 'NONE', #1378, #3744 ) ;
#1675 =( LENGTH_UNIT ( ) NAMED_UNIT ( * ) SI_UNIT ( .MILLI., .METRE. ) );
#1676 = VERTEX_POINT ( 'NONE', #1162 ) ;
#1677 = DIRECTION ( 'NONE',  ( 0.9295600811411004472, -0.3686706600055812411, 0.000000000000000000 ) ) ;
#1678 = CARTESIAN_POINT ( 'NONE',  ( 23.10000000000001208, -5.549999999999982059, 19.00000000000000355 ) ) ;
#1679 = EDGE_CURVE ( 'NONE', #1438, #3109, #1996, .T. ) ;
#1680 = CARTESIAN_POINT ( 'NONE',  ( 11.91397706555285296, -16.58666960855721229, 3.700000000000001954 ) ) ;
#1681 = ORIENTED_EDGE ( 'NONE', *, *, #495, .F. ) ;
#1682 = ORIENTED_EDGE ( 'NONE', *, *, #561, .F. ) ;
#1683 = PRODUCT_CONTEXT ( 'NONE', #1144, 'mechanical' ) ;
#1684 = EDGE_LOOP ( 'NONE', ( #2125, #117, #1545, #672 ) ) ;
#1685 = ORIENTED_EDGE ( 'NONE', *, *, #2471, .T. ) ;
#1686 = CARTESIAN_POINT ( 'NONE',  ( 23.10000000000000853, 27.85000000000001208, 11.00000000000000355 ) ) ;
#1687 = CARTESIAN_POINT ( 'NONE',  ( 26.70832781755651908, -6.849999999999982769, 14.50000000000000178 ) ) ;
#1688 = DIRECTION ( 'NONE',  ( -0.000000000000000000, -0.000000000000000000, -1.000000000000000000 ) ) ;
#1689 = VERTEX_POINT ( 'NONE', #2379 ) ;
#1690 = CARTESIAN_POINT ( 'NONE',  ( 26.70832781755651908, -11.74999999999998224, 11.00000000000000355 ) ) ;
#1691 = PLANE ( 'NONE',  #249 ) ;
#1692 = CARTESIAN_POINT ( 'NONE',  ( 30.50000000000000355, -6.849999999999984546, 0.000000000000000000 ) ) ;
#1693 = CARTESIAN_POINT ( 'NONE',  ( -0.1527876791587042538, 33.98704425945579999, 3.700000000000001954 ) ) ;
#1694 = EDGE_CURVE ( 'NONE', #2242, #335, #245, .T. ) ;
#1695 = DIRECTION ( 'NONE',  ( 0.000000000000000000, 0.000000000000000000, 1.000000000000000000 ) ) ;
#1696 = ORIENTED_EDGE ( 'NONE', *, *, #2630, .T. ) ;
#1697 = DIRECTION ( 'NONE',  ( 0.000000000000000000, 0.000000000000000000, 1.000000000000000000 ) ) ;
#1698 = DIRECTION ( 'NONE',  ( -1.000000000000000000, 0.000000000000000000, 0.000000000000000000 ) ) ;
#1699 = ORIENTED_EDGE ( 'NONE', *, *, #3577, .F. ) ;
#1700 = CARTESIAN_POINT ( 'NONE',  ( 10.43929442553052844, -20.30490993312162828, 3.700000000000001954 ) ) ;
#1701 = CARTESIAN_POINT ( 'NONE',  ( 28.99999999999999645, -13.04999999999998117, 17.41517953184287038 ) ) ;
#1702 = CIRCLE ( 'NONE', #2472, 3.000000000000000888 ) ;
#1703 = FACE_OUTER_BOUND ( 'NONE', #2204, .T. ) ;
#1704 = CIRCLE ( 'NONE', #3111, 2.999999999999999112 ) ;
#1705 = EDGE_LOOP ( 'NONE', ( #444, #3360, #2548, #3061, #871, #3898 ) ) ;
#1706 = LINE ( 'NONE', #1102, #2455 ) ;
#1707 = EDGE_CURVE ( 'NONE', #2937, #348, #2320, .T. ) ;
#1708 = VECTOR ( 'NONE', #803, 1000.000000000000000 ) ;
#1709 = ADVANCED_FACE ( 'NONE', ( #802, #3272 ), #544, .F. ) ;
#1710 = CARTESIAN_POINT ( 'NONE',  ( -11.60000000000000675, -18.87725054630192645, 5.700000000000001954 ) ) ;
#1711 = AXIS2_PLACEMENT_3D ( 'NONE', #1174, #856, #3880 ) ;
#1712 = DIRECTION ( 'NONE',  ( 0.000000000000000000, 0.000000000000000000, -1.000000000000000000 ) ) ;
#1713 = CARTESIAN_POINT ( 'NONE',  ( 25.70832781755651553, 20.35000000000001563, 19.00000000000000355 ) ) ;
#1714 = AXIS2_PLACEMENT_3D ( 'NONE', #2043, #1969, #440 ) ;
#1715 = PLANE ( 'NONE',  #1765 ) ;
#1716 = ORIENTED_EDGE ( 'NONE', *, *, #2383, .T. ) ;
#1717 = EDGE_LOOP ( 'NONE', ( #1471, #478, #714, #2286 ) ) ;
#1718 = EDGE_CURVE ( 'NONE', #1620, #534, #3254, .T. ) ;
#1719 = CIRCLE ( 'NONE', #460, 2.999999999999999112 ) ;
#1720 = ORIENTED_EDGE ( 'NONE', *, *, #1536, .F. ) ;
#1721 = LINE ( 'NONE', #3540, #1485 ) ;
#1722 = DIRECTION ( 'NONE',  ( 1.426192198154054644E-32, -1.156482317317871478E-16, -1.000000000000000000 ) ) ;
#1723 = DIRECTION ( 'NONE',  ( 0.000000000000000000, 0.000000000000000000, -1.000000000000000000 ) ) ;
#1724 = ORIENTED_EDGE ( 'NONE', *, *, #1595, .T. ) ;
#1725 = EDGE_LOOP ( 'NONE', ( #3458, #1866, #811, #316 ) ) ;
#1726 = ADVANCED_FACE ( 'NONE', ( #1122 ), #2334, .T. ) ;
#1727 = DIRECTION ( 'NONE',  ( -0.000000000000000000, 0.000000000000000000, 1.000000000000000000 ) ) ;
#1728 = EDGE_CURVE ( 'NONE', #457, #1034, #1138, .T. ) ;
#1729 = DIRECTION ( 'NONE',  ( 1.000000000000000000, 0.000000000000000000, 0.000000000000000000 ) ) ;
#1730 = CIRCLE ( 'NONE', #2825, 6.608327817556509665 ) ;
#1731 = DIRECTION ( 'NONE',  ( -4.929181880597960857E-33, 1.156482317317871478E-16, 1.000000000000000000 ) ) ;
#1732 = LINE ( 'NONE', #844, #1708 ) ;
#1733 = CARTESIAN_POINT ( 'NONE',  ( 0.000000000000000000, 0.000000000000000000, 17.50000000000000000 ) ) ;
#1734 = VERTEX_POINT ( 'NONE', #3231 ) ;
#1735 = ORIENTED_EDGE ( 'NONE', *, *, #2011, .F. ) ;
#1736 = ADVANCED_FACE ( 'NONE', ( #2942 ), #2012, .T. ) ;
#1737 = EDGE_LOOP ( 'NONE', ( #3261, #2349, #977, #931 ) ) ;
#1738 = ORIENTED_EDGE ( 'NONE', *, *, #3496, .F. ) ;
#1739 = ORIENTED_EDGE ( 'NONE', *, *, #2080, .T. ) ;
#1740 = LINE ( 'NONE', #2431, #3840 ) ;
#1741 = CARTESIAN_POINT ( 'NONE',  ( 23.10000000000001208, -5.549999999999982059, 11.00000000000000355 ) ) ;
#1742 = DIRECTION ( 'NONE',  ( 1.000000000000000000, 0.000000000000000000, 0.000000000000000000 ) ) ;
#1743 = ORIENTED_EDGE ( 'NONE', *, *, #2810, .F. ) ;
#1744 = ORIENTED_EDGE ( 'NONE', *, *, #2879, .T. ) ;
#1745 = CARTESIAN_POINT ( 'NONE',  ( 29.70832781755652618, -13.04999999999998117, 14.50000000000000178 ) ) ;
#1746 = VECTOR ( 'NONE', #3512, 1000.000000000000227 ) ;
#1747 = EDGE_CURVE ( 'NONE', #494, #2141, #187, .T. ) ;
#1748 = CARTESIAN_POINT ( 'NONE',  ( 12.24999927169117697, -18.87149398043249704, 17.50000000000000000 ) ) ;
#1749 = CARTESIAN_POINT ( 'NONE',  ( 29.00000000000000000, 13.13434800271669367, 17.47547246190630332 ) ) ;
#1750 = DIRECTION ( 'NONE',  ( 4.262219842694856156E-17, -1.000000000000000000, 0.000000000000000000 ) ) ;
#1751 = CARTESIAN_POINT ( 'NONE',  ( -9.400000000000005684, -18.87725054630192645, 5.700000000000001954 ) ) ;
#1752 = EDGE_LOOP ( 'NONE', ( #1235, #458, #3939, #890 ) ) ;
#1753 = LINE ( 'NONE', #251, #1260 ) ;
#1754 = EDGE_CURVE ( 'NONE', #2230, #3047, #2779, .T. ) ;
#1755 = LINE ( 'NONE', #2725, #1392 ) ;
#1756 = ORIENTED_EDGE ( 'NONE', *, *, #1587, .T. ) ;
#1757 = ORIENTED_EDGE ( 'NONE', *, *, #1329, .F. ) ;
#1758 = DIRECTION ( 'NONE',  ( 1.426192198154054644E-32, -1.156482317317871478E-16, -1.000000000000000000 ) ) ;
#1759 = LINE ( 'NONE', #2503, #521 ) ;
#1760 = CARTESIAN_POINT ( 'NONE',  ( 25.70832781755653684, -3.567747183457833567E-14, 11.00000000000000355 ) ) ;
#1761 = EDGE_CURVE ( 'NONE', #773, #3686, #712, .T. ) ;
#1762 = ORIENTED_EDGE ( 'NONE', *, *, #299, .T. ) ;
#1763 = VERTEX_POINT ( 'NONE', #1772 ) ;
#1764 = DIRECTION ( 'NONE',  ( 0.000000000000000000, -1.156482317317871478E-16, -1.000000000000000000 ) ) ;
#1765 = AXIS2_PLACEMENT_3D ( 'NONE', #770, #1401, #2945 ) ;
#1766 = EDGE_CURVE ( 'NONE', #3516, #2667, #3000, .T. ) ;
#1767 = CIRCLE ( 'NONE', #1963, 3.000000000000000000 ) ;
#1768 = CARTESIAN_POINT ( 'NONE',  ( 28.99999999999999645, 17.86892918696312904, 17.50000000000000000 ) ) ;
#1769 = LINE ( 'NONE', #3365, #1578 ) ;
#1770 = VECTOR ( 'NONE', #1495, 1000.000000000000000 ) ;
#1771 = VECTOR ( 'NONE', #2356, 1000.000000000000227 ) ;
#1772 = CARTESIAN_POINT ( 'NONE',  ( 30.50000000000000000, -11.74999999999998224, 0.000000000000000000 ) ) ;
#1773 = LINE ( 'NONE', #2400, #2673 ) ;
#1774 = CARTESIAN_POINT ( 'NONE',  ( -8.512994479142848903, -20.05417127150669288, 2.000000000000001776 ) ) ;
#1775 = AXIS2_PLACEMENT_3D ( 'NONE', #3542, #499, #1491 ) ;
#1776 = ORIENTED_EDGE ( 'NONE', *, *, #1351, .F. ) ;
#1777 = CARTESIAN_POINT ( 'NONE',  ( -0.7232544860705789613, 36.22487824694125180, 3.700000000000001954 ) ) ;
#1778 = CIRCLE ( 'NONE', #2813, 5.999999999999998224 ) ;
#1779 = ORIENTED_EDGE ( 'NONE', *, *, #2274, .F. ) ;
#1780 = DIRECTION ( 'NONE',  ( -0.000000000000000000, 1.000000000000000000, -0.000000000000000000 ) ) ;
#1781 = VERTEX_POINT ( 'NONE', #1692 ) ;
#1782 = ORIENTED_EDGE ( 'NONE', *, *, #61, .T. ) ;
#1783 = EDGE_CURVE ( 'NONE', #301, #992, #1568, .T. ) ;
#1784 = VECTOR ( 'NONE', #3392, 1000.000000000000000 ) ;
#1785 = CARTESIAN_POINT ( 'NONE',  ( 23.10000000000000853, 3.650000000000009237, 17.50000000000000000 ) ) ;
#1786 = DIRECTION ( 'NONE',  ( 0.2705802180617081776, 0.9626974320074186409, -0.000000000000000000 ) ) ;
#1787 = DIRECTION ( 'NONE',  ( -1.000000000000000000, -4.262219842694856156E-17, 0.000000000000000000 ) ) ;
#1788 = AXIS2_PLACEMENT_3D ( 'NONE', #1609, #762, #1296 ) ;
#1789 = ORIENTED_EDGE ( 'NONE', *, *, #384, .T. ) ;
#1790 = EDGE_CURVE ( 'NONE', #1781, #1503, #2780, .T. ) ;
#1791 = DIRECTION ( 'NONE',  ( -0.000000000000000000, -0.000000000000000000, 1.000000000000000000 ) ) ;
#1792 = ADVANCED_FACE ( 'NONE', ( #3608 ), #774, .F. ) ;
#1793 = CARTESIAN_POINT ( 'NONE',  ( 20.49167218244350153, 0.000000000000000000, 11.00000000000000355 ) ) ;
#1794 = CARTESIAN_POINT ( 'NONE',  ( 29.70832781755651908, 20.35000000000001563, 14.50000000000000178 ) ) ;
#1795 = DIRECTION ( 'NONE',  ( 1.000000000000000000, 0.000000000000000000, 0.000000000000000000 ) ) ;
#1796 = LINE ( 'NONE', #2380, #191 ) ;
#1797 = CARTESIAN_POINT ( 'NONE',  ( -30.50000000000000711, 42.20000000000001705, 19.00000000000000355 ) ) ;
#1798 = VECTOR ( 'NONE', #1758, 1000.000000000000000 ) ;
#1799 = PLANE ( 'NONE',  #3113 ) ;
#1800 = CARTESIAN_POINT ( 'NONE',  ( 10.10327221939219910, -18.02008556124634353, 2.000000000000001776 ) ) ;
#1801 = EDGE_CURVE ( 'NONE', #2260, #3857, #2439, .T. ) ;
#1802 = EDGE_CURVE ( 'NONE', #3759, #2567, #1218, .T. ) ;
#1803 = AXIS2_PLACEMENT_3D ( 'NONE', #2575, #1039, #1390 ) ;
#1804 = CYLINDRICAL_SURFACE ( 'NONE', #2149, 3.000000000000000888 ) ;
#1805 = ORIENTED_EDGE ( 'NONE', *, *, #2790, .F. ) ;
#1806 = ORIENTED_EDGE ( 'NONE', *, *, #1477, .F. ) ;
#1807 = DIRECTION ( 'NONE',  ( -0.000000000000000000, -1.000000000000000000, -0.000000000000000000 ) ) ;
#1808 = FACE_OUTER_BOUND ( 'NONE', #1156, .T. ) ;
#1809 = ORIENTED_EDGE ( 'NONE', *, *, #1921, .T. ) ;
#1810 = CARTESIAN_POINT ( 'NONE',  ( 19.49167218244349797, -5.549999999999982059, 14.50000000000000178 ) ) ;
#1811 = CARTESIAN_POINT ( 'NONE',  ( 28.99999999999999645, 20.35000000000001563, 17.41517953184287038 ) ) ;
#1812 = DIRECTION ( 'NONE',  ( -0.000000000000000000, -1.000000000000000000, -0.000000000000000000 ) ) ;
#1813 = DIRECTION ( 'NONE',  ( -0.000000000000000000, 0.000000000000000000, 1.000000000000000000 ) ) ;
#1814 = CARTESIAN_POINT ( 'NONE',  ( 19.49167218244349797, 3.650000000000008793, 11.00000000000000355 ) ) ;
#1815 = VECTOR ( 'NONE', #1867, 1000.000000000000000 ) ;
#1816 = CARTESIAN_POINT ( 'NONE',  ( 1.499999999999994449, 35.60000000000001563, 2.000000000000001776 ) ) ;
#1817 = DIRECTION ( 'NONE',  ( 0.7840581977653580115, 0.6206873146093279114, 0.000000000000000000 ) ) ;
#1818 = EDGE_CURVE ( 'NONE', #3344, #1314, #1719, .T. ) ;
#1819 = CARTESIAN_POINT ( 'NONE',  ( 1.499999999999994449, 35.60000000000001563, -6.485281374238573093 ) ) ;
#1820 = ORIENTED_EDGE ( 'NONE', *, *, #1196, .T. ) ;
#1821 = ORIENTED_EDGE ( 'NONE', *, *, #536, .F. ) ;
#1822 = CARTESIAN_POINT ( 'NONE',  ( -10.50000000000000533, -18.87725054630192645, 14.50000000000000178 ) ) ;
#1823 = CARTESIAN_POINT ( 'NONE',  ( 30.50000000000000000, 42.20000000000001705, 19.00000000000000355 ) ) ;
#1824 = EDGE_LOOP ( 'NONE', ( #893, #1262, #3186, #1597 ) ) ;
#1825 = CARTESIAN_POINT ( 'NONE',  ( 25.70832781755653684, -11.74999999999998046, 19.00000000000000355 ) ) ;
#1826 = FACE_OUTER_BOUND ( 'NONE', #2366, .T. ) ;
#1827 = DIRECTION ( 'NONE',  ( 1.224646799147353207E-16, 1.000000000000000000, 0.000000000000000000 ) ) ;
#1828 = DIRECTION ( 'NONE',  ( 0.7156780586066787686, 0.6984303232456158250, 0.000000000000000000 ) ) ;
#1829 = CIRCLE ( 'NONE', #2665, 2.608327817556509221 ) ;
#1830 = DIRECTION ( 'NONE',  ( -0.000000000000000000, -1.000000000000000000, -0.000000000000000000 ) ) ;
#1831 = AXIS2_PLACEMENT_3D ( 'NONE', #228, #2762, #2215 ) ;
#1832 = DIRECTION ( 'NONE',  ( -0.000000000000000000, -0.000000000000000000, -1.000000000000000000 ) ) ;
#1833 = VECTOR ( 'NONE', #206, 1000.000000000000000 ) ;
#1834 = CIRCLE ( 'NONE', #131, 3.608327817556510109 ) ;
#1835 = CARTESIAN_POINT ( 'NONE',  ( 16.49167218244350153, 3.650000000000008793, 17.50000000000000000 ) ) ;
#1836 = ORIENTED_EDGE ( 'NONE', *, *, #184, .T. ) ;
#1837 = VERTEX_POINT ( 'NONE', #620 ) ;
#1838 = EDGE_CURVE ( 'NONE', #3009, #2056, #1181, .T. ) ;
#1839 = ORIENTED_EDGE ( 'NONE', *, *, #3319, .F. ) ;
#1840 = CARTESIAN_POINT ( 'NONE',  ( 20.49167218244350153, -13.04999999999998117, 11.00000000000000355 ) ) ;
#1841 = VECTOR ( 'NONE', #1041, 1000.000000000000000 ) ;
#1842 = CARTESIAN_POINT ( 'NONE',  ( 23.10000000000000853, 3.650000000000009237, 11.00000000000000355 ) ) ;
#1843 = AXIS2_PLACEMENT_3D ( 'NONE', #144, #1115, #2328 ) ;
#1844 = ORIENTED_EDGE ( 'NONE', *, *, #2427, .T. ) ;
#1845 = PLANE ( 'NONE',  #2317 ) ;
#1846 = VECTOR ( 'NONE', #2741, 1000.000000000000000 ) ;
#1847 = ADVANCED_FACE ( 'NONE', ( #310 ), #1869, .T. ) ;
#1848 = CARTESIAN_POINT ( 'NONE',  ( 0.000000000000000000, 0.000000000000000000, 19.00000000000000355 ) ) ;
#1849 = CARTESIAN_POINT ( 'NONE',  ( -10.47425951416084544, -16.56799292517731814, 2.000000000000001776 ) ) ;
#1850 = CARTESIAN_POINT ( 'NONE',  ( 4.133478045877763130, 40.70000000000001705, 17.50000000000074962 ) ) ;
#1851 = ORIENTED_EDGE ( 'NONE', *, *, #677, .F. ) ;
#1852 = CIRCLE ( 'NONE', #2372, 2.608327817556509221 ) ;
#1853 = CYLINDRICAL_SURFACE ( 'NONE', #1155, 2.608327817556512773 ) ;
#1854 = LINE ( 'NONE', #2460, #3056 ) ;
#1855 = DIRECTION ( 'NONE',  ( 0.000000000000000000, 1.000000000000000000, -0.000000000000000000 ) ) ;
#1856 = ORIENTED_EDGE ( 'NONE', *, *, #2267, .T. ) ;
#1857 = ORIENTED_EDGE ( 'NONE', *, *, #848, .F. ) ;
#1858 = ORIENTED_EDGE ( 'NONE', *, *, #2411, .T. ) ;
#1859 = VECTOR ( 'NONE', #3843, 1000.000000000000000 ) ;
#1860 = CARTESIAN_POINT ( 'NONE',  ( 30.50000000000000000, 42.20000000000001705, 19.00000000000000355 ) ) ;
#1861 = CARTESIAN_POINT ( 'NONE',  ( 23.10000000000000853, 20.35000000000001563, 14.50000000000000178 ) ) ;
#1862 = VECTOR ( 'NONE', #2144, 1000.000000000000227 ) ;
#1863 = EDGE_LOOP ( 'NONE', ( #718, #3856 ) ) ;
#1864 = LINE ( 'NONE', #3705, #663 ) ;
#1865 = CARTESIAN_POINT ( 'NONE',  ( -10.50000000000000533, -18.87725054630192645, 14.50000000000000178 ) ) ;
#1866 = ORIENTED_EDGE ( 'NONE', *, *, #3632, .T. ) ;
#1867 = DIRECTION ( 'NONE',  ( -0.7156780586066807670, -0.6984303232456136046, 0.000000000000000000 ) ) ;
#1868 = ADVANCED_FACE ( 'NONE', ( #44 ), #2099, .F. ) ;
#1869 = PLANE ( 'NONE',  #11 ) ;
#1870 = CARTESIAN_POINT ( 'NONE',  ( -12.48700552085715643, -17.70032982109715647, 3.700000000000001954 ) ) ;
#1871 = DIRECTION ( 'NONE',  ( 0.000000000000000000, 1.000000000000000000, 0.000000000000000000 ) ) ;
#1872 = AXIS2_PLACEMENT_3D ( 'NONE', #2413, #1529, #1217 ) ;
#1873 = CARTESIAN_POINT ( 'NONE',  ( 29.70832781755651908, -5.549999999999982059, 14.50000000000000178 ) ) ;
#1874 = CARTESIAN_POINT ( 'NONE',  ( 19.66150019253299064, -14.14705994018997792, 17.41478366735641359 ) ) ;
#1875 = ORIENTED_EDGE ( 'NONE', *, *, #3219, .F. ) ;
#1876 = ORIENTED_EDGE ( 'NONE', *, *, #3179, .T. ) ;
#1877 = ORIENTED_EDGE ( 'NONE', *, *, #2130, .F. ) ;
#1878 = CARTESIAN_POINT ( 'NONE',  ( 22.25499821006367185, -0.9499999999999866329, 16.78637881196055659 ) ) ;
#1879 = EDGE_CURVE ( 'NONE', #2973, #1314, #1278, .T. ) ;
#1880 = FACE_OUTER_BOUND ( 'NONE', #1665, .T. ) ;
#1881 = EDGE_CURVE ( 'NONE', #832, #636, #2760, .T. ) ;
#1882 = ORIENTED_EDGE ( 'NONE', *, *, #3863, .T. ) ;
#1883 = DIRECTION ( 'NONE',  ( -0.000000000000000000, 0.000000000000000000, 1.000000000000000000 ) ) ;
#1884 = PLANE ( 'NONE',  #1714 ) ;
#1885 = EDGE_LOOP ( 'NONE', ( #1820, #336, #284, #2309 ) ) ;
#1886 = EDGE_CURVE ( 'NONE', #1599, #3591, #2112, .T. ) ;
#1887 = DIRECTION ( 'NONE',  ( 1.000000000000000000, 0.000000000000000000, 0.000000000000000000 ) ) ;
#1888 = DIRECTION ( 'NONE',  ( -1.000000000000000000, 0.000000000000000000, 0.000000000000000000 ) ) ;
#1889 = CARTESIAN_POINT ( 'NONE',  ( -1.500000000000006439, 35.60000000000001563, -6.485281374238573093 ) ) ;
#1890 = AXIS2_PLACEMENT_3D ( 'NONE', #1071, #2323, #3220 ) ;
#1891 = CARTESIAN_POINT ( 'NONE',  ( 25.70832781755651908, 3.650000000000009237, 11.00000000000000355 ) ) ;
#1892 = CARTESIAN_POINT ( 'NONE',  ( -28.99999999999999289, -40.70000000000001705, 17.50000000000000000 ) ) ;
#1893 = CARTESIAN_POINT ( 'NONE',  ( 19.63824986048134136, -14.06799587940941088, 17.50000000000000000 ) ) ;
#1894 = VECTOR ( 'NONE', #432, 1000.000000000000000 ) ;
#1895 = ORIENTED_EDGE ( 'NONE', *, *, #2550, .T. ) ;
#1896 = ORIENTED_EDGE ( 'NONE', *, *, #2590, .F. ) ;
#1897 = VERTEX_POINT ( 'NONE', #1240 ) ;
#1898 = EDGE_CURVE ( 'NONE', #2967, #3344, #2457, .T. ) ;
#1899 = CARTESIAN_POINT ( 'NONE',  ( 35.70832781755653684, 26.55000000000001492, 19.00000000000000355 ) ) ;
#1900 = AXIS2_PLACEMENT_3D ( 'NONE', #1748, #3630, #3545 ) ;
#1901 = AXIS2_PLACEMENT_3D ( 'NONE', #1069, #2642, #3851 ) ;
#1902 = ADVANCED_FACE ( 'NONE', ( #367 ), #9, .F. ) ;
#1903 = ORIENTED_EDGE ( 'NONE', *, *, #1150, .T. ) ;
#1904 = VECTOR ( 'NONE', #3211, 1000.000000000000000 ) ;
#1905 = CARTESIAN_POINT ( 'NONE',  ( 18.24999927169117697, -18.87149398043249704, 14.50000000000000178 ) ) ;
#1906 = CARTESIAN_POINT ( 'NONE',  ( 30.50000000000000000, 42.20000000000001705, 19.00000000000000355 ) ) ;
#1907 = DIRECTION ( 'NONE',  ( 0.8715445865823453486, 0.4903162587544988016, 0.000000000000000000 ) ) ;
#1908 = CIRCLE ( 'NONE', #1215, 2.999999999999999112 ) ;
#1909 = ORIENTED_EDGE ( 'NONE', *, *, #3610, .F. ) ;
#1910 = AXIS2_PLACEMENT_3D ( 'NONE', #2682, #3291, #564 ) ;
#1911 = CARTESIAN_POINT ( 'NONE',  ( -8.512994479142848903, -20.05417127150669288, 3.700000000000001954 ) ) ;
#1912 = CARTESIAN_POINT ( 'NONE',  ( -10.47425951416084544, -16.56799292517731814, 3.700000000000001954 ) ) ;
#1913 = EDGE_CURVE ( 'NONE', #301, #1965, #2496, .T. ) ;
#1914 = DIRECTION ( 'NONE',  ( 1.000000000000000000, 0.000000000000000000, 0.000000000000000000 ) ) ;
#1915 = PLANE ( 'NONE',  #3195 ) ;
#1916 = CARTESIAN_POINT ( 'NONE',  ( 35.70832781755653684, -11.74999999999998046, 19.00000000000000355 ) ) ;
#1917 = CARTESIAN_POINT ( 'NONE',  ( 23.10000000000000853, 20.35000000000001563, 11.00000000000000355 ) ) ;
#1918 = ORIENTED_EDGE ( 'NONE', *, *, #1388, .T. ) ;
#1919 = ORIENTED_EDGE ( 'NONE', *, *, #345, .F. ) ;
#1920 = VERTEX_POINT ( 'NONE', #937 ) ;
#1921 = EDGE_CURVE ( 'NONE', #1960, #2225, #400, .T. ) ;
#1922 = ADVANCED_FACE ( 'NONE', ( #295 ), #3932, .T. ) ;
#1923 = CARTESIAN_POINT ( 'NONE',  ( -0.7232544860705789613, 36.22487824694125180, 3.700000000000001954 ) ) ;
#1924 = VERTEX_POINT ( 'NONE', #2838 ) ;
#1925 = AXIS2_PLACEMENT_3D ( 'NONE', #1923, #1561, #2489 ) ;
#1926 = CARTESIAN_POINT ( 'NONE',  ( 10.43929442553052844, -20.30490993312162828, 2.000000000000001776 ) ) ;
#1927 = DIRECTION ( 'NONE',  ( -0.000000000000000000, 0.000000000000000000, 1.000000000000000000 ) ) ;
#1928 = CARTESIAN_POINT ( 'NONE',  ( 23.10000000000001563, -13.04999999999998117, 14.50000000000000178 ) ) ;
#1929 = AXIS2_PLACEMENT_3D ( 'NONE', #2926, #3802, #1664 ) ;
#1930 = ORIENTED_EDGE ( 'NONE', *, *, #2536, .F. ) ;
#1931 = CARTESIAN_POINT ( 'NONE',  ( 28.99999999999999645, 4.950000000000006395, 0.000000000000000000 ) ) ;
#1932 = DIRECTION ( 'NONE',  ( 1.233215741215739354E-16, -1.000000000000000000, 0.000000000000000000 ) ) ;
#1933 = DIRECTION ( 'NONE',  ( 1.000000000000000000, 0.000000000000000000, 0.000000000000000000 ) ) ;
#1934 = ORIENTED_EDGE ( 'NONE', *, *, #326, .T. ) ;
#1935 = CARTESIAN_POINT ( 'NONE',  ( 25.70832781755652974, -5.549999999999982059, 11.00000000000000355 ) ) ;
#1936 = DIRECTION ( 'NONE',  ( 0.000000000000000000, 0.000000000000000000, 1.000000000000000000 ) ) ;
#1937 = AXIS2_PLACEMENT_3D ( 'NONE', #3727, #2520, #1887 ) ;
#1938 = DIRECTION ( 'NONE',  ( 1.000000000000000000, 0.000000000000000000, -0.000000000000000000 ) ) ;
#1939 = ORIENTED_EDGE ( 'NONE', *, *, #1389, .T. ) ;
#1940 = VERTEX_POINT ( 'NONE', #3709 ) ;
#1941 = ORIENTED_EDGE ( 'NONE', *, *, #1388, .F. ) ;
#1942 = B_SPLINE_CURVE_WITH_KNOTS ( 'NONE', 3,
 ( #3896, #2947, #211, #193, #2037, #230 ),
 .UNSPECIFIED., .F., .F.,
 ( 4, 2, 4 ),
 ( 0.02302979384873343402, 0.02452557280543442991, 0.02602135176213542234 ),
 .UNSPECIFIED. ) ;
#1943 = ADVANCED_FACE ( 'NONE', ( #745 ), #148, .F. ) ;
#1944 = EDGE_CURVE ( 'NONE', #1661, #2002, #3004, .T. ) ;
#1945 = ORIENTED_EDGE ( 'NONE', *, *, #1802, .F. ) ;
#1946 = EDGE_LOOP ( 'NONE', ( #3248, #417, #436, #1367, #3520 ) ) ;
#1947 = DIRECTION ( 'NONE',  ( 1.000000000000000000, 0.000000000000000000, 0.000000000000000000 ) ) ;
#1948 = CARTESIAN_POINT ( 'NONE',  ( 26.70832781755651908, 4.950000000000008171, 11.00000000000000355 ) ) ;
#1949 = DIRECTION ( 'NONE',  ( -1.000000000000000000, 0.000000000000000000, 0.000000000000000000 ) ) ;
#1950 = ORIENTED_EDGE ( 'NONE', *, *, #2330, .F. ) ;
#1951 = CARTESIAN_POINT ( 'NONE',  ( 26.70832781755651908, 0.000000000000000000, 11.00000000000000355 ) ) ;
#1952 = CYLINDRICAL_SURFACE ( 'NONE', #2219, 1.100000000000000311 ) ;
#1953 = EDGE_CURVE ( 'NONE', #3780, #457, #3749, .T. ) ;
#1954 = CARTESIAN_POINT ( 'NONE',  ( 0.9295331930881353122, 37.83783398748548166, 3.700000000000001954 ) ) ;
#1955 = EDGE_LOOP ( 'NONE', ( #435, #2844, #859, #1806, #3438, #3423, #1459, #2693 ) ) ;
#1956 = CARTESIAN_POINT ( 'NONE',  ( 0.3999999999999954148, 35.60000000000001563, 5.700000000000001954 ) ) ;
#1957 = DIRECTION ( 'NONE',  ( -1.000000000000000000, 0.000000000000000000, 0.000000000000000000 ) ) ;
#1958 = LINE ( 'NONE', #1998, #1640 ) ;
#1959 = ORIENTED_EDGE ( 'NONE', *, *, #2879, .F. ) ;
#1960 = VERTEX_POINT ( 'NONE', #1977 ) ;
#1961 = VECTOR ( 'NONE', #3854, 1000.000000000000000 ) ;
#1962 = AXIS2_PLACEMENT_3D ( 'NONE', #88, #987, #966 ) ;
#1963 = AXIS2_PLACEMENT_3D ( 'NONE', #2339, #1697, #828 ) ;
#1964 = PRODUCT_DEFINITION ( 'UNKNOWN', '', #159, #151 ) ;
#1965 = VERTEX_POINT ( 'NONE', #2821 ) ;
#1966 = AXIS2_PLACEMENT_3D ( 'NONE', #1794, #328, #8 ) ;
#1967 = PLANE ( 'NONE',  #2636 ) ;
#1968 = CIRCLE ( 'NONE', #60, 2.999999999999999112 ) ;
#1969 = DIRECTION ( 'NONE',  ( 0.000000000000000000, 0.000000000000000000, -1.000000000000000000 ) ) ;
#1970 = PLANE ( 'NONE',  #3689 ) ;
#1971 = AXIS2_PLACEMENT_3D ( 'NONE', #984, #126, #2538 ) ;
#1972 = AXIS2_PLACEMENT_3D ( 'NONE', #1647, #2234, #3129 ) ;
#1973 = ORIENTED_EDGE ( 'NONE', *, *, #616, .T. ) ;
#1974 = CARTESIAN_POINT ( 'NONE',  ( 29.00000000000000000, -40.70000000000001705, 17.50000000000000000 ) ) ;
#1975 = ADVANCED_FACE ( 'NONE', ( #3152 ), #467, .F. ) ;
#1976 = CIRCLE ( 'NONE', #3824, 3.000000000000000888 ) ;
#1977 = CARTESIAN_POINT ( 'NONE',  ( -16.50000000000000711, -18.87725054630192645, 17.50000000000000000 ) ) ;
#1978 = ORIENTED_EDGE ( 'NONE', *, *, #3252, .F. ) ;
#1979 = VECTOR ( 'NONE', #1087, 1000.000000000000000 ) ;
#1980 = CARTESIAN_POINT ( 'NONE',  ( 26.70832781755651908, 0.000000000000000000, 11.00000000000000355 ) ) ;
#1981 = DIRECTION ( 'NONE',  ( 0.9295600811411004472, -0.3686706600055812411, 0.000000000000000000 ) ) ;
#1982 = VECTOR ( 'NONE', #905, 1000.000000000000000 ) ;
#1983 = DIRECTION ( 'NONE',  ( -0.000000000000000000, 0.000000000000000000, 1.000000000000000000 ) ) ;
#1984 = VERTEX_POINT ( 'NONE', #2580 ) ;
#1985 = EDGE_LOOP ( 'NONE', ( #1460, #3536, #1111, #3842, #3042, #1422, #3442, #522, #1303, #1210, #1973, #258 ) ) ;
#1986 = ORIENTED_EDGE ( 'NONE', *, *, #3739, .F. ) ;
#1987 = VERTEX_POINT ( 'NONE', #2197 ) ;
#1988 = CARTESIAN_POINT ( 'NONE',  ( 18.76302059721613702, 15.75000000000001421, 17.48925234290731368 ) ) ;
#1989 = DIRECTION ( 'NONE',  ( 1.000000000000000000, 0.000000000000000000, 0.000000000000000000 ) ) ;
#1990 = CARTESIAN_POINT ( 'NONE',  ( 26.70832781755651908, -5.549999999999982059, 14.50000000000000178 ) ) ;
#1991 = ORIENTED_EDGE ( 'NONE', *, *, #3911, .F. ) ;
#1992 = LINE ( 'NONE', #3544, #3156 ) ;
#1993 = ADVANCED_FACE ( 'NONE', ( #3171 ), #1653, .T. ) ;
#1994 = VECTOR ( 'NONE', #2494, 1000.000000000000000 ) ;
#1995 = DIRECTION ( 'NONE',  ( -4.262219842694856156E-17, 1.000000000000000000, 0.000000000000000000 ) ) ;
#1996 = LINE ( 'NONE', #2624, #1094 ) ;
#1997 = LINE ( 'NONE', #3232, #3431 ) ;
#1998 = CARTESIAN_POINT ( 'NONE',  ( 19.49167218244349797, 11.15000000000001634, 11.00000000000000355 ) ) ;
#1999 = VERTEX_POINT ( 'NONE', #985 ) ;
#2000 = PLANE ( 'NONE',  #252 ) ;
#2001 = ORIENTED_EDGE ( 'NONE', *, *, #488, .T. ) ;
#2002 = VERTEX_POINT ( 'NONE', #65 ) ;
#2003 = ADVANCED_FACE ( 'NONE', ( #3407 ), #447, .F. ) ;
#2004 = CARTESIAN_POINT ( 'NONE',  ( 25.10926430642869889, 15.75000000000001776, 17.04556995490862548 ) ) ;
#2005 = CARTESIAN_POINT ( 'NONE',  ( 12.24999927169117697, -18.87149398043249704, 17.50000000000000000 ) ) ;
#2006 = ADVANCED_FACE ( 'NONE', ( #3197 ), #2500, .T. ) ;
#2007 = CARTESIAN_POINT ( 'NONE',  ( 16.49167218244350863, -13.04999999999998117, 14.50000000000000178 ) ) ;
#2008 = VECTOR ( 'NONE', #3468, 1000.000000000000000 ) ;
#2009 = VERTEX_POINT ( 'NONE', #3449 ) ;
#2010 = DIRECTION ( 'NONE',  ( 0.000000000000000000, -0.000000000000000000, -1.000000000000000000 ) ) ;
#2011 = EDGE_CURVE ( 'NONE', #3060, #465, #1631, .T. ) ;
#2012 = CYLINDRICAL_SURFACE ( 'NONE', #2559, 3.000000000000000888 ) ;
#2013 = CARTESIAN_POINT ( 'NONE',  ( 1.499999999999994449, 35.60000000000001563, 17.50000000000000000 ) ) ;
#2014 = CARTESIAN_POINT ( 'NONE',  ( 3.152787679158696843, 37.21295574054423128, 3.700000000000001954 ) ) ;
#2015 = VERTEX_POINT ( 'NONE', #2561 ) ;
#2016 = LINE ( 'NONE', #3237, #2610 ) ;
#2017 = EDGE_CURVE ( 'NONE', #2828, #1294, #2091, .T. ) ;
#2018 = ORIENTED_EDGE ( 'NONE', *, *, #3352, .T. ) ;
#2019 = CARTESIAN_POINT ( 'NONE',  ( 29.70832781755651908, 4.950000000000008171, 14.50000000000000178 ) ) ;
#2020 = CARTESIAN_POINT ( 'NONE',  ( 2.070466806911881896, 33.36216601251454961, 3.700000000000001954 ) ) ;
#2021 = AXIS2_PLACEMENT_3D ( 'NONE', #3574, #2983, #255 ) ;
#2022 = CARTESIAN_POINT ( 'NONE',  ( -28.99999999999999289, -40.70000000000001705, -104.1362568945129823 ) ) ;
#2023 = COLOUR_RGB ( '',0.7921568627450980005, 0.8196078431372548767, 0.9333333333333333481 ) ;
#2024 = VERTEX_POINT ( 'NONE', #3771 ) ;
#2025 = ORIENTED_EDGE ( 'NONE', *, *, #2775, .T. ) ;
#2026 = FACE_OUTER_BOUND ( 'NONE', #3504, .T. ) ;
#2027 = AXIS2_PLACEMENT_3D ( 'NONE', #1848, #3586, #1512 ) ;
#2028 = AXIS2_PLACEMENT_3D ( 'NONE', #1354, #2577, #3827 ) ;
#2029 = CARTESIAN_POINT ( 'NONE',  ( 29.00000000000000000, 19.35729727216144269, 17.43248588182142456 ) ) ;
#2030 = VECTOR ( 'NONE', #2088, 1000.000000000000000 ) ;
#2031 = EDGE_CURVE ( 'NONE', #1072, #3397, #3552, .T. ) ;
#2032 = CARTESIAN_POINT ( 'NONE',  ( 3.152787679158696843, 37.21295574054423128, 3.700000000000001954 ) ) ;
#2033 = CARTESIAN_POINT ( 'NONE',  ( -30.49999999999999645, 42.20000000000001705, 0.000000000000000000 ) ) ;
#2034 = AXIS2_PLACEMENT_3D ( 'NONE', #1906, #1547, #1565 ) ;
#2035 = FACE_OUTER_BOUND ( 'NONE', #2572, .T. ) ;
#2036 = ORIENTED_EDGE ( 'NONE', *, *, #3439, .T. ) ;
#2037 = CARTESIAN_POINT ( 'NONE',  ( 28.99999999999999645, 28.34633091474738364, 17.41517953184287038 ) ) ;
#2038 = VECTOR ( 'NONE', #710, 1000.000000000000000 ) ;
#2039 = ORIENTED_EDGE ( 'NONE', *, *, #2976, .F. ) ;
#2040 = ORIENTED_EDGE ( 'NONE', *, *, #688, .F. ) ;
#2041 = ADVANCED_FACE ( 'NONE', ( #1045 ), #3728, .T. ) ;
#2042 = CARTESIAN_POINT ( 'NONE',  ( 23.85805241138326949, -0.9499999999999867439, 16.77948255065575722 ) ) ;
#2043 = CARTESIAN_POINT ( 'NONE',  ( 1.499999999999994449, 35.60000000000001563, 5.700000000000001954 ) ) ;
#2044 = FACE_OUTER_BOUND ( 'NONE', #2645, .T. ) ;
#2045 = ORIENTED_EDGE ( 'NONE', *, *, #266, .T. ) ;
#2046 = ORIENTED_EDGE ( 'NONE', *, *, #1287, .F. ) ;
#2047 = LINE ( 'NONE', #559, #2194 ) ;
#2048 = DIRECTION ( 'NONE',  ( 0.000000000000000000, 0.000000000000000000, -1.000000000000000000 ) ) ;
#2049 = ADVANCED_FACE ( 'NONE', ( #2262 ), #1952, .F. ) ;
#2050 = DIRECTION ( 'NONE',  ( 0.000000000000000000, 1.156482317317871478E-16, 1.000000000000000000 ) ) ;
#2051 = DIRECTION ( 'NONE',  ( -0.000000000000000000, -0.000000000000000000, 1.000000000000000000 ) ) ;
#2052 = DIRECTION ( 'NONE',  ( -0.3686706600055807415, -0.9295600811411005582, 0.000000000000000000 ) ) ;
#2053 = EDGE_LOOP ( 'NONE', ( #2449, #2698, #1053, #146 ) ) ;
#2054 = VERTEX_POINT ( 'NONE', #1591 ) ;
#2055 = EDGE_CURVE ( 'NONE', #277, #254, #1003, .T. ) ;
#2056 = VERTEX_POINT ( 'NONE', #2597 ) ;
#2057 = CARTESIAN_POINT ( 'NONE',  ( 30.50000000000000355, 9.850000000000019185, 19.00000000000000711 ) ) ;
#2058 = VERTEX_POINT ( 'NONE', #167 ) ;
#2059 = ORIENTED_EDGE ( 'NONE', *, *, #1264, .F. ) ;
#2060 = EDGE_CURVE ( 'NONE', #3822, #2371, #1674, .T. ) ;
#2061 = ADVANCED_FACE ( 'NONE', ( #3920 ), #2124, .T. ) ;
#2062 = DIRECTION ( 'NONE',  ( 1.000000000000000000, 0.000000000000000000, 0.000000000000000000 ) ) ;
#2063 = LINE ( 'NONE', #2696, #141 ) ;
#2064 = DIRECTION ( 'NONE',  ( 0.000000000000000000, -1.000000000000000000, 0.000000000000000000 ) ) ;
#2065 = VERTEX_POINT ( 'NONE', #3007 ) ;
#2066 = ORIENTED_EDGE ( 'NONE', *, *, #943, .T. ) ;
#2067 = VECTOR ( 'NONE', #2773, 1000.000000000000000 ) ;
#2068 = CARTESIAN_POINT ( 'NONE',  ( -10.50000000000000533, -18.87725054630192645, 17.50000000000000000 ) ) ;
#2069 = VECTOR ( 'NONE', #1791, 1000.000000000000000 ) ;
#2070 = CYLINDRICAL_SURFACE ( 'NONE', #3625, 1.099999999999998979 ) ;
#2071 = FACE_OUTER_BOUND ( 'NONE', #30, .T. ) ;
#2072 = DIRECTION ( 'NONE',  ( 1.000000000000000000, -0.000000000000000000, 0.000000000000000000 ) ) ;
#2073 = DIRECTION ( 'NONE',  ( -1.000000000000000000, 0.000000000000000000, 0.000000000000000000 ) ) ;
#2074 = ADVANCED_FACE ( 'NONE', ( #891 ), #1804, .T. ) ;
#2075 = EDGE_CURVE ( 'NONE', #735, #3516, #3297, .T. ) ;
#2076 = DIRECTION ( 'NONE',  ( 1.000000000000000000, 0.000000000000000000, 0.000000000000000000 ) ) ;
#2077 = VERTEX_POINT ( 'NONE', #2709 ) ;
#2078 = VECTOR ( 'NONE', #1510, 1000.000000000000000 ) ;
#2079 = LINE ( 'NONE', #2104, #833 ) ;
#2080 = EDGE_CURVE ( 'NONE', #1661, #3223, #1463, .T. ) ;
#2081 = VERTEX_POINT ( 'NONE', #593 ) ;
#2082 = DIRECTION ( 'NONE',  ( -0.000000000000000000, -0.000000000000000000, 1.000000000000000000 ) ) ;
#2083 = ORIENTED_EDGE ( 'NONE', *, *, #279, .F. ) ;
#2084 = ORIENTED_EDGE ( 'NONE', *, *, #2759, .F. ) ;
#2085 = CARTESIAN_POINT ( 'NONE',  ( 16.49167218244350153, 0.000000000000000000, 14.50000000000000178 ) ) ;
#2086 = LINE ( 'NONE', #3304, #3696 ) ;
#2087 = EDGE_CURVE ( 'NONE', #1920, #2404, #2748, .T. ) ;
#2088 = DIRECTION ( 'NONE',  ( 0.000000000000000000, 0.000000000000000000, 1.000000000000000000 ) ) ;
#2089 = ORIENTED_EDGE ( 'NONE', *, *, #3679, .T. ) ;
#2090 = DIRECTION ( 'NONE',  ( 0.000000000000000000, -1.445602896647339656E-16, -1.000000000000000000 ) ) ;
#2091 = CIRCLE ( 'NONE', #2542, 3.608327817556510109 ) ;
#2092 = VECTOR ( 'NONE', #868, 1000.000000000000000 ) ;
#2093 = CARTESIAN_POINT ( 'NONE',  ( 0.9295331930881353122, 37.83783398748548166, 3.700000000000001954 ) ) ;
#2094 = EDGE_CURVE ( 'NONE', #1034, #2557, #1755, .T. ) ;
#2095 = EDGE_CURVE ( 'NONE', #3841, #1093, #503, .T. ) ;
#2096 = CYLINDRICAL_SURFACE ( 'NONE', #570, 3.608327817556510109 ) ;
#2097 = VECTOR ( 'NONE', #1995, 1000.000000000000000 ) ;
#2098 = VECTOR ( 'NONE', #938, 1000.000000000000000 ) ;
#2099 = CYLINDRICAL_SURFACE ( 'NONE', #272, 2.999999999999999112 ) ;
#2100 = DIRECTION ( 'NONE',  ( -0.000000000000000000, 0.000000000000000000, 1.000000000000000000 ) ) ;
#2101 = DIRECTION ( 'NONE',  ( 0.000000000000000000, 0.000000000000000000, 1.000000000000000000 ) ) ;
#2102 = TOROIDAL_SURFACE ( 'NONE', #388, 6.608327817556510553, 3.000000000000000000 ) ;
#2103 = DIRECTION ( 'NONE',  ( 0.000000000000000000, 0.000000000000000000, 1.000000000000000000 ) ) ;
#2104 = CARTESIAN_POINT ( 'NONE',  ( 25.70832781755653684, -11.74999999999998046, 19.00000000000000355 ) ) ;
#2105 = VERTEX_POINT ( 'NONE', #927 ) ;
#2106 = CARTESIAN_POINT ( 'NONE',  ( 26.70832781755651908, 0.000000000000000000, 11.00000000000000355 ) ) ;
#2107 = ORIENTED_EDGE ( 'NONE', *, *, #2217, .F. ) ;
#2108 = ORIENTED_EDGE ( 'NONE', *, *, #3192, .F. ) ;
#2109 = VECTOR ( 'NONE', #1363, 1000.000000000000000 ) ;
#2110 = LINE ( 'NONE', #3010, #1798 ) ;
#2111 = DIRECTION ( 'NONE',  ( -0.000000000000000000, -0.000000000000000000, -1.000000000000000000 ) ) ;
#2112 = CIRCLE ( 'NONE', #3320, 3.599999999999999201 ) ;
#2113 = VERTEX_POINT ( 'NONE', #3026 ) ;
#2114 = FACE_OUTER_BOUND ( 'NONE', #364, .T. ) ;
#2115 = DIRECTION ( 'NONE',  ( 1.000000000000000000, 0.000000000000000000, 0.000000000000000000 ) ) ;
#2116 = EDGE_CURVE ( 'NONE', #1940, #3819, #2140, .T. ) ;
#2117 = PLANE ( 'NONE',  #3184 ) ;
#2118 = DIRECTION ( 'NONE',  ( 1.000000000000000000, 0.000000000000000000, 0.000000000000000000 ) ) ;
#2119 = DIRECTION ( 'NONE',  ( -1.000000000000000000, 0.000000000000000000, 0.000000000000000000 ) ) ;
#2120 = DIRECTION ( 'NONE',  ( 0.000000000000000000, 0.000000000000000000, 1.000000000000000000 ) ) ;
#2121 = CIRCLE ( 'NONE', #3455, 1.100000000000000311 ) ;
#2122 = DIRECTION ( 'NONE',  ( -2.852384396308109287E-32, 2.312964634635742957E-16, 1.000000000000000000 ) ) ;
#2123 = VERTEX_POINT ( 'NONE', #3936 ) ;
#2124 = CYLINDRICAL_SURFACE ( 'NONE', #2607, 3.000000000000000000 ) ;
#2125 = ORIENTED_EDGE ( 'NONE', *, *, #213, .T. ) ;
#2126 = VERTEX_POINT ( 'NONE', #2446 ) ;
#2127 = CARTESIAN_POINT ( 'NONE',  ( 30.50000000000000711, -11.74999999999998224, 19.00000000000001066 ) ) ;
#2128 = CARTESIAN_POINT ( 'NONE',  ( 25.70832781755653684, -3.567747183457833567E-14, 11.00000000000000355 ) ) ;
#2129 = ORIENTED_EDGE ( 'NONE', *, *, #3556, .F. ) ;
#2130 = EDGE_CURVE ( 'NONE', #3855, #2591, #3937, .T. ) ;
#2131 = DIRECTION ( 'NONE',  ( 0.000000000000000000, -1.000000000000000000, 0.000000000000000000 ) ) ;
#2132 = DIRECTION ( 'NONE',  ( 0.000000000000000000, 1.000000000000000000, -1.156482317317871478E-16 ) ) ;
#2133 = CARTESIAN_POINT ( 'NONE',  ( 30.50000000000000000, 42.20000000000001705, 19.00000000000000355 ) ) ;
#2134 = DIRECTION ( 'NONE',  ( 0.000000000000000000, 1.000000000000000000, 0.000000000000000000 ) ) ;
#2135 = PLANE ( 'NONE',  #2740 ) ;
#2136 = VECTOR ( 'NONE', #2876, 1000.000000000000000 ) ;
#2137 = EDGE_CURVE ( 'NONE', #3686, #773, #819, .T. ) ;
#2138 = CARTESIAN_POINT ( 'NONE',  ( -10.52574048583916699, -21.18650816742653475, 3.700000000000001954 ) ) ;
#2139 = DIRECTION ( 'NONE',  ( 0.000000000000000000, 0.000000000000000000, 1.000000000000000000 ) ) ;
#2140 = LINE ( 'NONE', #910, #1570 ) ;
#2141 = VERTEX_POINT ( 'NONE', #3640 ) ;
#2142 = ORIENTED_EDGE ( 'NONE', *, *, #1617, .T. ) ;
#2143 = ORIENTED_EDGE ( 'NONE', *, *, #688, .T. ) ;
#2144 = DIRECTION ( 'NONE',  ( -0.8715445865823454596, -0.4903162587544986906, 0.000000000000000000 ) ) ;
#2145 = CARTESIAN_POINT ( 'NONE',  ( 16.49167218244350153, 0.000000000000000000, 14.50000000000000178 ) ) ;
#2146 = EDGE_CURVE ( 'NONE', #320, #2393, #1147, .T. ) ;
#2147 = ORIENTED_EDGE ( 'NONE', *, *, #2708, .F. ) ;
#2148 = CARTESIAN_POINT ( 'NONE',  ( -10.50000000000000533, -18.87725054630192645, 14.50000000000000178 ) ) ;
#2149 = AXIS2_PLACEMENT_3D ( 'NONE', #1819, #2082, #1486 ) ;
#2150 = CARTESIAN_POINT ( 'NONE',  ( 26.70832781755651908, 3.650000000000008793, 11.00000000000000355 ) ) ;
#2151 = VECTOR ( 'NONE', #3832, 1000.000000000000000 ) ;
#2152 = DIRECTION ( 'NONE',  ( 1.224646799147353207E-16, 1.000000000000000000, 0.000000000000000000 ) ) ;
#2153 = CARTESIAN_POINT ( 'NONE',  ( -12.48700552085715643, -17.70032982109715647, 3.700000000000001954 ) ) ;
#2154 = DIRECTION ( 'NONE',  ( 0.000000000000000000, 0.000000000000000000, 1.000000000000000000 ) ) ;
#2155 = VECTOR ( 'NONE', #3931, 1000.000000000000000 ) ;
#2156 = VECTOR ( 'NONE', #2961, 1000.000000000000000 ) ;
#2157 = LINE ( 'NONE', #2969, #1784 ) ;
#2158 = CARTESIAN_POINT ( 'NONE',  ( 26.70832781755651908, 0.000000000000000000, 11.00000000000000355 ) ) ;
#2159 = AXIS2_PLACEMENT_3D ( 'NONE', #2456, #1276, #1335 ) ;
#2160 = VECTOR ( 'NONE', #2513, 1000.000000000000000 ) ;
#2161 = DIRECTION ( 'NONE',  ( -0.2470193734007389008, 0.9690105413073204499, 0.000000000000000000 ) ) ;
#2162 = ORIENTED_EDGE ( 'NONE', *, *, #3233, .T. ) ;
#2163 = VERTEX_POINT ( 'NONE', #314 ) ;
#2164 = ORIENTED_EDGE ( 'NONE', *, *, #3417, .F. ) ;
#2165 = DIRECTION ( 'NONE',  ( 4.625929269271485914E-16, 1.000000000000000000, 0.000000000000000000 ) ) ;
#2166 = AXIS2_PLACEMENT_3D ( 'NONE', #321, #3104, #3943 ) ;
#2167 = DIRECTION ( 'NONE',  ( 0.000000000000000000, 0.000000000000000000, 1.000000000000000000 ) ) ;
#2168 = VECTOR ( 'NONE', #1371, 1000.000000000000000 ) ;
#2169 = EDGE_CURVE ( 'NONE', #3591, #1599, #3488, .T. ) ;
#2170 = ORIENTED_EDGE ( 'NONE', *, *, #1670, .T. ) ;
#2171 = LINE ( 'NONE', #3664, #1994 ) ;
#2172 = LINE ( 'NONE', #406, #2424 ) ;
#2173 = AXIS2_PLACEMENT_3D ( 'NONE', #3314, #1827, #921 ) ;
#2174 = ORIENTED_EDGE ( 'NONE', *, *, #2979, .F. ) ;
#2175 = CARTESIAN_POINT ( 'NONE',  ( 23.10000000000000853, 20.35000000000001563, 19.00000000000000355 ) ) ;
#2176 = DIRECTION ( 'NONE',  ( 0.000000000000000000, 0.000000000000000000, 1.000000000000000000 ) ) ;
#2177 = DIRECTION ( 'NONE',  ( 1.000000000000000000, 0.000000000000000000, 0.000000000000000000 ) ) ;
#2178 = VERTEX_POINT ( 'NONE', #3655 ) ;
#2179 = ADVANCED_FACE ( 'NONE', ( #3353 ), #2796, .F. ) ;
#2180 = DIRECTION ( 'NONE',  ( -0.000000000000000000, -1.000000000000000000, -0.000000000000000000 ) ) ;
#2181 = CARTESIAN_POINT ( 'NONE',  ( 30.50000000000000355, 4.950000000000009948, 19.00000000000000711 ) ) ;
#2182 = CARTESIAN_POINT ( 'NONE',  ( 19.98001157672684513, -14.86689874419180413, 14.51453887940468590 ) ) ;
#2183 = VERTEX_POINT ( 'NONE', #1835 ) ;
#2184 = VERTEX_POINT ( 'NONE', #1538 ) ;
#2185 = ORIENTED_EDGE ( 'NONE', *, *, #3460, .T. ) ;
#2186 = ADVANCED_FACE ( 'NONE', ( #2765 ), #2364, .F. ) ;
#2187 = CIRCLE ( 'NONE', #1542, 6.000000000000000888 ) ;
#2188 = CARTESIAN_POINT ( 'NONE',  ( 19.34380278232324102, -0.9499999999999875211, 17.42649469133679929 ) ) ;
#2189 = DIRECTION ( 'NONE',  ( 1.000000000000000000, -1.387778780781445676E-15, 0.000000000000000000 ) ) ;
#2190 = ADVANCED_FACE ( 'NONE', ( #2692 ), #3899, .F. ) ;
#2191 = ORIENTED_EDGE ( 'NONE', *, *, #1526, .F. ) ;
#2192 = CARTESIAN_POINT ( 'NONE',  ( 30.50000000000000000, -42.20000000000001705, 0.000000000000000000 ) ) ;
#2193 = CARTESIAN_POINT ( 'NONE',  ( 25.70832781755653684, -3.567747183457833567E-14, 11.00000000000000355 ) ) ;
#2194 = VECTOR ( 'NONE', #2733, 1000.000000000000000 ) ;
#2195 = ORIENTED_EDGE ( 'NONE', *, *, #634, .F. ) ;
#2196 = PLANE ( 'NONE',  #3592 ) ;
#2197 = CARTESIAN_POINT ( 'NONE',  ( 25.70832781755653684, -6.849999999999982769, 11.00000000000000355 ) ) ;
#2198 = CARTESIAN_POINT ( 'NONE',  ( 25.70832781755653684, 4.950000000000009059, 19.00000000000000355 ) ) ;
#2199 = CARTESIAN_POINT ( 'NONE',  ( 35.70832781755653684, 26.55000000000001492, 19.00000000000000355 ) ) ;
#2200 = CARTESIAN_POINT ( 'NONE',  ( 29.00000000000000000, -40.70000000000001705, -104.1362568945129823 ) ) ;
#2201 = EDGE_CURVE ( 'NONE', #3938, #1940, #1829, .T. ) ;
#2202 = CARTESIAN_POINT ( 'NONE',  ( 0.000000000000000000, -11.74999999999998224, 0.000000000000000000 ) ) ;
#2203 = EDGE_LOOP ( 'NONE', ( #652, #1789, #651, #35, #192, #1671, #36, #1876, #2107, #3901, #2497, #1662 ) ) ;
#2204 = EDGE_LOOP ( 'NONE', ( #210, #1424, #3080, #1716 ) ) ;
#2205 = VERTEX_POINT ( 'NONE', #372 ) ;
#2206 = DIRECTION ( 'NONE',  ( -4.262219842694856156E-17, 1.000000000000000000, 0.000000000000000000 ) ) ;
#2207 = ADVANCED_FACE ( 'NONE', ( #3757 ), #349, .F. ) ;
#2208 = ORIENTED_EDGE ( 'NONE', *, *, #1790, .F. ) ;
#2209 = EDGE_CURVE ( 'NONE', #465, #3864, #3119, .T. ) ;
#2210 = FACE_OUTER_BOUND ( 'NONE', #3258, .T. ) ;
#2211 = FACE_OUTER_BOUND ( 'NONE', #1229, .T. ) ;
#2212 = ORIENTED_EDGE ( 'NONE', *, *, #2031, .F. ) ;
#2213 = LINE ( 'NONE', #1315, #1178 ) ;
#2214 = CARTESIAN_POINT ( 'NONE',  ( 25.70832781755651908, 0.000000000000000000, 11.00000000000000355 ) ) ;
#2215 = DIRECTION ( 'NONE',  ( 1.233215741215739354E-16, -1.000000000000000000, 0.000000000000000000 ) ) ;
#2216 = ORIENTED_EDGE ( 'NONE', *, *, #14, .T. ) ;
#2217 = EDGE_CURVE ( 'NONE', #2448, #3259, #3411, .T. ) ;
#2218 = EDGE_CURVE ( 'NONE', #1093, #1965, #3158, .T. ) ;
#2219 = AXIS2_PLACEMENT_3D ( 'NONE', #3112, #1277, #1888 ) ;
#2220 = DIRECTION ( 'NONE',  ( 0.000000000000000000, 0.000000000000000000, 1.000000000000000000 ) ) ;
#2221 = DIRECTION ( 'NONE',  ( 0.000000000000000000, 0.000000000000000000, 1.000000000000000000 ) ) ;
#2222 = VECTOR ( 'NONE', #3691, 1000.000000000000000 ) ;
#2223 = CARTESIAN_POINT ( 'NONE',  ( 19.80882309115555628, -14.53450260386020076, 14.51174236822018493 ) ) ;
#2224 = VECTOR ( 'NONE', #69, 1000.000000000000000 ) ;
#2225 = VERTEX_POINT ( 'NONE', #3098 ) ;
#2226 = ORIENTED_EDGE ( 'NONE', *, *, #2502, .F. ) ;
#2227 = ORIENTED_EDGE ( 'NONE', *, *, #2737, .F. ) ;
#2228 = CARTESIAN_POINT ( 'NONE',  ( 19.49167218244349797, -5.549999999999982059, 11.00000000000000355 ) ) ;
#2229 = AXIS2_PLACEMENT_3D ( 'NONE', #1678, #2900, #172 ) ;
#2230 = VERTEX_POINT ( 'NONE', #3716 ) ;
#2231 = AXIS2_PLACEMENT_3D ( 'NONE', #3925, #3381, #657 ) ;
#2232 = CARTESIAN_POINT ( 'NONE',  ( 35.70832781755653684, 9.850000000000017408, 19.00000000000000355 ) ) ;
#2233 = FACE_OUTER_BOUND ( 'NONE', #221, .T. ) ;
#2234 = DIRECTION ( 'NONE',  ( -0.000000000000000000, 0.000000000000000000, 1.000000000000000000 ) ) ;
#2235 = VERTEX_POINT ( 'NONE', #733 ) ;
#2236 = AXIS2_PLACEMENT_3D ( 'NONE', #3918, #278, #3351 ) ;
#2237 = EDGE_LOOP ( 'NONE', ( #265, #1052, #1950, #3553 ) ) ;
#2238 = AXIS2_PLACEMENT_3D ( 'NONE', #1434, #3850, #864 ) ;
#2239 = DIRECTION ( 'NONE',  ( 1.000000000000000000, 0.000000000000000000, 0.000000000000000000 ) ) ;
#2240 = DIRECTION ( 'NONE',  ( 0.000000000000000000, 0.000000000000000000, -1.000000000000000000 ) ) ;
#2241 = CARTESIAN_POINT ( 'NONE',  ( 23.10000000000000853, 27.85000000000001208, 11.00000000000000355 ) ) ;
#2242 = VERTEX_POINT ( 'NONE', #2462 ) ;
#2243 = EDGE_CURVE ( 'NONE', #1438, #1763, #1557, .T. ) ;
#2244 = CARTESIAN_POINT ( 'NONE',  ( 23.10000000000000853, 3.650000000000009237, 11.00000000000000355 ) ) ;
#2245 = PLANE ( 'NONE',  #2479 ) ;
#2246 = CARTESIAN_POINT ( 'NONE',  ( -0.1527876791587042538, 33.98704425945579999, 2.000000000000001776 ) ) ;
#2247 = AXIS2_PLACEMENT_3D ( 'NONE', #2068, #2995, #3048 ) ;
#2248 = VERTEX_POINT ( 'NONE', #433 ) ;
#2249 = ORIENTED_EDGE ( 'NONE', *, *, #3870, .T. ) ;
#2250 = ORIENTED_EDGE ( 'NONE', *, *, #3338, .F. ) ;
#2251 = CARTESIAN_POINT ( 'NONE',  ( 20.49167218244350153, 20.35000000000001563, 11.00000000000000355 ) ) ;
#2252 = ORIENTED_EDGE ( 'NONE', *, *, #3600, .T. ) ;
#2253 = VERTEX_POINT ( 'NONE', #396 ) ;
#2254 = VECTOR ( 'NONE', #286, 1000.000000000000000 ) ;
#2255 = CARTESIAN_POINT ( 'NONE',  ( 22.74787403791689044, 15.75000000000001776, 16.73695160360759715 ) ) ;
#2256 = FACE_OUTER_BOUND ( 'NONE', #831, .T. ) ;
#2257 = ADVANCED_FACE ( 'NONE', ( #1636 ), #3672, .T. ) ;
#2258 = CARTESIAN_POINT ( 'NONE',  ( 28.99999999999999645, -3.019048879122136750E-17, 17.41517953184287038 ) ) ;
#2259 = VECTOR ( 'NONE', #951, 1000.000000000000000 ) ;
#2260 = VERTEX_POINT ( 'NONE', #352 ) ;
#2261 = DIRECTION ( 'NONE',  ( -0.000000000000000000, 0.000000000000000000, 1.000000000000000000 ) ) ;
#2262 = FACE_OUTER_BOUND ( 'NONE', #1737, .T. ) ;
#2263 =( NAMED_UNIT ( * ) PLANE_ANGLE_UNIT ( ) SI_UNIT ( $, .RADIAN. ) );
#2264 = ORIENTED_EDGE ( 'NONE', *, *, #1000, .T. ) ;
#2265 = CARTESIAN_POINT ( 'NONE',  ( -0.1527876791587042538, 33.98704425945579999, 3.700000000000001954 ) ) ;
#2266 = DIRECTION ( 'NONE',  ( 0.000000000000000000, -1.000000000000000000, 0.000000000000000000 ) ) ;
#2267 = EDGE_CURVE ( 'NONE', #3414, #1209, #2784, .T. ) ;
#2268 = DIRECTION ( 'NONE',  ( 0.000000000000000000, 0.000000000000000000, 1.000000000000000000 ) ) ;
#2269 = VERTEX_POINT ( 'NONE', #2627 ) ;
#2270 = ORIENTED_EDGE ( 'NONE', *, *, #1754, .T. ) ;
#2271 = VECTOR ( 'NONE', #1134, 1000.000000000000000 ) ;
#2272 = DIRECTION ( 'NONE',  ( 1.000000000000000000, 0.000000000000000000, 0.000000000000000000 ) ) ;
#2273 = ORIENTED_EDGE ( 'NONE', *, *, #689, .F. ) ;
#2274 = EDGE_CURVE ( 'NONE', #1054, #1689, #441, .T. ) ;
#2275 = CARTESIAN_POINT ( 'NONE',  ( 28.99999999999999645, -3.019048879122136750E-17, 17.41517953184287038 ) ) ;
#2276 = CARTESIAN_POINT ( 'NONE',  ( -10.50000000000000533, -18.87725054630192645, 17.50000000000000000 ) ) ;
#2277 = CARTESIAN_POINT ( 'NONE',  ( 14.06070411785182728, -17.43807802774336935, 3.700000000000001954 ) ) ;
#2278 = ADVANCED_FACE ( 'NONE', ( #2035 ), #825, .F. ) ;
#2279 = ORIENTED_EDGE ( 'NONE', *, *, #2336, .F. ) ;
#2280 = FACE_OUTER_BOUND ( 'NONE', #1725, .T. ) ;
#2281 = DIRECTION ( 'NONE',  ( 1.000000000000000000, -0.000000000000000000, 0.000000000000000000 ) ) ;
#2282 = DIRECTION ( 'NONE',  ( -1.156482317317871725E-15, 0.000000000000000000, -1.000000000000000000 ) ) ;
#2283 = CARTESIAN_POINT ( 'NONE',  ( -8.512994479142848903, -20.05417127150669288, 3.700000000000001954 ) ) ;
#2284 = CARTESIAN_POINT ( 'NONE',  ( 3.152787679158695067, 37.21295574054423838, 2.000000000000001776 ) ) ;
#2285 = FACE_OUTER_BOUND ( 'NONE', #911, .T. ) ;
#2286 = ORIENTED_EDGE ( 'NONE', *, *, #3487, .F. ) ;
#2287 = ORIENTED_EDGE ( 'NONE', *, *, #600, .F. ) ;
#2288 = AXIS2_PLACEMENT_3D ( 'NONE', #870, #610, #1502 ) ;
#2289 = ORIENTED_EDGE ( 'NONE', *, *, #2095, .F. ) ;
#2290 = ORIENTED_EDGE ( 'NONE', *, *, #242, .T. ) ;
#2291 = AXIS2_PLACEMENT_3D ( 'NONE', #307, #820, #2115 ) ;
#2292 = CARTESIAN_POINT ( 'NONE',  ( 27.74329251641700722, 15.75000000000001776, 17.50000000000000000 ) ) ;
#2293 = VECTOR ( 'NONE', #2565, 1000.000000000000000 ) ;
#2294 = PLANE ( 'NONE',  #1843 ) ;
#2295 = CARTESIAN_POINT ( 'NONE',  ( -21.24999999999999645, 32.95000000000001705, 19.00000000000000355 ) ) ;
#2296 = CIRCLE ( 'NONE', #134, 3.608327817556510109 ) ;
#2297 = VERTEX_POINT ( 'NONE', #2337 ) ;
#2298 = CYLINDRICAL_SURFACE ( 'NONE', #3662, 2.999999999999999112 ) ;
#2299 = VECTOR ( 'NONE', #3190, 1000.000000000000000 ) ;
#2300 = FACE_OUTER_BOUND ( 'NONE', #1946, .T. ) ;
#2301 = EDGE_LOOP ( 'NONE', ( #1148, #679, #3165, #3101, #1290, #3576 ) ) ;
#2302 = CIRCLE ( 'NONE', #2752, 2.999999999999999112 ) ;
#2303 = PLANE ( 'NONE',  #1344 ) ;
#2304 = CARTESIAN_POINT ( 'NONE',  ( 2.070466806911881896, 33.36216601251454961, 2.000000000000001776 ) ) ;
#2305 = AXIS2_PLACEMENT_3D ( 'NONE', #3368, #2152, #1550 ) ;
#2306 = DIRECTION ( 'NONE',  ( 0.9690105413073204499, 0.2470193734007391229, -0.000000000000000000 ) ) ;
#2307 = ADVANCED_FACE ( 'NONE', ( #2285 ), #3519, .T. ) ;
#2308 = ORIENTED_EDGE ( 'NONE', *, *, #786, .T. ) ;
#2309 = ORIENTED_EDGE ( 'NONE', *, *, #3546, .F. ) ;
#2310 = EDGE_CURVE ( 'NONE', #1294, #3284, #2340, .T. ) ;
#2311 = ORIENTED_EDGE ( 'NONE', *, *, #1649, .F. ) ;
#2312 = ORIENTED_EDGE ( 'NONE', *, *, #3712, .T. ) ;
#2313 = PLANE ( 'NONE',  #2574 ) ;
#2314 = CARTESIAN_POINT ( 'NONE',  ( -13.50000000000000533, -18.87725054630192645, 2.000000000000001776 ) ) ;
#2315 = FACE_OUTER_BOUND ( 'NONE', #1142, .T. ) ;
#2316 = ADVANCED_FACE ( 'NONE', ( #2643 ), #2863, .F. ) ;
#2317 = AXIS2_PLACEMENT_3D ( 'NONE', #1603, #2793, #2833 ) ;
#2318 = ORIENTED_EDGE ( 'NONE', *, *, #2310, .F. ) ;
#2319 = DIRECTION ( 'NONE',  ( 4.262219842694856156E-17, -1.000000000000000000, -0.000000000000000000 ) ) ;
#2320 = LINE ( 'NONE', #3517, #3193 ) ;
#2321 = LINE ( 'NONE', #1713, #3559 ) ;
#2322 = EDGE_CURVE ( 'NONE', #2230, #137, #2734, .T. ) ;
#2323 = DIRECTION ( 'NONE',  ( -0.000000000000000000, 0.000000000000000000, 1.000000000000000000 ) ) ;
#2324 = ORIENTED_EDGE ( 'NONE', *, *, #689, .T. ) ;
#2325 = CARTESIAN_POINT ( 'NONE',  ( 20.49167218244350153, -13.04999999999998117, 11.00000000000000355 ) ) ;
#2326 = VERTEX_POINT ( 'NONE', #491 ) ;
#2327 = DIRECTION ( 'NONE',  ( 4.262219842694856156E-17, -1.000000000000000000, 0.000000000000000000 ) ) ;
#2328 = DIRECTION ( 'NONE',  ( 4.262219842694856156E-17, -1.000000000000000000, 0.000000000000000000 ) ) ;
#2329 = DIRECTION ( 'NONE',  ( 0.000000000000000000, 1.000000000000000000, 0.000000000000000000 ) ) ;
#2330 = EDGE_CURVE ( 'NONE', #3780, #2557, #1958, .T. ) ;
#2331 = ORIENTED_EDGE ( 'NONE', *, *, #2031, .T. ) ;
#2332 = DIRECTION ( 'NONE',  ( 0.000000000000000000, 0.000000000000000000, 1.000000000000000000 ) ) ;
#2333 = DIRECTION ( 'NONE',  ( -1.000000000000000000, 0.000000000000000000, -0.000000000000000000 ) ) ;
#2334 = PLANE ( 'NONE',  #1530 ) ;
#2335 = CARTESIAN_POINT ( 'NONE',  ( 30.50000000000000000, 42.20000000000001705, 19.00000000000000355 ) ) ;
#2336 = EDGE_CURVE ( 'NONE', #1965, #3400, #1124, .T. ) ;
#2337 = CARTESIAN_POINT ( 'NONE',  ( 26.70832781755651908, 11.15000000000001634, 14.50000000000000178 ) ) ;
#2338 = ORIENTED_EDGE ( 'NONE', *, *, #2795, .T. ) ;
#2339 = CARTESIAN_POINT ( 'NONE',  ( -10.50000000000000533, -18.87725054630192645, 2.000000000000001776 ) ) ;
#2340 = CIRCLE ( 'NONE', #624, 2.999999999999999112 ) ;
#2341 = ORIENTED_EDGE ( 'NONE', *, *, #2055, .T. ) ;
#2342 = ORIENTED_EDGE ( 'NONE', *, *, #104, .F. ) ;
#2343 = CARTESIAN_POINT ( 'NONE',  ( 19.80415467363070192, -14.53955279789236066, 14.51461523286297783 ) ) ;
#2344 = CARTESIAN_POINT ( 'NONE',  ( 26.70832781755651908, 27.85000000000001208, 14.50000000000000178 ) ) ;
#2345 = VECTOR ( 'NONE', #2505, 1000.000000000000000 ) ;
#2346 = FACE_OUTER_BOUND ( 'NONE', #1251, .T. ) ;
#2347 = STYLED_ITEM ( 'NONE', ( #1654 ), #2651 ) ;
#2348 = ORIENTED_EDGE ( 'NONE', *, *, #2664, .F. ) ;
#2349 = ORIENTED_EDGE ( 'NONE', *, *, #2137, .F. ) ;
#2350 = VECTOR ( 'NONE', #293, 1000.000000000000000 ) ;
#2351 = CIRCLE ( 'NONE', #637, 3.608327817556510109 ) ;
#2352 = DIRECTION ( 'NONE',  ( 0.000000000000000000, -1.000000000000000000, 0.000000000000000000 ) ) ;
#2353 = EDGE_CURVE ( 'NONE', #1380, #399, #3257, .T. ) ;
#2354 = AXIS2_PLACEMENT_3D ( 'NONE', #3644, #2111, #953 ) ;
#2355 = CARTESIAN_POINT ( 'NONE',  ( 1.499999999999994449, 35.60000000000001563, -6.485281374238573093 ) ) ;
#2356 = DIRECTION ( 'NONE',  ( -0.9626974320074201952, 0.2705802180617025154, 0.000000000000000000 ) ) ;
#2357 = ADVANCED_FACE ( 'NONE', ( #510 ), #1715, .F. ) ;
#2358 = ADVANCED_FACE ( 'NONE', ( #135 ), #2922, .F. ) ;
#2359 = CIRCLE ( 'NONE', #517, 6.608327817556509665 ) ;
#2360 = CARTESIAN_POINT ( 'NONE',  ( 12.58602147782949920, -21.15631835230778179, 3.700000000000001954 ) ) ;
#2361 = ORIENTED_EDGE ( 'NONE', *, *, #3331, .T. ) ;
#2362 = DIRECTION ( 'NONE',  ( -0.000000000000000000, -0.000000000000000000, -1.000000000000000000 ) ) ;
#2363 = VECTOR ( 'NONE', #1677, 1000.000000000000000 ) ;
#2364 = PLANE ( 'NONE',  #2021 ) ;
#2365 = VERTEX_POINT ( 'NONE', #3201 ) ;
#2366 = EDGE_LOOP ( 'NONE', ( #2447, #3784, #1629, #983 ) ) ;
#2367 = CARTESIAN_POINT ( 'NONE',  ( 6.249999271691177860, -18.87149398043249704, 17.50000000000000000 ) ) ;
#2368 = CARTESIAN_POINT ( 'NONE',  ( 26.70832781755651908, 20.35000000000001563, 14.50000000000000178 ) ) ;
#2369 = LINE ( 'NONE', #288, #1212 ) ;
#2370 = EDGE_LOOP ( 'NONE', ( #3717, #1117, #1622, #3074 ) ) ;
#2371 = VERTEX_POINT ( 'NONE', #1680 ) ;
#2372 = AXIS2_PLACEMENT_3D ( 'NONE', #860, #1194, #2453 ) ;
#2373 = EDGE_CURVE ( 'NONE', #2792, #581, #1660, .T. ) ;
#2374 = CARTESIAN_POINT ( 'NONE',  ( 3.152787679158696843, 37.21295574054423128, 3.700000000000001954 ) ) ;
#2375 = LINE ( 'NONE', #3585, #3242 ) ;
#2376 = AXIS2_PLACEMENT_3D ( 'NONE', #2148, #957, #3145 ) ;
#2377 = DIRECTION ( 'NONE',  ( -1.000000000000000000, -1.233215741215739354E-16, 0.000000000000000000 ) ) ;
#2378 = ADVANCED_FACE ( 'NONE', ( #2902 ), #1110, .F. ) ;
#2379 = CARTESIAN_POINT ( 'NONE',  ( 19.49167218244349797, 20.35000000000001563, 14.50000000000000178 ) ) ;
#2380 = CARTESIAN_POINT ( 'NONE',  ( 30.50000000000001066, -42.20000000000001705, 19.00000000000000355 ) ) ;
#2381 = PLANE ( 'NONE',  #502 ) ;
#2382 = ORIENTED_EDGE ( 'NONE', *, *, #1, .F. ) ;
#2383 = EDGE_CURVE ( 'NONE', #2864, #2056, #209, .T. ) ;
#2384 = CARTESIAN_POINT ( 'NONE',  ( 23.10000000000000853, 20.35000000000001563, 17.50000000000000000 ) ) ;
#2385 = VERTEX_POINT ( 'NONE', #2882 ) ;
#2386 = CARTESIAN_POINT ( 'NONE',  ( 11.14999927169117733, -18.87149398043249704, 5.700000000000001954 ) ) ;
#2387 = ORIENTED_EDGE ( 'NONE', *, *, #708, .T. ) ;
#2388 = VERTEX_POINT ( 'NONE', #1365 ) ;
#2389 = CARTESIAN_POINT ( 'NONE',  ( 27.03350818779389186, -0.9499999999999847455, 17.45085037801400674 ) ) ;
#2390 = PLANE ( 'NONE',  #3763 ) ;
#2391 = DIRECTION ( 'NONE',  ( 0.000000000000000000, 0.000000000000000000, -1.000000000000000000 ) ) ;
#2392 = EDGE_CURVE ( 'NONE', #1304, #2126, #1090, .T. ) ;
#2393 = VERTEX_POINT ( 'NONE', #3293 ) ;
#2394 = LINE ( 'NONE', #602, #3793 ) ;
#2395 = AXIS2_PLACEMENT_3D ( 'NONE', #1176, #2715, #3646 ) ;
#2396 = CIRCLE ( 'NONE', #2376, 3.000000000000000000 ) ;
#2397 = DIRECTION ( 'NONE',  ( -1.000000000000000000, 0.000000000000000000, 0.000000000000000000 ) ) ;
#2398 = DIRECTION ( 'NONE',  ( 0.000000000000000000, -1.000000000000000000, 0.000000000000000000 ) ) ;
#2399 = CARTESIAN_POINT ( 'NONE',  ( 1.499999999999994449, 35.60000000000001563, 5.700000000000001954 ) ) ;
#2400 = CARTESIAN_POINT ( 'NONE',  ( 14.39672632399015839, -19.72290239961865055, 2.000000000000001776 ) ) ;
#2401 = FACE_OUTER_BOUND ( 'NONE', #1446, .T. ) ;
#2402 = ORIENTED_EDGE ( 'NONE', *, *, #1137, .F. ) ;
#2403 = PLANE ( 'NONE',  #3693 ) ;
#2404 = VERTEX_POINT ( 'NONE', #12 ) ;
#2405 = DIRECTION ( 'NONE',  ( -0.000000000000000000, 0.000000000000000000, 1.000000000000000000 ) ) ;
#2406 = ORIENTED_EDGE ( 'NONE', *, *, #1766, .T. ) ;
#2407 = ORIENTED_EDGE ( 'NONE', *, *, #2506, .F. ) ;
#2408 = CARTESIAN_POINT ( 'NONE',  ( 20.17710975559209174, -15.18049269178380811, 14.50000000000000000 ) ) ;
#2409 = DIRECTION ( 'NONE',  ( 0.000000000000000000, -0.000000000000000000, -1.000000000000000000 ) ) ;
#2410 = DIRECTION ( 'NONE',  ( 1.000000000000000000, 0.000000000000000000, 0.000000000000000000 ) ) ;
#2411 = EDGE_CURVE ( 'NONE', #2827, #3081, #3317, .T. ) ;
#2412 = VERTEX_POINT ( 'NONE', #2659 ) ;
#2413 = CARTESIAN_POINT ( 'NONE',  ( 1.499999999999994449, 35.60000000000001563, 14.50000000000000178 ) ) ;
#2414 = AXIS2_PLACEMENT_3D ( 'NONE', #190, #806, #2604 ) ;
#2415 = CLOSED_SHELL ( 'NONE', ( #908, #742, #2770, #2639, #194, #450, #3068, #3039, #2074, #658, #1975, #3014, #2518, #2041, #3594, #437, #1993, #2307, #794, #2930, #1317, #1868, #3622, #419, #1375, #3539, #2316, #3067, #2445, #2929, #2358, #1548, #2186, #1183, #365, #2378, #1736, #1709, #1220, #3491, #2061, #237, #2257, #2454, #2003, #2570, #3425, #3648, #1726, #2598, #980, #900, #1663, #2918, #3385, #3502, #804, #2558, #1648, #1420, #1055, #2916, #32, #3846, #888, #1409, #3713, #3187, #2722, #1201, #1119, #535, #2207, #2179, #2728, #1213, #1024, #3168, #1792, #732, #805, #1372, #3218, #939, #3676, #1507, #1922, #798, #779, #1847, #925, #1943, #2435, #840, #1666, #1643, #722, #2971, #94, #2357, #3015, #2461, #223, #607, #2776, #1481, #3852, #357, #1361, #531, #2278, #318, #1902, #1250, #390, #926, #2049, #2006, #1552, #3147, #2190, #3853, #2719, #2888 ) ) ;
#2416 = CARTESIAN_POINT ( 'NONE',  ( 25.70832781755653684, 26.55000000000001492, 19.00000000000000355 ) ) ;
#2417 = DIRECTION ( 'NONE',  ( -1.000000000000000000, 0.000000000000000000, 0.000000000000000000 ) ) ;
#2418 = CIRCLE ( 'NONE', #2478, 2.608327817556509221 ) ;
#2419 = TOROIDAL_SURFACE ( 'NONE', #2028, 6.000000000000000888, 3.000000000000000000 ) ;
#2420 = CARTESIAN_POINT ( 'NONE',  ( -28.99999999999999289, 40.70000000000001705, -104.1362568945129823 ) ) ;
#2421 = FACE_OUTER_BOUND ( 'NONE', #1563, .T. ) ;
#2422 = CARTESIAN_POINT ( 'NONE',  ( 23.10000000000000853, 20.35000000000001563, 11.00000000000000355 ) ) ;
#2423 = CARTESIAN_POINT ( 'NONE',  ( -17.64999999999999858, 32.95000000000001705, 19.00000000000000355 ) ) ;
#2424 = VECTOR ( 'NONE', #1331, 1000.000000000000000 ) ;
#2425 = EDGE_CURVE ( 'NONE', #773, #1072, #923, .T. ) ;
#2426 = DIRECTION ( 'NONE',  ( -1.000000000000000000, 0.000000000000000000, 0.000000000000000000 ) ) ;
#2427 = EDGE_CURVE ( 'NONE', #1101, #1380, #2723, .T. ) ;
#2428 = ORIENTED_EDGE ( 'NONE', *, *, #3908, .T. ) ;
#2429 = ORIENTED_EDGE ( 'NONE', *, *, #1707, .T. ) ;
#2430 = AXIS2_PLACEMENT_3D ( 'NONE', #2283, #3492, #767 ) ;
#2431 = CARTESIAN_POINT ( 'NONE',  ( 3.152787679158696843, 37.21295574054423128, 2.000000000000001776 ) ) ;
#2432 = PLANE ( 'NONE',  #3881 ) ;
#2433 = ORIENTED_EDGE ( 'NONE', *, *, #1000, .F. ) ;
#2434 = LINE ( 'NONE', #917, #2436 ) ;
#2435 = ADVANCED_FACE ( 'NONE', ( #312 ), #3570, .F. ) ;
#2436 = VECTOR ( 'NONE', #5, 1000.000000000000000 ) ;
#2437 = CARTESIAN_POINT ( 'NONE',  ( 25.70832781755651908, -13.04999999999998117, 19.00000000000000355 ) ) ;
#2438 = LINE ( 'NONE', #3019, #451 ) ;
#2439 = LINE ( 'NONE', #3650, #2941 ) ;
#2440 = DIRECTION ( 'NONE',  ( 1.156482317317871725E-15, 0.000000000000000000, 1.000000000000000000 ) ) ;
#2441 = DIRECTION ( 'NONE',  ( -0.4903162587544988571, 0.8715445865823454596, 0.000000000000000000 ) ) ;
#2442 = AXIS2_PLACEMENT_3D ( 'NONE', #1686, #3765, #1947 ) ;
#2443 = EDGE_CURVE ( 'NONE', #2163, #1897, #1702, .T. ) ;
#2444 = CARTESIAN_POINT ( 'NONE',  ( 25.70832781755651908, 27.85000000000001208, 19.00000000000000355 ) ) ;
#2445 = ADVANCED_FACE ( 'NONE', ( #1164 ), #2980, .F. ) ;
#2446 = CARTESIAN_POINT ( 'NONE',  ( 25.70832781755653684, 21.65000000000001279, 19.00000000000000355 ) ) ;
#2447 = ORIENTED_EDGE ( 'NONE', *, *, #1587, .F. ) ;
#2448 = VERTEX_POINT ( 'NONE', #1202 ) ;
#2449 = ORIENTED_EDGE ( 'NONE', *, *, #3788, .F. ) ;
#2450 = CARTESIAN_POINT ( 'NONE',  ( 25.70832781755653684, 21.65000000000000924, 11.00000000000000355 ) ) ;
#2451 = CARTESIAN_POINT ( 'NONE',  ( 16.49167218244350153, 27.85000000000001208, 14.50000000000000178 ) ) ;
#2452 = VERTEX_POINT ( 'NONE', #3023 ) ;
#2453 = DIRECTION ( 'NONE',  ( 1.000000000000000000, 0.000000000000000000, 0.000000000000000000 ) ) ;
#2454 = ADVANCED_FACE ( 'NONE', ( #2401 ), #1457, .T. ) ;
#2455 = VECTOR ( 'NONE', #1063, 1000.000000000000000 ) ;
#2456 = CARTESIAN_POINT ( 'NONE',  ( 10.43929442553052844, -20.30490993312162828, 3.700000000000001954 ) ) ;
#2457 = LINE ( 'NONE', #3093, #1982 ) ;
#2458 = PLANE ( 'NONE',  #3685 ) ;
#2459 = DIRECTION ( 'NONE',  ( -0.000000000000000000, -0.000000000000000000, 1.000000000000000000 ) ) ;
#2460 = CARTESIAN_POINT ( 'NONE',  ( -30.49999999999999645, -42.20000000000001705, 0.000000000000000000 ) ) ;
#2461 = ADVANCED_FACE ( 'NONE', ( #3350 ), #2381, .F. ) ;
#2462 = CARTESIAN_POINT ( 'NONE',  ( 30.50000000000000355, 26.55000000000001492, 19.00000000000000355 ) ) ;
#2463 = ORIENTED_EDGE ( 'NONE', *, *, #3095, .F. ) ;
#2464 = EDGE_LOOP ( 'NONE', ( #1324, #2786, #267, #1171 ) ) ;
#2465 = EDGE_LOOP ( 'NONE', ( #2045, #3800, #1895, #3376, #2036, #2985 ) ) ;
#2466 = CARTESIAN_POINT ( 'NONE',  ( 22.64811706374286615, -0.9499999999999867439, 16.73286506745082391 ) ) ;
#2467 = CARTESIAN_POINT ( 'NONE',  ( -12.51274600669631454, -20.00958744222176833, 3.700000000000001954 ) ) ;
#2468 = EDGE_LOOP ( 'NONE', ( #2766, #3436, #492, #2965, #3301, #305 ) ) ;
#2469 = CARTESIAN_POINT ( 'NONE',  ( 12.24999927169117697, -18.87149398043249704, 17.50000000000000000 ) ) ;
#2470 = CYLINDRICAL_SURFACE ( 'NONE', #2490, 2.999999999999999112 ) ;
#2471 = EDGE_CURVE ( 'NONE', #2326, #1447, #1516, .T. ) ;
#2472 = AXIS2_PLACEMENT_3D ( 'NONE', #1816, #845, #3038 ) ;
#2473 = FACE_OUTER_BOUND ( 'NONE', #1717, .T. ) ;
#2474 = AXIS2_PLACEMENT_3D ( 'NONE', #186, #2917, #1933 ) ;
#2475 = DIRECTION ( 'NONE',  ( 0.000000000000000000, 0.000000000000000000, -1.000000000000000000 ) ) ;
#2476 = CARTESIAN_POINT ( 'NONE',  ( 9.249999271691178748, -18.87149398043249704, 14.50000000000000178 ) ) ;
#2477 = EDGE_CURVE ( 'NONE', #2205, #1763, #608, .T. ) ;
#2478 = AXIS2_PLACEMENT_3D ( 'NONE', #3887, #1475, #1159 ) ;
#2479 = AXIS2_PLACEMENT_3D ( 'NONE', #414, #394, #2804 ) ;
#2480 = DIRECTION ( 'NONE',  ( 0.000000000000000000, 1.000000000000000000, -0.000000000000000000 ) ) ;
#2481 = LINE ( 'NONE', #3118, #3428 ) ;
#2482 = EDGE_CURVE ( 'NONE', #1048, #62, #2743, .T. ) ;
#2483 = VECTOR ( 'NONE', #1812, 1000.000000000000000 ) ;
#2484 = CIRCLE ( 'NONE', #2745, 3.608327817556510109 ) ;
#2485 = CARTESIAN_POINT ( 'NONE',  ( 20.33764032494467955, -15.37150784288578542, 14.50000000000000178 ) ) ;
#2486 = ORIENTED_EDGE ( 'NONE', *, *, #892, .F. ) ;
#2487 = ORIENTED_EDGE ( 'NONE', *, *, #2094, .F. ) ;
#2488 = ORIENTED_EDGE ( 'NONE', *, *, #3739, .T. ) ;
#2489 = DIRECTION ( 'NONE',  ( -0.7156780586066787686, -0.6984303232456158250, 0.000000000000000000 ) ) ;
#2490 = AXIS2_PLACEMENT_3D ( 'NONE', #57, #2516, #2495 ) ;
#2491 = FACE_OUTER_BOUND ( 'NONE', #838, .T. ) ;
#2492 = VECTOR ( 'NONE', #2134, 1000.000000000000000 ) ;
#2493 = ORIENTED_EDGE ( 'NONE', *, *, #1095, .F. ) ;
#2494 = DIRECTION ( 'NONE',  ( -0.000000000000000000, 2.312964634635742957E-16, 1.000000000000000000 ) ) ;
#2495 = DIRECTION ( 'NONE',  ( 1.000000000000000000, 0.000000000000000000, 0.000000000000000000 ) ) ;
#2496 = CIRCLE ( 'NONE', #3701, 2.608327817556509221 ) ;
#2497 = ORIENTED_EDGE ( 'NONE', *, *, #1351, .T. ) ;
#2498 = EDGE_CURVE ( 'NONE', #540, #3362, #3934, .T. ) ;
#2499 = LINE ( 'NONE', #3071, #2676 ) ;
#2500 = PLANE ( 'NONE',  #1407 ) ;
#2501 = LINE ( 'NONE', #2522, #2988 ) ;
#2502 = EDGE_CURVE ( 'NONE', #1987, #1661, #276, .T. ) ;
#2503 = CARTESIAN_POINT ( 'NONE',  ( 28.99999999999999645, -3.019048879122136750E-17, 17.41517953184287038 ) ) ;
#2504 = DIRECTION ( 'NONE',  ( 0.000000000000000000, -1.156482317317871478E-16, -1.000000000000000000 ) ) ;
#2505 = DIRECTION ( 'NONE',  ( 0.000000000000000000, 0.000000000000000000, 1.000000000000000000 ) ) ;
#2506 = EDGE_CURVE ( 'NONE', #2591, #3855, #1704, .T. ) ;
#2507 = ORIENTED_EDGE ( 'NONE', *, *, #3587, .F. ) ;
#2508 = ORIENTED_EDGE ( 'NONE', *, *, #3064, .T. ) ;
#2509 = PRODUCT_RELATED_PRODUCT_CATEGORY ( 'part', '', ( #2662 ) ) ;
#2510 = VERTEX_POINT ( 'NONE', #1224 ) ;
#2511 = CIRCLE ( 'NONE', #3207, 5.999999999999998224 ) ;
#2512 = DIRECTION ( 'NONE',  ( -0.000000000000000000, 0.000000000000000000, 1.000000000000000000 ) ) ;
#2513 = DIRECTION ( 'NONE',  ( -0.000000000000000000, -1.000000000000000000, -0.000000000000000000 ) ) ;
#2514 = ORIENTED_EDGE ( 'NONE', *, *, #3270, .T. ) ;
#2515 = DIRECTION ( 'NONE',  ( 0.000000000000000000, -1.000000000000000000, 0.000000000000000000 ) ) ;
#2516 = DIRECTION ( 'NONE',  ( -0.000000000000000000, -0.000000000000000000, 1.000000000000000000 ) ) ;
#2517 = EDGE_CURVE ( 'NONE', #2749, #62, #3652, .T. ) ;
#2518 = ADVANCED_FACE ( 'NONE', ( #3914 ), #2963, .F. ) ;
#2519 = EDGE_LOOP ( 'NONE', ( #3626, #500, #1588, #17 ) ) ;
#2520 = DIRECTION ( 'NONE',  ( -0.000000000000000000, -0.000000000000000000, 1.000000000000000000 ) ) ;
#2521 = CARTESIAN_POINT ( 'NONE',  ( 28.99999999999999645, -3.019048879122136750E-17, 17.41517953184287038 ) ) ;
#2522 = CARTESIAN_POINT ( 'NONE',  ( 14.39672632399015839, -19.72290239961865055, 3.700000000000001954 ) ) ;
#2523 = LINE ( 'NONE', #1980, #3379 ) ;
#2524 = VECTOR ( 'NONE', #2319, 1000.000000000000000 ) ;
#2525 = CARTESIAN_POINT ( 'NONE',  ( 27.84447010152781132, 15.75000000000001421, 17.50000000000000000 ) ) ;
#2526 = CARTESIAN_POINT ( 'NONE',  ( 17.65160037462975140, -16.24853502167609065, 17.49999999996988365 ) ) ;
#2527 = ORIENTED_EDGE ( 'NONE', *, *, #2775, .F. ) ;
#2528 = VERTEX_POINT ( 'NONE', #1297 ) ;
#2529 = VERTEX_POINT ( 'NONE', #2781 ) ;
#2530 = CARTESIAN_POINT ( 'NONE',  ( 29.00000000000000000, -40.70000000000001705, 0.000000000000000000 ) ) ;
#2531 = ADVANCED_BREP_SHAPE_REPRESENTATION ( 'Bottom_Cover', ( #2651, #3143 ), #3783 ) ;
#2532 = ORIENTED_EDGE ( 'NONE', *, *, #3131, .F. ) ;
#2533 = DIRECTION ( 'NONE',  ( -0.6433749815053902976, 0.7655511956577030208, 2.427562974224944756E-15 ) ) ;
#2534 = DIRECTION ( 'NONE',  ( 0.000000000000000000, 0.000000000000000000, 1.000000000000000000 ) ) ;
#2535 = DIRECTION ( 'NONE',  ( -0.000000000000000000, 0.000000000000000000, 1.000000000000000000 ) ) ;
#2536 = EDGE_CURVE ( 'NONE', #2056, #1048, #2540, .T. ) ;
#2537 = ORIENTED_EDGE ( 'NONE', *, *, #3352, .F. ) ;
#2538 = DIRECTION ( 'NONE',  ( 1.000000000000000000, 0.000000000000000000, 0.000000000000000000 ) ) ;
#2539 = DIRECTION ( 'NONE',  ( 1.000000000000000000, -0.000000000000000000, 0.000000000000000000 ) ) ;
#2540 = LINE ( 'NONE', #3429, #1080 ) ;
#2541 = VERTEX_POINT ( 'NONE', #645 ) ;
#2542 = AXIS2_PLACEMENT_3D ( 'NONE', #1064, #109, #1316 ) ;
#2543 = LINE ( 'NONE', #2899, #395 ) ;
#2544 = LINE ( 'NONE', #1916, #1894 ) ;
#2545 = CARTESIAN_POINT ( 'NONE',  ( 20.04412084869079891, -14.97273761069604348, 14.51169734729268335 ) ) ;
#2546 = ORIENTED_EDGE ( 'NONE', *, *, #1670, .F. ) ;
#2547 = ORIENTED_EDGE ( 'NONE', *, *, #1362, .T. ) ;
#2548 = ORIENTED_EDGE ( 'NONE', *, *, #791, .F. ) ;
#2549 = CARTESIAN_POINT ( 'NONE',  ( -12.51274600669631454, -20.00958744222176833, 3.700000000000001954 ) ) ;
#2550 = EDGE_CURVE ( 'NONE', #3267, #2260, #2501, .T. ) ;
#2551 = VECTOR ( 'NONE', #2504, 1000.000000000000000 ) ;
#2552 = ORIENTED_EDGE ( 'NONE', *, *, #1761, .T. ) ;
#2553 = LINE ( 'NONE', #1700, #1859 ) ;
#2554 = CARTESIAN_POINT ( 'NONE',  ( -30.50000000000000711, 42.20000000000001705, 19.00000000000000355 ) ) ;
#2555 = DIRECTION ( 'NONE',  ( 1.000000000000000000, 0.000000000000000000, 0.000000000000000000 ) ) ;
#2556 = VECTOR ( 'NONE', #1584, 1000.000000000000000 ) ;
#2557 = VERTEX_POINT ( 'NONE', #29 ) ;
#2558 = ADVANCED_FACE ( 'NONE', ( #1592 ), #1256, .T. ) ;
#2559 = AXIS2_PLACEMENT_3D ( 'NONE', #2355, #2703, #3833 ) ;
#2560 = CARTESIAN_POINT ( 'NONE',  ( 28.99999999999999645, 9.850000000000004974, -104.1362568945129823 ) ) ;
#2561 = CARTESIAN_POINT ( 'NONE',  ( 25.70832781755651908, 11.15000000000001634, 11.00000000000000355 ) ) ;
#2562 = DIRECTION ( 'NONE',  ( -0.000000000000000000, 0.000000000000000000, 1.000000000000000000 ) ) ;
#2563 = EDGE_LOOP ( 'NONE', ( #2208, #2903, #111, #2143 ) ) ;
#2564 = LINE ( 'NONE', #3754, #2038 ) ;
#2565 = DIRECTION ( 'NONE',  ( -1.426192198154054644E-32, 1.156482317317871478E-16, 1.000000000000000000 ) ) ;
#2566 = DIRECTION ( 'NONE',  ( 0.000000000000000000, 0.000000000000000000, -1.000000000000000000 ) ) ;
#2567 = VERTEX_POINT ( 'NONE', #2476 ) ;
#2568 = EDGE_LOOP ( 'NONE', ( #3645, #2212 ) ) ;
#2569 = ORIENTED_EDGE ( 'NONE', *, *, #786, .F. ) ;
#2570 = ADVANCED_FACE ( 'NONE', ( #1279 ), #347, .F. ) ;
#2571 = APPLICATION_PROTOCOL_DEFINITION ( 'draft international standard', 'automotive_design', 1998, #1476 ) ;
#2572 = EDGE_LOOP ( 'NONE', ( #3268, #281, #2537, #2170 ) ) ;
#2573 = ORIENTED_EDGE ( 'NONE', *, *, #1103, .F. ) ;
#2574 = AXIS2_PLACEMENT_3D ( 'NONE', #3506, #1114, #2327 ) ;
#2575 = CARTESIAN_POINT ( 'NONE',  ( 7.499999999999995559, 35.60000000000001563, 14.50000000000000178 ) ) ;
#2576 = DIRECTION ( 'NONE',  ( 1.000000000000000000, 0.000000000000000000, 0.000000000000000000 ) ) ;
#2577 = DIRECTION ( 'NONE',  ( -0.000000000000000000, 0.000000000000000000, 1.000000000000000000 ) ) ;
#2578 = ORIENTED_EDGE ( 'NONE', *, *, #259, .F. ) ;
#2579 = LINE ( 'NONE', #781, #2271 ) ;
#2580 = CARTESIAN_POINT ( 'NONE',  ( 28.99999999999999645, 3.650000000000008349, 17.41517953184287038 ) ) ;
#2581 = LINE ( 'NONE', #1710, #1833 ) ;
#2582 = EDGE_LOOP ( 'NONE', ( #2907, #3206, #3194, #3781 ) ) ;
#2583 = DIRECTION ( 'NONE',  ( 0.000000000000000000, 0.000000000000000000, 1.000000000000000000 ) ) ;
#2584 = DIRECTION ( 'NONE',  ( 0.000000000000000000, -1.000000000000000000, 0.000000000000000000 ) ) ;
#2585 = DIRECTION ( 'NONE',  ( -0.2470193734007391229, 0.9690105413073204499, 0.000000000000000000 ) ) ;
#2586 = EDGE_LOOP ( 'NONE', ( #1978, #724, #2264, #322, #1959, #1146, #373, #1062, #418, #3704, #2732, #1081 ) ) ;
#2587 = VERTEX_POINT ( 'NONE', #1028 ) ;
#2588 = VECTOR ( 'NONE', #3485, 1000.000000000000000 ) ;
#2589 = CARTESIAN_POINT ( 'NONE',  ( 12.24999927169117697, -18.87149398043249704, 3.700000000000001954 ) ) ;
#2590 = EDGE_CURVE ( 'NONE', #2686, #2412, #2801, .T. ) ;
#2591 = VERTEX_POINT ( 'NONE', #1534 ) ;
#2592 = DIRECTION ( 'NONE',  ( 0.000000000000000000, 0.000000000000000000, -1.000000000000000000 ) ) ;
#2593 = DIRECTION ( 'NONE',  ( 0.9626974320074201952, -0.2705802180617025154, 0.000000000000000000 ) ) ;
#2594 = DIRECTION ( 'NONE',  ( 0.000000000000000000, -0.000000000000000000, -1.000000000000000000 ) ) ;
#2595 = ORIENTED_EDGE ( 'NONE', *, *, #3337, .T. ) ;
#2596 = LINE ( 'NONE', #2915, #2136 ) ;
#2597 = CARTESIAN_POINT ( 'NONE',  ( -8.487253993303687238, -17.74491365038208457, 2.000000000000001776 ) ) ;
#2598 = ADVANCED_FACE ( 'NONE', ( #1004 ), #3730, .T. ) ;
#2599 = EDGE_CURVE ( 'NONE', #3126, #1284, #3814, .T. ) ;
#2600 = CARTESIAN_POINT ( 'NONE',  ( 29.70832781755651908, -11.74999999999998046, 14.50000000000000178 ) ) ;
#2601 = ORIENTED_EDGE ( 'NONE', *, *, #1879, .T. ) ;
#2602 = LINE ( 'NONE', #1614, #2815 ) ;
#2603 = CARTESIAN_POINT ( 'NONE',  ( 4.499999999999995559, 35.60000000000001563, -6.485281374238573093 ) ) ;
#2604 = DIRECTION ( 'NONE',  ( -1.000000000000000000, 0.000000000000000000, 0.000000000000000000 ) ) ;
#2605 = ORIENTED_EDGE ( 'NONE', *, *, #3531, .F. ) ;
#2606 = ORIENTED_EDGE ( 'NONE', *, *, #1913, .T. ) ;
#2607 = AXIS2_PLACEMENT_3D ( 'NONE', #300, #550, #3596 ) ;
#2608 = EDGE_CURVE ( 'NONE', #335, #1101, #3114, .T. ) ;
#2609 = ORIENTED_EDGE ( 'NONE', *, *, #2921, .F. ) ;
#2610 = VECTOR ( 'NONE', #513, 1000.000000000000000 ) ;
#2611 = ORIENTED_EDGE ( 'NONE', *, *, #3450, .F. ) ;
#2612 = LINE ( 'NONE', #2275, #24 ) ;
#2613 = AXIS2_PLACEMENT_3D ( 'NONE', #10, #1223, #2440 ) ;
#2614 = PLANE ( 'NONE',  #709 ) ;
#2615 = CARTESIAN_POINT ( 'NONE',  ( 23.10000000000000853, 11.15000000000001634, 11.00000000000000355 ) ) ;
#2616 = AXIS2_PLACEMENT_3D ( 'NONE', #3283, #3246, #3580 ) ;
#2617 = ORIENTED_EDGE ( 'NONE', *, *, #1298, .F. ) ;
#2618 = EDGE_CURVE ( 'NONE', #2666, #2529, #1242, .T. ) ;
#2619 = LINE ( 'NONE', #486, #359 ) ;
#2620 = CIRCLE ( 'NONE', #1585, 2.999999999999999112 ) ;
#2621 = CARTESIAN_POINT ( 'NONE',  ( -28.99999999999999289, 40.70000000000001705, 17.50000000000000000 ) ) ;
#2622 = EDGE_CURVE ( 'NONE', #541, #1286, #3369, .T. ) ;
#2623 = AXIS2_PLACEMENT_3D ( 'NONE', #1030, #2860, #1634 ) ;
#2624 = CARTESIAN_POINT ( 'NONE',  ( 29.00000000000000000, -11.74999999999999645, -104.1362568945129823 ) ) ;
#2625 = CARTESIAN_POINT ( 'NONE',  ( -8.487253993303689015, -17.74491365038208457, 3.700000000000001954 ) ) ;
#2626 = AXIS2_PLACEMENT_3D ( 'NONE', #2214, #1337, #2877 ) ;
#2627 = CARTESIAN_POINT ( 'NONE',  ( 28.99999999999999645, 4.950000000000009948, 17.41517953184286327 ) ) ;
#2628 = EDGE_LOOP ( 'NONE', ( #2493, #434, #529, #1939 ) ) ;
#2629 = CARTESIAN_POINT ( 'NONE',  ( -10.52574048583916699, -21.18650816742653475, 2.000000000000001776 ) ) ;
#2630 = EDGE_CURVE ( 'NONE', #2163, #3875, #686, .T. ) ;
#2631 = ORIENTED_EDGE ( 'NONE', *, *, #546, .T. ) ;
#2632 = ORIENTED_EDGE ( 'NONE', *, *, #299, .F. ) ;
#2633 = CARTESIAN_POINT ( 'NONE',  ( 20.36076199804813669, 15.75000000000001776, 17.22743477056093653 ) ) ;
#2634 = CARTESIAN_POINT ( 'NONE',  ( -21.24999999999999645, 32.95000000000001705, 19.00000000000000355 ) ) ;
#2635 = PLANE ( 'NONE',  #2936 ) ;
#2636 = AXIS2_PLACEMENT_3D ( 'NONE', #3189, #739, #497 ) ;
#2637 = ORIENTED_EDGE ( 'NONE', *, *, #680, .T. ) ;
#2638 = CARTESIAN_POINT ( 'NONE',  ( 35.70832781755653684, 9.850000000000017408, 19.00000000000000355 ) ) ;
#2639 = ADVANCED_FACE ( 'NONE', ( #3073 ), #1016, .F. ) ;
#2640 = EDGE_CURVE ( 'NONE', #2388, #2992, #2944, .T. ) ;
#2641 = DIRECTION ( 'NONE',  ( 0.8603986292611132125, -0.5096216231338672742, 0.000000000000000000 ) ) ;
#2642 = DIRECTION ( 'NONE',  ( 0.000000000000000000, 0.000000000000000000, -1.000000000000000000 ) ) ;
#2643 = FACE_OUTER_BOUND ( 'NONE', #1985, .T. ) ;
#2644 = ORIENTED_EDGE ( 'NONE', *, *, #2392, .T. ) ;
#2645 = EDGE_LOOP ( 'NONE', ( #3582, #2387, #2884, #2768 ) ) ;
#2646 = ORIENTED_EDGE ( 'NONE', *, *, #204, .F. ) ;
#2647 = ORIENTED_EDGE ( 'NONE', *, *, #280, .F. ) ;
#2648 = CARTESIAN_POINT ( 'NONE',  ( 12.24999927169117697, -18.87149398043249704, 5.700000000000001954 ) ) ;
#2649 = CARTESIAN_POINT ( 'NONE',  ( 23.10000000000000853, 3.650000000000009237, 14.50000000000000178 ) ) ;
#2650 = DIRECTION ( 'NONE',  ( 0.000000000000000000, 0.000000000000000000, 1.000000000000000000 ) ) ;
#2651 = MANIFOLD_SOLID_BREP ( 'Cut-Extrude4', #2415 ) ;
#2652 = ORIENTED_EDGE ( 'NONE', *, *, #3839, .F. ) ;
#2653 = ORIENTED_EDGE ( 'NONE', *, *, #823, .F. ) ;
#2654 = CARTESIAN_POINT ( 'NONE',  ( 23.10000000000000853, 27.85000000000001208, 19.00000000000000355 ) ) ;
#2655 = EDGE_CURVE ( 'NONE', #2808, #1924, #2822, .T. ) ;
#2656 = CARTESIAN_POINT ( 'NONE',  ( 23.10000000000000853, 27.85000000000001208, 17.50000000000000000 ) ) ;
#2657 = DIRECTION ( 'NONE',  ( 1.000000000000000000, 0.000000000000000000, 0.000000000000000000 ) ) ;
#2658 = DIRECTION ( 'NONE',  ( 0.000000000000000000, -1.156482317317871478E-16, -1.000000000000000000 ) ) ;
#2659 = CARTESIAN_POINT ( 'NONE',  ( 25.70832781755653684, 4.950000000000009059, 19.00000000000000355 ) ) ;
#2660 = ORIENTED_EDGE ( 'NONE', *, *, #3531, .T. ) ;
#2661 = CARTESIAN_POINT ( 'NONE',  ( 19.49167218244349797, 0.000000000000000000, 11.00000000000000355 ) ) ;
#2662 = PRODUCT ( 'Bottom_Cover', 'Bottom_Cover', '', ( #1683 ) ) ;
#2663 = VERTEX_POINT ( 'NONE', #169 ) ;
#2664 = EDGE_CURVE ( 'NONE', #1054, #1355, #443, .T. ) ;
#2665 = AXIS2_PLACEMENT_3D ( 'NONE', #1917, #3697, #3435 ) ;
#2666 = VERTEX_POINT ( 'NONE', #764 ) ;
#2667 = VERTEX_POINT ( 'NONE', #1047 ) ;
#2668 = FACE_OUTER_BOUND ( 'NONE', #3571, .T. ) ;
#2669 = AXIS2_PLACEMENT_3D ( 'NONE', #2896, #2562, #449 ) ;
#2670 = CARTESIAN_POINT ( 'NONE',  ( -30.49999999999999645, -42.20000000000001705, 19.00000000000000355 ) ) ;
#2671 = DIRECTION ( 'NONE',  ( 0.9999378818883667419, -0.01114595732123251429, 0.000000000000000000 ) ) ;
#2672 = ORIENTED_EDGE ( 'NONE', *, *, #3836, .F. ) ;
#2673 = VECTOR ( 'NONE', #3001, 1000.000000000000114 ) ;
#2674 = ORIENTED_EDGE ( 'NONE', *, *, #3252, .T. ) ;
#2675 = CARTESIAN_POINT ( 'NONE',  ( 14.06070411785182728, -17.43807802774336935, 3.700000000000001954 ) ) ;
#2676 = VECTOR ( 'NONE', #3747, 1000.000000000000000 ) ;
#2677 = AXIS2_PLACEMENT_3D ( 'NONE', #2022, #520, #2953 ) ;
#2678 = LINE ( 'NONE', #2736, #3366 ) ;
#2679 = EDGE_CURVE ( 'NONE', #1984, #2816, #3940, .T. ) ;
#2680 = VECTOR ( 'NONE', #362, 1000.000000000000000 ) ;
#2681 = DIRECTION ( 'NONE',  ( -1.000000000000000000, 0.000000000000000000, 0.000000000000000000 ) ) ;
#2682 = CARTESIAN_POINT ( 'NONE',  ( -10.50000000000000533, -18.87725054630192645, 5.700000000000001954 ) ) ;
#2683 = DIRECTION ( 'NONE',  ( 0.000000000000000000, 0.000000000000000000, 1.000000000000000000 ) ) ;
#2684 = VECTOR ( 'NONE', #1166, 1000.000000000000000 ) ;
#2685 = CARTESIAN_POINT ( 'NONE',  ( 30.50000000000000000, -42.20000000000001705, 0.000000000000000000 ) ) ;
#2686 = VERTEX_POINT ( 'NONE', #504 ) ;
#2687 = EDGE_LOOP ( 'NONE', ( #3604, #2606, #707, #2289 ) ) ;
#2688 = AXIS2_PLACEMENT_3D ( 'NONE', #350, #2409, #3879 ) ;
#2689 = CARTESIAN_POINT ( 'NONE',  ( 25.70832781755650487, -1.189249061152609716E-14, 11.00000000000000355 ) ) ;
#2690 = EDGE_CURVE ( 'NONE', #2015, #2452, #3489, .T. ) ;
#2691 = ORIENTED_EDGE ( 'NONE', *, *, #3804, .T. ) ;
#2692 = FACE_OUTER_BOUND ( 'NONE', #1955, .T. ) ;
#2693 = ORIENTED_EDGE ( 'NONE', *, *, #2913, .F. ) ;
#2694 = ORIENTED_EDGE ( 'NONE', *, *, #2116, .F. ) ;
#2695 = DIRECTION ( 'NONE',  ( 1.000000000000000000, 0.000000000000000000, -0.000000000000000000 ) ) ;
#2696 = CARTESIAN_POINT ( 'NONE',  ( 30.50000000000000000, -42.20000000000001705, 0.000000000000000000 ) ) ;
#2697 = DIRECTION ( 'NONE',  ( 1.000000000000000000, -1.387778780781445676E-15, 0.000000000000000000 ) ) ;
#2698 = ORIENTED_EDGE ( 'NONE', *, *, #3022, .T. ) ;
#2699 = CARTESIAN_POINT ( 'NONE',  ( 28.99999999999999645, 26.55000000000001847, 17.41517953184287748 ) ) ;
#2700 = LINE ( 'NONE', #3311, #2931 ) ;
#2701 = AXIS2_PLACEMENT_3D ( 'NONE', #2085, #3902, #2968 ) ;
#2702 = DIRECTION ( 'NONE',  ( 0.000000000000000000, 0.000000000000000000, 1.000000000000000000 ) ) ;
#2703 = DIRECTION ( 'NONE',  ( -0.000000000000000000, -0.000000000000000000, 1.000000000000000000 ) ) ;
#2704 = LINE ( 'NONE', #1480, #448 ) ;
#2705 = DIRECTION ( 'NONE',  ( -0.000000000000000000, -0.000000000000000000, -1.000000000000000000 ) ) ;
#2706 = LINE ( 'NONE', #549, #947 ) ;
#2707 = DIRECTION ( 'NONE',  ( -0.000000000000000000, 0.000000000000000000, 1.000000000000000000 ) ) ;
#2708 = EDGE_CURVE ( 'NONE', #1230, #3109, #1450, .T. ) ;
#2709 = CARTESIAN_POINT ( 'NONE',  ( 20.49167218244350153, 3.650000000000009681, 19.00000000000000355 ) ) ;
#2710 = EDGE_LOOP ( 'NONE', ( #558, #2406, #1462, #1441, #3099, #1575, #2948, #3884, #1756, #3523, #629, #790 ) ) ;
#2711 = ORIENTED_EDGE ( 'NONE', *, *, #2590, .T. ) ;
#2712 = CARTESIAN_POINT ( 'NONE',  ( 19.49167218244349797, 11.15000000000001634, 11.00000000000000355 ) ) ;
#2713 = CARTESIAN_POINT ( 'NONE',  ( 23.10000000000000853, 3.650000000000009237, 19.00000000000000355 ) ) ;
#2714 = ORIENTED_EDGE ( 'NONE', *, *, #2608, .F. ) ;
#2715 = DIRECTION ( 'NONE',  ( -0.000000000000000000, -1.000000000000000000, 1.156482317317871478E-16 ) ) ;
#2716 = AXIS2_PLACEMENT_3D ( 'NONE', #2638, #2893, #166 ) ;
#2717 = CARTESIAN_POINT ( 'NONE',  ( 16.49167218244350153, -13.04999999999998117, 17.50000000000000000 ) ) ;
#2718 = DIRECTION ( 'NONE',  ( -1.000000000000000000, 0.000000000000000000, 0.000000000000000000 ) ) ;
#2719 = ADVANCED_FACE ( 'NONE', ( #3173 ), #1691, .F. ) ;
#2720 = DIRECTION ( 'NONE',  ( -0.000000000000000000, 0.000000000000000000, 1.000000000000000000 ) ) ;
#2721 = CARTESIAN_POINT ( 'NONE',  ( 26.70832781755651908, -5.549999999999982059, 11.00000000000000355 ) ) ;
#2722 = ADVANCED_FACE ( 'NONE', ( #1632 ), #782, .F. ) ;
#2723 = LINE ( 'NONE', #1797, #3238 ) ;
#2724 = FACE_OUTER_BOUND ( 'NONE', #2586, .T. ) ;
#2725 = CARTESIAN_POINT ( 'NONE',  ( 19.49167218244349797, 0.000000000000000000, 14.50000000000000178 ) ) ;
#2726 = ORIENTED_EDGE ( 'NONE', *, *, #516, .F. ) ;
#2727 = ORIENTED_EDGE ( 'NONE', *, *, #70, .F. ) ;
#2728 = ADVANCED_FACE ( 'NONE', ( #2300 ), #759, .F. ) ;
#2729 = DIRECTION ( 'NONE',  ( -1.000000000000000000, 0.000000000000000000, 0.000000000000000000 ) ) ;
#2730 = DIRECTION ( 'NONE',  ( -0.01114595732123248133, -0.9999378818883667419, 0.000000000000000000 ) ) ;
#2731 = PRODUCT_DEFINITION_SHAPE ( 'NONE', 'NONE',  #1964 ) ;
#2732 = ORIENTED_EDGE ( 'NONE', *, *, #495, .T. ) ;
#2733 = DIRECTION ( 'NONE',  ( 0.000000000000000000, 0.000000000000000000, 1.000000000000000000 ) ) ;
#2734 = CIRCLE ( 'NONE', #1890, 6.608327817556509665 ) ;
#2735 = VECTOR ( 'NONE', #2459, 1000.000000000000000 ) ;
#2736 = CARTESIAN_POINT ( 'NONE',  ( 25.70832781755651908, 0.000000000000000000, 11.00000000000000355 ) ) ;
#2737 = EDGE_CURVE ( 'NONE', #34, #1438, #429, .T. ) ;
#2738 = CARTESIAN_POINT ( 'NONE',  ( -28.99999999999999289, -40.70000000000001705, 17.50000000000000000 ) ) ;
#2739 = VECTOR ( 'NONE', #2997, 1000.000000000000000 ) ;
#2740 = AXIS2_PLACEMENT_3D ( 'NONE', #3933, #1182, #2683 ) ;
#2741 = DIRECTION ( 'NONE',  ( 0.000000000000000000, 1.000000000000000000, -0.000000000000000000 ) ) ;
#2742 = DIRECTION ( 'NONE',  ( 0.000000000000000000, 0.000000000000000000, -1.000000000000000000 ) ) ;
#2743 = LINE ( 'NONE', #1774, #563 ) ;
#2744 = ORIENTED_EDGE ( 'NONE', *, *, #3046, .T. ) ;
#2745 = AXIS2_PLACEMENT_3D ( 'NONE', #180, #121, #1019 ) ;
#2746 = DIRECTION ( 'NONE',  ( 1.000000000000000000, -0.000000000000000000, 0.000000000000000000 ) ) ;
#2747 = VECTOR ( 'NONE', #1722, 1000.000000000000000 ) ;
#2748 = LINE ( 'NONE', #2057, #3108 ) ;
#2749 = VERTEX_POINT ( 'NONE', #1397 ) ;
#2750 = EDGE_LOOP ( 'NONE', ( #2727, #1782, #599, #780 ) ) ;
#2751 = VERTEX_POINT ( 'NONE', #2621 ) ;
#2752 = AXIS2_PLACEMENT_3D ( 'NONE', #578, #2782, #668 ) ;
#2753 = LINE ( 'NONE', #3357, #2259 ) ;
#2754 = EDGE_CURVE ( 'NONE', #3686, #3397, #2581, .T. ) ;
#2755 = CARTESIAN_POINT ( 'NONE',  ( 23.10000000000000853, 11.15000000000001634, 19.00000000000000355 ) ) ;
#2756 = EDGE_LOOP ( 'NONE', ( #1348, #2552 ) ) ;
#2757 = FACE_OUTER_BOUND ( 'NONE', #3795, .T. ) ;
#2758 = PLANE ( 'NONE',  #2159 ) ;
#2759 = EDGE_CURVE ( 'NONE', #2260, #421, #1415, .T. ) ;
#2760 = LINE ( 'NONE', #1255, #1096 ) ;
#2761 = LINE ( 'NONE', #246, #3627 ) ;
#2762 = DIRECTION ( 'NONE',  ( -1.000000000000000000, -1.233215741215739354E-16, 0.000000000000000000 ) ) ;
#2763 = AXIS2_PLACEMENT_3D ( 'NONE', #1623, #1017, #3419 ) ;
#2764 = DIRECTION ( 'NONE',  ( -0.000000000000000000, 0.000000000000000000, 1.000000000000000000 ) ) ;
#2765 = FACE_OUTER_BOUND ( 'NONE', #1619, .T. ) ;
#2766 = ORIENTED_EDGE ( 'NONE', *, *, #1103, .T. ) ;
#2767 = ORIENTED_EDGE ( 'NONE', *, *, #3577, .T. ) ;
#2768 = ORIENTED_EDGE ( 'NONE', *, *, #2830, .F. ) ;
#2769 = LINE ( 'NONE', #1860, #1044 ) ;
#2770 = ADVANCED_FACE ( 'NONE', ( #2975 ), #2070, .F. ) ;
#2771 = DIRECTION ( 'NONE',  ( 1.000000000000000000, 0.000000000000000000, 0.000000000000000000 ) ) ;
#2772 = ORIENTED_EDGE ( 'NONE', *, *, #3487, .T. ) ;
#2773 = DIRECTION ( 'NONE',  ( 4.262219842694856156E-17, -1.000000000000000000, -0.000000000000000000 ) ) ;
#2774 = LINE ( 'NONE', #740, #3124 ) ;
#2775 = EDGE_CURVE ( 'NONE', #1101, #3132, #3332, .T. ) ;
#2776 = ADVANCED_FACE ( 'NONE', ( #3606, #842 ), #243, .T. ) ;
#2777 = EDGE_CURVE ( 'NONE', #2992, #2326, #543, .T. ) ;
#2778 = DIRECTION ( 'NONE',  ( 0.000000000000000000, 0.000000000000000000, 1.000000000000000000 ) ) ;
#2779 = B_SPLINE_CURVE_WITH_KNOTS ( 'NONE', 3,
 ( #3547, #821, #1749, #489, #2977, #1454 ),
 .UNSPECIFIED., .F., .F.,
 ( 4, 2, 4 ),
 ( 0.02165560397824694422, 0.02314812476962690990, 0.02464064556100687212 ),
 .UNSPECIFIED. ) ;
#2780 = LINE ( 'NONE', #3334, #1846 ) ;
#2781 = CARTESIAN_POINT ( 'NONE',  ( -12.48700552085715643, -17.70032982109715647, 2.000000000000001776 ) ) ;
#2782 = DIRECTION ( 'NONE',  ( -1.445602896647339656E-16, -1.000000000000000000, 0.000000000000000000 ) ) ;
#2783 = CARTESIAN_POINT ( 'NONE',  ( 30.50000000000000000, 21.65000000000000213, 0.000000000000000000 ) ) ;
#2784 = LINE ( 'NONE', #1051, #3422 ) ;
#2785 = VERTEX_POINT ( 'NONE', #1451 ) ;
#2786 = ORIENTED_EDGE ( 'NONE', *, *, #3614, .F. ) ;
#2787 = ORIENTED_EDGE ( 'NONE', *, *, #3288, .F. ) ;
#2788 = LINE ( 'NONE', #3440, #1862 ) ;
#2789 = DIRECTION ( 'NONE',  ( -0.9999378818883667419, 0.01114595732123248133, 0.000000000000000000 ) ) ;
#2790 = EDGE_CURVE ( 'NONE', #1447, #1042, #130, .T. ) ;
#2791 = EDGE_CURVE ( 'NONE', #254, #122, #3289, .T. ) ;
#2792 = VERTEX_POINT ( 'NONE', #2416 ) ;
#2793 = DIRECTION ( 'NONE',  ( 0.000000000000000000, 0.000000000000000000, 1.000000000000000000 ) ) ;
#2794 = DIRECTION ( 'NONE',  ( 1.000000000000000000, 0.000000000000000000, 0.000000000000000000 ) ) ;
#2795 = EDGE_CURVE ( 'NONE', #2015, #2667, #2678, .T. ) ;
#2796 = TOROIDAL_SURFACE ( 'NONE', #1449, 6.608327817556510553, 3.000000000000000000 ) ;
#2797 = VERTEX_POINT ( 'NONE', #3866 ) ;
#2798 = CARTESIAN_POINT ( 'NONE',  ( -0.1527876791587042538, 33.98704425945579999, 3.700000000000001954 ) ) ;
#2799 = DIRECTION ( 'NONE',  ( -1.000000000000000000, 0.000000000000000000, -0.000000000000000000 ) ) ;
#2800 = EDGE_CURVE ( 'NONE', #2385, #408, #3494, .T. ) ;
#2801 = LINE ( 'NONE', #2198, #1203 ) ;
#2802 = VECTOR ( 'NONE', #3256, 1000.000000000000000 ) ;
#2803 = CARTESIAN_POINT ( 'NONE',  ( 29.00000000000000000, -5.549999999999982059, 17.41517953184287038 ) ) ;
#2804 = DIRECTION ( 'NONE',  ( 0.7840581977653587886, 0.6206873146093268012, 0.000000000000000000 ) ) ;
#2805 = VECTOR ( 'NONE', #2912, 1000.000000000000000 ) ;
#2806 = CARTESIAN_POINT ( 'NONE',  ( 17.98691608390004504, -17.10217405972549187, 17.50000000000000000 ) ) ;
#2807 = ORIENTED_EDGE ( 'NONE', *, *, #3331, .F. ) ;
#2808 = VERTEX_POINT ( 'NONE', #2093 ) ;
#2809 = EDGE_LOOP ( 'NONE', ( #2164, #2162, #2573, #955 ) ) ;
#2810 = EDGE_CURVE ( 'NONE', #374, #3413, #477, .T. ) ;
#2811 = EDGE_CURVE ( 'NONE', #3370, #1286, #3271, .T. ) ;
#2812 = DIRECTION ( 'NONE',  ( 1.000000000000000000, 0.000000000000000000, 0.000000000000000000 ) ) ;
#2813 = AXIS2_PLACEMENT_3D ( 'NONE', #2005, #1099, #2911 ) ;
#2814 = CARTESIAN_POINT ( 'NONE',  ( 26.70832781755651908, 21.65000000000000924, 10.99999999999999822 ) ) ;
#2815 = VECTOR ( 'NONE', #2583, 1000.000000000000000 ) ;
#2816 = VERTEX_POINT ( 'NONE', #3017 ) ;
#2817 = DIRECTION ( 'NONE',  ( 0.000000000000000000, 0.000000000000000000, -1.000000000000000000 ) ) ;
#2818 = CARTESIAN_POINT ( 'NONE',  ( 26.70832781755651908, -13.04999999999998117, 11.00000000000000355 ) ) ;
#2819 = ORIENTED_EDGE ( 'NONE', *, *, #1074, .T. ) ;
#2820 = CARTESIAN_POINT ( 'NONE',  ( 16.49167218244350153, -13.04999999999998117, 17.50000000000000000 ) ) ;
#2821 = CARTESIAN_POINT ( 'NONE',  ( 25.70832781755651908, -13.04999999999998117, 19.00000000000000355 ) ) ;
#2822 = LINE ( 'NONE', #1954, #2151 ) ;
#2823 = LINE ( 'NONE', #2880, #837 ) ;
#2824 = DIRECTION ( 'NONE',  ( -1.000000000000000000, -0.000000000000000000, -0.000000000000000000 ) ) ;
#2825 = AXIS2_PLACEMENT_3D ( 'NONE', #1785, #303, #2062 ) ;
#2826 = CARTESIAN_POINT ( 'NONE',  ( 19.98960211547581878, -14.88473247046264802, 17.23273607051326906 ) ) ;
#2827 = VERTEX_POINT ( 'NONE', #2959 ) ;
#2828 = VERTEX_POINT ( 'NONE', #7 ) ;
#2829 = ORIENTED_EDGE ( 'NONE', *, *, #1238, .F. ) ;
#2830 = EDGE_CURVE ( 'NONE', #2141, #1540, #2418, .T. ) ;
#2831 = DIRECTION ( 'NONE',  ( -1.233215741215739354E-16, 1.000000000000000000, -0.000000000000000000 ) ) ;
#2832 = ORIENTED_EDGE ( 'NONE', *, *, #379, .T. ) ;
#2833 = DIRECTION ( 'NONE',  ( 1.000000000000000000, 0.000000000000000000, -0.000000000000000000 ) ) ;
#2834 = DIRECTION ( 'NONE',  ( 0.000000000000000000, 0.000000000000000000, -1.000000000000000000 ) ) ;
#2835 = LINE ( 'NONE', #3191, #1904 ) ;
#2836 = ORIENTED_EDGE ( 'NONE', *, *, #1921, .F. ) ;
#2837 = FACE_OUTER_BOUND ( 'NONE', #1366, .T. ) ;
#2838 = CARTESIAN_POINT ( 'NONE',  ( 0.9295331930881353122, 37.83783398748548166, 2.000000000000001776 ) ) ;
#2839 = DIRECTION ( 'NONE',  ( 1.000000000000000000, 0.000000000000000000, 0.000000000000000000 ) ) ;
#2840 = EDGE_CURVE ( 'NONE', #2248, #3081, #2700, .T. ) ;
#2841 = CARTESIAN_POINT ( 'NONE',  ( 30.50000000000000000, 42.20000000000001705, 0.000000000000000000 ) ) ;
#2842 = DIRECTION ( 'NONE',  ( 0.9593779486096978282, 0.2821240006122273103, 0.000000000000000000 ) ) ;
#2843 = CARTESIAN_POINT ( 'NONE',  ( 20.25757725651234153, -15.27624088422508741, 14.50000000900177177 ) ) ;
#2844 = ORIENTED_EDGE ( 'NONE', *, *, #2392, .F. ) ;
#2845 = ORIENTED_EDGE ( 'NONE', *, *, #3159, .F. ) ;
#2846 = EDGE_LOOP ( 'NONE', ( #3900, #2547, #3862, #18 ) ) ;
#2847 = EDGE_CURVE ( 'NONE', #2567, #2065, #1206, .T. ) ;
#2848 = ORIENTED_EDGE ( 'NONE', *, *, #2425, .T. ) ;
#2849 = CARTESIAN_POINT ( 'NONE',  ( 16.49167218244350153, 11.15000000000001634, 14.50000000000000178 ) ) ;
#2850 = LINE ( 'NONE', #2193, #1656 ) ;
#2851 = DIRECTION ( 'NONE',  ( -0.1455018833757425745, 0.9893579746149073761, 0.000000000000000000 ) ) ;
#2852 = ORIENTED_EDGE ( 'NONE', *, *, #2075, .F. ) ;
#2853 = ORIENTED_EDGE ( 'NONE', *, *, #677, .T. ) ;
#2854 = CARTESIAN_POINT ( 'NONE',  ( -13.50000000000000533, -18.87725054630192645, -6.485281374238573093 ) ) ;
#2855 = CARTESIAN_POINT ( 'NONE',  ( -0.1527876791587042538, 33.98704425945579999, 3.700000000000001954 ) ) ;
#2856 = AXIS2_PLACEMENT_3D ( 'NONE', #456, #1983, #3779 ) ;
#2857 = DIRECTION ( 'NONE',  ( -0.000000000000000000, 0.000000000000000000, 1.000000000000000000 ) ) ;
#2858 = ORIENTED_EDGE ( 'NONE', *, *, #1299, .F. ) ;
#2859 = EDGE_CURVE ( 'NONE', #3876, #3344, #2375, .T. ) ;
#2860 = DIRECTION ( 'NONE',  ( 1.000000000000000000, 1.233215741215739354E-16, -0.000000000000000000 ) ) ;
#2861 = DIRECTION ( 'NONE',  ( -0.1455018833757423524, 0.9893579746149074872, 0.000000000000000000 ) ) ;
#2862 = MECHANICAL_DESIGN_GEOMETRIC_PRESENTATION_REPRESENTATION (  '', ( #2347 ), #1641 ) ;
#2863 = PLANE ( 'NONE',  #3172 ) ;
#2864 = VERTEX_POINT ( 'NONE', #584 ) ;
#2865 = ORIENTED_EDGE ( 'NONE', *, *, #623, .T. ) ;
#2866 = ORIENTED_EDGE ( 'NONE', *, *, #1818, .F. ) ;
#2867 = CIRCLE ( 'NONE', #3367, 3.599999999999999201 ) ;
#2868 = ORIENTED_EDGE ( 'NONE', *, *, #2322, .F. ) ;
#2869 = ORIENTED_EDGE ( 'NONE', *, *, #1, .T. ) ;
#2870 = VECTOR ( 'NONE', #2329, 1000.000000000000000 ) ;
#2871 = CYLINDRICAL_SURFACE ( 'NONE', #2442, 2.608327817556509221 ) ;
#2872 = FACE_OUTER_BOUND ( 'NONE', #250, .T. ) ;
#2873 = DIRECTION ( 'NONE',  ( 0.9893579746149074872, 0.1455018833757426022, -0.000000000000000000 ) ) ;
#2874 = CIRCLE ( 'NONE', #455, 3.608327817556510109 ) ;
#2875 = ORIENTED_EDGE ( 'NONE', *, *, #2353, .T. ) ;
#2876 = DIRECTION ( 'NONE',  ( -0.000000000000000000, -0.000000000000000000, -1.000000000000000000 ) ) ;
#2877 = DIRECTION ( 'NONE',  ( 0.000000000000000000, 0.000000000000000000, 1.000000000000000000 ) ) ;
#2878 = CARTESIAN_POINT ( 'NONE',  ( 28.99999999999999645, 3.153477306420715554, 17.41517953184287038 ) ) ;
#2879 = EDGE_CURVE ( 'NONE', #3938, #3414, #862, .T. ) ;
#2880 = CARTESIAN_POINT ( 'NONE',  ( 20.49167218244350153, -5.549999999999982059, 11.00000000000000355 ) ) ;
#2881 = CARTESIAN_POINT ( 'NONE',  ( -30.50000000000000711, 42.20000000000001705, 19.00000000000000355 ) ) ;
#2882 = CARTESIAN_POINT ( 'NONE',  ( 18.24999927169117697, -18.87149398043249704, 17.50000000000000000 ) ) ;
#2883 = ORIENTED_EDGE ( 'NONE', *, *, #3233, .F. ) ;
#2884 = ORIENTED_EDGE ( 'NONE', *, *, #981, .F. ) ;
#2885 = VERTEX_POINT ( 'NONE', #2717 ) ;
#2886 = ORIENTED_EDGE ( 'NONE', *, *, #2640, .T. ) ;
#2887 = CIRCLE ( 'NONE', #3390, 3.608327817556510109 ) ;
#2888 = ADVANCED_FACE ( 'NONE', ( #3930 ), #3647, .F. ) ;
#2889 = CARTESIAN_POINT ( 'NONE',  ( 22.34194758861675822, 15.75000000000001066, 16.77948255065575012 ) ) ;
#2890 = CARTESIAN_POINT ( 'NONE',  ( -10.50000000000000533, -18.87725054630192645, 3.700000000000001954 ) ) ;
#2891 = CARTESIAN_POINT ( 'NONE',  ( 26.70832781755651908, 3.650000000000008793, 14.50000000000000178 ) ) ;
#2892 = ORIENTED_EDGE ( 'NONE', *, *, #3863, .F. ) ;
#2893 = DIRECTION ( 'NONE',  ( 0.000000000000000000, 1.000000000000000000, -1.156482317317871478E-16 ) ) ;
#2894 = EDGE_CURVE ( 'NONE', #1406, #3223, #1219, .T. ) ;
#2895 = DIRECTION ( 'NONE',  ( -0.000000000000000000, -1.000000000000000000, -0.000000000000000000 ) ) ;
#2896 = CARTESIAN_POINT ( 'NONE',  ( 23.10000000000000853, 20.35000000000001563, 17.50000000000000000 ) ) ;
#2897 = ORIENTED_EDGE ( 'NONE', *, *, #3319, .T. ) ;
#2898 = EDGE_CURVE ( 'NONE', #1386, #374, #3684, .T. ) ;
#2899 = CARTESIAN_POINT ( 'NONE',  ( 28.99999999999999645, 26.55000000000000426, -104.1362568945129965 ) ) ;
#2900 = DIRECTION ( 'NONE',  ( 0.000000000000000000, 0.000000000000000000, 1.000000000000000000 ) ) ;
#2901 = VECTOR ( 'NONE', #665, 1000.000000000000000 ) ;
#2902 = FACE_OUTER_BOUND ( 'NONE', #2846, .T. ) ;
#2903 = ORIENTED_EDGE ( 'NONE', *, *, #183, .T. ) ;
#2904 = EDGE_LOOP ( 'NONE', ( #2429, #1559, #789, #974, #1757, #639, #239, #2923 ) ) ;
#2905 = AXIS2_PLACEMENT_3D ( 'NONE', #1356, #1727, #2957 ) ;
#2906 =( NAMED_UNIT ( * ) PLANE_ANGLE_UNIT ( ) SI_UNIT ( $, .RADIAN. ) );
#2907 = ORIENTED_EDGE ( 'NONE', *, *, #224, .T. ) ;
#2908 = EDGE_LOOP ( 'NONE', ( #3355, #693, #2527, #2714 ) ) ;
#2909 = B_SPLINE_CURVE_WITH_KNOTS ( 'NONE', 3,
 ( #3941, #2408, #3643, #2343, #1190, #597 ),
 .UNSPECIFIED., .F., .F.,
 ( 4, 2, 4 ),
 ( 0.000000000000000000, 0.0007412688714032808100, 0.001482537742806561620 ),
 .UNSPECIFIED. ) ;
#2910 = DIRECTION ( 'NONE',  ( -0.000000000000000000, 0.000000000000000000, 1.000000000000000000 ) ) ;
#2911 = DIRECTION ( 'NONE',  ( 1.000000000000000000, 0.000000000000000000, 0.000000000000000000 ) ) ;
#2912 = DIRECTION ( 'NONE',  ( -0.000000000000000000, -1.000000000000000000, -0.000000000000000000 ) ) ;
#2913 = EDGE_CURVE ( 'NONE', #3819, #3362, #1769, .T. ) ;
#2914 = EDGE_LOOP ( 'NONE', ( #1073, #2858 ) ) ;
#2915 = CARTESIAN_POINT ( 'NONE',  ( -0.7232544860705789613, 36.22487824694125180, 3.700000000000001954 ) ) ;
#2916 = ADVANCED_FACE ( 'NONE', ( #562 ), #2096, .T. ) ;
#2917 = DIRECTION ( 'NONE',  ( -0.000000000000000000, 0.000000000000000000, 1.000000000000000000 ) ) ;
#2918 = ADVANCED_FACE ( 'NONE', ( #1826 ), #2999, .F. ) ;
#2919 = DIRECTION ( 'NONE',  ( 0.000000000000000000, 0.000000000000000000, 1.000000000000000000 ) ) ;
#2920 = DIRECTION ( 'NONE',  ( 1.000000000000000000, 0.000000000000000000, 0.000000000000000000 ) ) ;
#2921 = EDGE_CURVE ( 'NONE', #1560, #1598, #635, .T. ) ;
#2922 = PLANE ( 'NONE',  #2856 ) ;
#2923 = ORIENTED_EDGE ( 'NONE', *, *, #586, .F. ) ;
#2924 = LINE ( 'NONE', #530, #2092 ) ;
#2925 = VECTOR ( 'NONE', #3590, 1000.000000000000000 ) ;
#2926 = CARTESIAN_POINT ( 'NONE',  ( 23.10000000000001563, -13.04999999999998117, 11.00000000000000355 ) ) ;
#2927 = CIRCLE ( 'NONE', #1204, 2.999999999999998668 ) ;
#2928 = ORIENTED_EDGE ( 'NONE', *, *, #1456, .F. ) ;
#2929 = ADVANCED_FACE ( 'NONE', ( #3347, #273 ), #3313, .T. ) ;
#2930 = ADVANCED_FACE ( 'NONE', ( #3910 ), #604, .F. ) ;
#2931 = VECTOR ( 'NONE', #1433, 1000.000000000000000 ) ;
#2932 = CARTESIAN_POINT ( 'NONE',  ( 24.72352589444046700, 15.75000000000001776, 16.94381997377565696 ) ) ;
#2933 = AXIS2_PLACEMENT_3D ( 'NONE', #2013, #490, #3569 ) ;
#2934 = DIRECTION ( 'NONE',  ( 0.000000000000000000, 0.000000000000000000, 1.000000000000000000 ) ) ;
#2935 = CARTESIAN_POINT ( 'NONE',  ( 2.070466806911881896, 33.36216601251454961, 3.700000000000001954 ) ) ;
#2936 = AXIS2_PLACEMENT_3D ( 'NONE', #3845, #2671, #2970 ) ;
#2937 = VERTEX_POINT ( 'NONE', #244 ) ;
#2938 = DIRECTION ( 'NONE',  ( 0.8715445865823453486, 0.4903162587544988016, 0.000000000000000000 ) ) ;
#2939 = AXIS2_PLACEMENT_3D ( 'NONE', #2634, #1078, #2576 ) ;
#2940 = SURFACE_STYLE_FILL_AREA ( #3532 ) ;
#2941 = VECTOR ( 'NONE', #605, 999.9999999999998863 ) ;
#2942 = FACE_OUTER_BOUND ( 'NONE', #3386, .T. ) ;
#2943 = LINE ( 'NONE', #1435, #1207 ) ;
#2944 = B_SPLINE_CURVE_WITH_KNOTS ( 'NONE', 3,
 ( #110, #3135, #3094, #1318, #391, #368, #3055, #3669, #1850, #1569 ),
 .UNSPECIFIED., .F., .F.,
 ( 4, 2, 2, 2, 4 ),
 ( 0.03282633842613964098, 0.03440726876559986602, 0.03598819910506009107, 0.03756912944452031611, 0.03915005978398054115 ),
 .UNSPECIFIED. ) ;
#2945 = DIRECTION ( 'NONE',  ( -0.7840581977653580115, -0.6206873146093280225, 0.000000000000000000 ) ) ;
#2946 = EDGE_LOOP ( 'NONE', ( #930, #55, #934, #830 ) ) ;
#2947 = CARTESIAN_POINT ( 'NONE',  ( 28.99999999999999645, 30.33158955600057638, 17.50000000000000355 ) ) ;
#2948 = ORIENTED_EDGE ( 'NONE', *, *, #3893, .F. ) ;
#2949 = VERTEX_POINT ( 'NONE', #2150 ) ;
#2950 = EDGE_CURVE ( 'NONE', #1023, #1599, #1160, .T. ) ;
#2951 = CARTESIAN_POINT ( 'NONE',  ( -17.64999999999999858, 32.95000000000001705, 17.50000000000000000 ) ) ;
#2952 = CARTESIAN_POINT ( 'NONE',  ( 29.00000000000000355, -15.53038383042709469, 17.49999999999998579 ) ) ;
#2953 = DIRECTION ( 'NONE',  ( 0.000000000000000000, -0.000000000000000000, 1.000000000000000000 ) ) ;
#2954 = CIRCLE ( 'NONE', #1803, 2.999999999999999112 ) ;
#2955 = ORIENTED_EDGE ( 'NONE', *, *, #1428, .T. ) ;
#2956 = EDGE_LOOP ( 'NONE', ( #3164, #673 ) ) ;
#2957 = DIRECTION ( 'NONE',  ( 1.000000000000000000, 0.000000000000000000, 0.000000000000000000 ) ) ;
#2958 = VECTOR ( 'NONE', #2165, 1000.000000000000000 ) ;
#2959 = CARTESIAN_POINT ( 'NONE',  ( 3.723254486070577407, 34.97512175305875104, 2.000000000000001776 ) ) ;
#2960 = CARTESIAN_POINT ( 'NONE',  ( 23.10000000000001208, -5.549999999999982059, 17.50000000000000000 ) ) ;
#2961 = DIRECTION ( 'NONE',  ( -0.000000000000000000, -0.000000000000000000, 1.000000000000000000 ) ) ;
#2962 = EDGE_CURVE ( 'NONE', #1734, #2587, #2438, .T. ) ;
#2963 = PLANE ( 'NONE',  #1831 ) ;
#2964 = ORIENTED_EDGE ( 'NONE', *, *, #1287, .T. ) ;
#2965 = ORIENTED_EDGE ( 'NONE', *, *, #1065, .T. ) ;
#2966 = ORIENTED_EDGE ( 'NONE', *, *, #3752, .T. ) ;
#2967 = VERTEX_POINT ( 'NONE', #863 ) ;
#2968 = DIRECTION ( 'NONE',  ( 0.000000000000000000, 0.000000000000000000, -1.000000000000000000 ) ) ;
#2969 = CARTESIAN_POINT ( 'NONE',  ( 3.723254486070577407, 34.97512175305875104, 3.700000000000001954 ) ) ;
#2970 = DIRECTION ( 'NONE',  ( 0.01114595732123251429, 0.9999378818883667419, 0.000000000000000000 ) ) ;
#2971 = ADVANCED_FACE ( 'NONE', ( #294, #1197 ), #2117, .T. ) ;
#2972 = ORIENTED_EDGE ( 'NONE', *, *, #1237, .T. ) ;
#2973 = VERTEX_POINT ( 'NONE', #1478 ) ;
#2974 = DIRECTION ( 'NONE',  ( 0.2470193734007391506, -0.9690105413073204499, 0.000000000000000000 ) ) ;
#2975 = FACE_OUTER_BOUND ( 'NONE', #1308, .T. ) ;
#2976 = EDGE_CURVE ( 'NONE', #3047, #1440, #3890, .T. ) ;
#2977 = CARTESIAN_POINT ( 'NONE',  ( 28.99999999999999645, 11.64622818139994465, 17.41517953184287038 ) ) ;
#2978 = DIRECTION ( 'NONE',  ( 0.000000000000000000, -1.000000000000000000, 0.000000000000000000 ) ) ;
#2979 = EDGE_CURVE ( 'NONE', #2452, #2184, #3035, .T. ) ;
#2980 = PLANE ( 'NONE',  #3421 ) ;
#2981 = ORIENTED_EDGE ( 'NONE', *, *, #154, .T. ) ;
#2982 = ORIENTED_EDGE ( 'NONE', *, *, #3179, .F. ) ;
#2983 = DIRECTION ( 'NONE',  ( 0.000000000000000000, 1.000000000000000000, 0.000000000000000000 ) ) ;
#2984 = VECTOR ( 'NONE', #1520, 1000.000000000000000 ) ;
#2985 = ORIENTED_EDGE ( 'NONE', *, *, #2060, .T. ) ;
#2986 = EDGE_LOOP ( 'NONE', ( #575, #816, #1779, #3922 ) ) ;
#2987 = CARTESIAN_POINT ( 'NONE',  ( 0.9295331930881353122, 37.83783398748548166, 3.700000000000001954 ) ) ;
#2988 = VECTOR ( 'NONE', #45, 1000.000000000000114 ) ;
#2989 = LINE ( 'NONE', #1468, #71 ) ;
#2990 = VECTOR ( 'NONE', #2362, 1000.000000000000000 ) ;
#2991 = CYLINDRICAL_SURFACE ( 'NONE', #2616, 1.100000000000000311 ) ;
#2992 = VERTEX_POINT ( 'NONE', #3649 ) ;
#2993 = VECTOR ( 'NONE', #2861, 1000.000000000000000 ) ;
#2994 = ORIENTED_EDGE ( 'NONE', *, *, #2017, .F. ) ;
#2995 = DIRECTION ( 'NONE',  ( -0.000000000000000000, 0.000000000000000000, 1.000000000000000000 ) ) ;
#2996 = AXIS2_PLACEMENT_3D ( 'NONE', #2128, #2189, #1268 ) ;
#2997 = DIRECTION ( 'NONE',  ( -0.000000000000000000, -0.000000000000000000, -1.000000000000000000 ) ) ;
#2998 = AXIS2_PLACEMENT_3D ( 'NONE', #2276, #179, #755 ) ;
#2999 = PLANE ( 'NONE',  #3430 ) ;
#3000 = LINE ( 'NONE', #1479, #1979 ) ;
#3001 = DIRECTION ( 'NONE',  ( -0.7840581977653588996, -0.6206873146093268012, 0.000000000000000000 ) ) ;
#3002 = CARTESIAN_POINT ( 'NONE',  ( 35.70832781755653684, 21.65000000000001279, 19.00000000000000355 ) ) ;
#3003 = DIRECTION ( 'NONE',  ( -0.9295600811411006692, 0.3686706600055807415, 0.000000000000000000 ) ) ;
#3004 = CIRCLE ( 'NONE', #1788, 2.608327817556512773 ) ;
#3005 = DIRECTION ( 'NONE',  ( 0.000000000000000000, 0.000000000000000000, -1.000000000000000000 ) ) ;
#3006 = ORIENTED_EDGE ( 'NONE', *, *, #483, .F. ) ;
#3007 = CARTESIAN_POINT ( 'NONE',  ( 15.24999927169117697, -18.87149398043249704, 14.50000000000000178 ) ) ;
#3008 = ORIENTED_EDGE ( 'NONE', *, *, #173, .T. ) ;
#3009 = VERTEX_POINT ( 'NONE', #308 ) ;
#3010 = CARTESIAN_POINT ( 'NONE',  ( 30.50000000000000711, -6.849999999999980993, 19.00000000000001066 ) ) ;
#3011 = DIRECTION ( 'NONE',  ( -1.000000000000000000, 0.000000000000000000, 0.000000000000000000 ) ) ;
#3012 = FACE_OUTER_BOUND ( 'NONE', #2750, .T. ) ;
#3013 = VERTEX_POINT ( 'NONE', #2738 ) ;
#3014 = ADVANCED_FACE ( 'NONE', ( #2071 ), #920, .F. ) ;
#3015 = ADVANCED_FACE ( 'NONE', ( #3051 ), #2758, .F. ) ;
#3016 = PLANE ( 'NONE',  #1628 ) ;
#3017 = CARTESIAN_POINT ( 'NONE',  ( 28.99999999999999645, 0.6734253672566401505, 17.50000000000000000 ) ) ;
#3018 = VECTOR ( 'NONE', #422, 1000.000000000000000 ) ;
#3019 = CARTESIAN_POINT ( 'NONE',  ( 0.000000000000000000, 26.55000000000001137, 0.000000000000000000 ) ) ;
#3020 = CARTESIAN_POINT ( 'NONE',  ( 23.10000000000001563, -13.04999999999998117, 19.00000000000000355 ) ) ;
#3021 = FACE_OUTER_BOUND ( 'NONE', #3928, .T. ) ;
#3022 = EDGE_CURVE ( 'NONE', #723, #1350, #2499, .T. ) ;
#3023 = CARTESIAN_POINT ( 'NONE',  ( 25.70832781755651908, 11.15000000000001634, 19.00000000000000355 ) ) ;
#3024 = CARTESIAN_POINT ( 'NONE',  ( 11.91397706555285296, -16.58666960855721229, 3.700000000000001954 ) ) ;
#3025 = FACE_OUTER_BOUND ( 'NONE', #2809, .T. ) ;
#3026 = CARTESIAN_POINT ( 'NONE',  ( 29.00000000000000000, -16.02657463274284666, 17.50000000000000000 ) ) ;
#3027 = VERTEX_POINT ( 'NONE', #1002 ) ;
#3028 = ORIENTED_EDGE ( 'NONE', *, *, #3893, .T. ) ;
#3029 = FACE_OUTER_BOUND ( 'NONE', #1574, .T. ) ;
#3030 = DIRECTION ( 'NONE',  ( -1.000000000000000000, 0.000000000000000000, 0.000000000000000000 ) ) ;
#3031 = EDGE_CURVE ( 'NONE', #1284, #2225, #3110, .T. ) ;
#3032 = ORIENTED_EDGE ( 'NONE', *, *, #379, .F. ) ;
#3033 = LINE ( 'NONE', #240, #3849 ) ;
#3034 = CARTESIAN_POINT ( 'NONE',  ( 28.99999999999999289, 18.36510350459673546, 17.47549777695957474 ) ) ;
#3035 = LINE ( 'NONE', #1239, #3877 ) ;
#3036 = DIRECTION ( 'NONE',  ( 0.000000000000000000, -1.000000000000000000, 0.000000000000000000 ) ) ;
#3037 = CARTESIAN_POINT ( 'NONE',  ( 16.49167218244350153, 0.000000000000000000, 17.50000000000000000 ) ) ;
#3038 = DIRECTION ( 'NONE',  ( 1.000000000000000000, 0.000000000000000000, 0.000000000000000000 ) ) ;
#3039 = ADVANCED_FACE ( 'NONE', ( #2837 ), #3708, .T. ) ;
#3040 = CARTESIAN_POINT ( 'NONE',  ( -8.512994479142848903, -20.05417127150669288, 2.000000000000001776 ) ) ;
#3041 = DIRECTION ( 'NONE',  ( 1.426192198154054644E-32, -1.156482317317871478E-16, -1.000000000000000000 ) ) ;
#3042 = ORIENTED_EDGE ( 'NONE', *, *, #967, .F. ) ;
#3043 = VERTEX_POINT ( 'NONE', #1931 ) ;
#3044 = CARTESIAN_POINT ( 'NONE',  ( -30.49999999999999645, -42.20000000000001705, 0.000000000000000000 ) ) ;
#3045 = DIRECTION ( 'NONE',  ( -1.233215741215739354E-16, 1.000000000000000000, -0.000000000000000000 ) ) ;
#3046 = EDGE_CURVE ( 'NONE', #1440, #2024, #63, .T. ) ;
#3047 = VERTEX_POINT ( 'NONE', #1025 ) ;
#3048 = DIRECTION ( 'NONE',  ( 1.000000000000000000, 0.000000000000000000, 0.000000000000000000 ) ) ;
#3049 = AXIS2_PLACEMENT_3D ( 'NONE', #3277, #15, #283 ) ;
#3050 = VECTOR ( 'NONE', #2103, 1000.000000000000000 ) ;
#3051 = FACE_OUTER_BOUND ( 'NONE', #1684, .T. ) ;
#3052 = AXIS2_PLACEMENT_3D ( 'NONE', #3609, #3913, #1750 ) ;
#3053 = DIRECTION ( 'NONE',  ( 0.8603986292611133235, -0.5096216231338670521, 0.000000000000000000 ) ) ;
#3054 = CARTESIAN_POINT ( 'NONE',  ( -30.49999999999999645, -42.20000000000001705, 0.000000000000000000 ) ) ;
#3055 = CARTESIAN_POINT ( 'NONE',  ( 2.555116024967252208, 40.70000000000001705, 17.39122203210634865 ) ) ;
#3056 = VECTOR ( 'NONE', #3671, 1000.000000000000000 ) ;
#3057 = CARTESIAN_POINT ( 'NONE',  ( 0.000000000000000000, 0.000000000000000000, 11.00000000000000355 ) ) ;
#3058 = CIRCLE ( 'NONE', #2939, 3.599999999999999201 ) ;
#3059 = CARTESIAN_POINT ( 'NONE',  ( 23.10000000000001563, -13.04999999999998117, 14.50000000000000178 ) ) ;
#3060 = VERTEX_POINT ( 'NONE', #2798 ) ;
#3061 = ORIENTED_EDGE ( 'NONE', *, *, #857, .F. ) ;
#3062 = ORIENTED_EDGE ( 'NONE', *, *, #3722, .T. ) ;
#3063 = CIRCLE ( 'NONE', #2688, 2.999999999999999112 ) ;
#3064 = EDGE_CURVE ( 'NONE', #533, #3876, #675, .T. ) ;
#3065 = CARTESIAN_POINT ( 'NONE',  ( 25.70832781755651553, 20.35000000000001563, 19.00000000000000355 ) ) ;
#3066 = DIRECTION ( 'NONE',  ( 0.000000000000000000, -1.000000000000000000, 0.000000000000000000 ) ) ;
#3067 = ADVANCED_FACE ( 'NONE', ( #1043, #1590, #1549 ), #2196, .F. ) ;
#3068 = ADVANCED_FACE ( 'NONE', ( #2473 ), #684, .T. ) ;
#3069 = ORIENTED_EDGE ( 'NONE', *, *, #345, .T. ) ;
#3070 = CARTESIAN_POINT ( 'NONE',  ( 26.70832781755651908, 9.850000000000015632, 11.00000000000000355 ) ) ;
#3071 = CARTESIAN_POINT ( 'NONE',  ( 13.34999927169117839, -18.87149398043249704, 5.700000000000001954 ) ) ;
#3072 = CARTESIAN_POINT ( 'NONE',  ( 23.10000000000001208, -5.549999999999982059, 17.50000000000000000 ) ) ;
#3073 = FACE_OUTER_BOUND ( 'NONE', #3418, .T. ) ;
#3074 = ORIENTED_EDGE ( 'NONE', *, *, #2498, .T. ) ;
#3075 = AXIS2_PLACEMENT_3D ( 'NONE', #53, #2512, #2812 ) ;
#3076 = EDGE_CURVE ( 'NONE', #1380, #3285, #963, .T. ) ;
#3077 = CARTESIAN_POINT ( 'NONE',  ( 28.99999999999999645, -11.74999999999998224, 0.000000000000000000 ) ) ;
#3078 = CARTESIAN_POINT ( 'NONE',  ( -4.500000000000005329, -18.87725054630192645, 14.50000000000000178 ) ) ;
#3079 = DIRECTION ( 'NONE',  ( 0.000000000000000000, 0.000000000000000000, -1.000000000000000000 ) ) ;
#3080 = ORIENTED_EDGE ( 'NONE', *, *, #363, .F. ) ;
#3081 = VERTEX_POINT ( 'NONE', #387 ) ;
#3082 = EDGE_LOOP ( 'NONE', ( #653, #404, #138, #3202, #2348, #3377, #2605 ) ) ;
#3083 = LINE ( 'NONE', #2549, #1234 ) ;
#3084 = EDGE_CURVE ( 'NONE', #1314, #2885, #3448, .T. ) ;
#3085 = FACE_OUTER_BOUND ( 'NONE', #2237, .T. ) ;
#3086 = ORIENTED_EDGE ( 'NONE', *, *, #1818, .T. ) ;
#3087 = EDGE_CURVE ( 'NONE', #3267, #2081, #2213, .T. ) ;
#3088 = FACE_BOUND ( 'NONE', #2301, .T. ) ;
#3089 = CARTESIAN_POINT ( 'NONE',  ( 19.49167218244349797, 20.35000000000001563, 11.00000000000000355 ) ) ;
#3090 = ORIENTED_EDGE ( 'NONE', *, *, #2800, .T. ) ;
#3091 = VECTOR ( 'NONE', #1764, 1000.000000000000000 ) ;
#3092 = CARTESIAN_POINT ( 'NONE',  ( 16.49167218244350153, 20.35000000000001563, 17.50000000000000000 ) ) ;
#3093 = CARTESIAN_POINT ( 'NONE',  ( 19.49167218244349797, -5.549999999999982059, 14.50000000000000178 ) ) ;
#3094 = CARTESIAN_POINT ( 'NONE',  ( -0.6064056330205107592, 40.70000000000000995, 17.46148486681709855 ) ) ;
#3095 = EDGE_CURVE ( 'NONE', #2123, #2248, #1295, .T. ) ;
#3096 = LINE ( 'NONE', #1258, #583 ) ;
#3097 = LINE ( 'NONE', #2200, #2224 ) ;
#3098 = CARTESIAN_POINT ( 'NONE',  ( -13.50000000000000533, -18.87725054630192645, 14.50000000000000178 ) ) ;
#3099 = ORIENTED_EDGE ( 'NONE', *, *, #1747, .T. ) ;
#3100 = ORIENTED_EDGE ( 'NONE', *, *, #2630, .F. ) ;
#3101 = ORIENTED_EDGE ( 'NONE', *, *, #213, .F. ) ;
#3102 = CARTESIAN_POINT ( 'NONE',  ( 18.75307711520261478, -0.9499999999999879652, 17.48772464545143279 ) ) ;
#3103 = ORIENTED_EDGE ( 'NONE', *, *, #2777, .T. ) ;
#3104 = DIRECTION ( 'NONE',  ( 0.000000000000000000, 0.000000000000000000, 1.000000000000000000 ) ) ;
#3105 = ORIENTED_EDGE ( 'NONE', *, *, #2811, .T. ) ;
#3106 = CARTESIAN_POINT ( 'NONE',  ( 23.10000000000000853, 27.85000000000001208, 11.00000000000000355 ) ) ;
#3107 = DIRECTION ( 'NONE',  ( -0.000000000000000000, 1.000000000000000000, -2.312964634635742957E-16 ) ) ;
#3108 = VECTOR ( 'NONE', #3041, 1000.000000000000000 ) ;
#3109 = VERTEX_POINT ( 'NONE', #3426 ) ;
#3110 = LINE ( 'NONE', #2854, #954 ) ;
#3111 = AXIS2_PLACEMENT_3D ( 'NONE', #1482, #2120, #3335 ) ;
#3112 = CARTESIAN_POINT ( 'NONE',  ( -10.50000000000000533, -18.87725054630192645, 5.700000000000001954 ) ) ;
#3113 = AXIS2_PLACEMENT_3D ( 'NONE', #3024, #711, #133 ) ;
#3114 = LINE ( 'NONE', #3408, #3748 ) ;
#3115 = EDGE_CURVE ( 'NONE', #2371, #2058, #344, .T. ) ;
#3116 = VECTOR ( 'NONE', #1533, 1000.000000000000000 ) ;
#3117 = LINE ( 'NONE', #1300, #2363 ) ;
#3118 = CARTESIAN_POINT ( 'NONE',  ( 26.70832781755651908, 20.35000000000001563, 11.00000000000000355 ) ) ;
#3119 = LINE ( 'NONE', #2246, #1515 ) ;
#3120 = EDGE_LOOP ( 'NONE', ( #1934, #1735, #3307, #1347 ) ) ;
#3121 = ORIENTED_EDGE ( 'NONE', *, *, #555, .F. ) ;
#3122 = EDGE_LOOP ( 'NONE', ( #2025, #1269, #3785, #3490 ) ) ;
#3123 = DIRECTION ( 'NONE',  ( 0.000000000000000000, 1.000000000000000000, -1.156482317317871478E-16 ) ) ;
#3124 = VECTOR ( 'NONE', #720, 1000.000000000000000 ) ;
#3125 = CIRCLE ( 'NONE', #644, 2.999999999999999112 ) ;
#3126 = VERTEX_POINT ( 'NONE', #744 ) ;
#3127 = LINE ( 'NONE', #978, #1293 ) ;
#3128 = VECTOR ( 'NONE', #3486, 1000.000000000000000 ) ;
#3129 = DIRECTION ( 'NONE',  ( 1.000000000000000000, 0.000000000000000000, 0.000000000000000000 ) ) ;
#3130 = EDGE_CURVE ( 'NONE', #3475, #1048, #1608, .T. ) ;
#3131 = EDGE_CURVE ( 'NONE', #1245, #2528, #1120, .T. ) ;
#3132 = VERTEX_POINT ( 'NONE', #43 ) ;
#3133 = DIRECTION ( 'NONE',  ( -0.000000000000000000, -0.000000000000000000, -1.000000000000000000 ) ) ;
#3134 = CARTESIAN_POINT ( 'NONE',  ( 19.49167218244349797, 0.000000000000000000, 11.00000000000000355 ) ) ;
#3135 = CARTESIAN_POINT ( 'NONE',  ( -1.133851280116511706, 40.70000000000001705, 17.50000000000000355 ) ) ;
#3136 = LINE ( 'NONE', #91, #962 ) ;
#3137 = CARTESIAN_POINT ( 'NONE',  ( 0.000000000000000000, -6.849999999999984546, 0.000000000000000000 ) ) ;
#3138 = EDGE_CURVE ( 'NONE', #1042, #1054, #108, .T. ) ;
#3139 = AXIS2_PLACEMENT_3D ( 'NONE', #3443, #2533, #3383 ) ;
#3140 = ORIENTED_EDGE ( 'NONE', *, *, #1091, .T. ) ;
#3141 = ORIENTED_EDGE ( 'NONE', *, *, #2055, .F. ) ;
#3142 = ORIENTED_EDGE ( 'NONE', *, *, #1754, .F. ) ;
#3143 = AXIS2_PLACEMENT_3D ( 'NONE', #3163, #3183, #2272 ) ;
#3144 = ORIENTED_EDGE ( 'NONE', *, *, #1838, .T. ) ;
#3145 = DIRECTION ( 'NONE',  ( 1.000000000000000000, 0.000000000000000000, 0.000000000000000000 ) ) ;
#3146 = CARTESIAN_POINT ( 'NONE',  ( 25.70832781755651908, -13.04999999999998117, 11.00000000000000355 ) ) ;
#3147 = ADVANCED_FACE ( 'NONE', ( #1567 ), #501, .F. ) ;
#3148 = DIRECTION ( 'NONE',  ( 1.000000000000000000, 0.000000000000000000, 0.000000000000000000 ) ) ;
#3149 = EDGE_CURVE ( 'NONE', #3735, #2864, #147, .T. ) ;
#3150 = ORIENTED_EDGE ( 'NONE', *, *, #3894, .F. ) ;
#3151 = DIRECTION ( 'NONE',  ( 4.929181880597960857E-33, -1.156482317317871478E-16, -1.000000000000000000 ) ) ;
#3152 = FACE_OUTER_BOUND ( 'NONE', #3275, .T. ) ;
#3153 = CARTESIAN_POINT ( 'NONE',  ( 23.10000000000001563, -13.04999999999998117, 14.50000000000000178 ) ) ;
#3154 = ORIENTED_EDGE ( 'NONE', *, *, #3298, .T. ) ;
#3155 = DIRECTION ( 'NONE',  ( 0.000000000000000000, 0.000000000000000000, 1.000000000000000000 ) ) ;
#3156 = VECTOR ( 'NONE', #2938, 1000.000000000000114 ) ;
#3157 = CARTESIAN_POINT ( 'NONE',  ( 28.99999999999999645, -13.04999999999998117, 17.41517953184287038 ) ) ;
#3158 = LINE ( 'NONE', #3456, #2345 ) ;
#3159 = EDGE_CURVE ( 'NONE', #2749, #1676, #2579, .T. ) ;
#3160 = ORIENTED_EDGE ( 'NONE', *, *, #670, .T. ) ;
#3161 = ORIENTED_EDGE ( 'NONE', *, *, #123, .T. ) ;
#3162 = ORIENTED_EDGE ( 'NONE', *, *, #48, .F. ) ;
#3163 = CARTESIAN_POINT ( 'NONE',  ( 0.000000000000000000, 0.000000000000000000, 0.000000000000000000 ) ) ;
#3164 = ORIENTED_EDGE ( 'NONE', *, *, #892, .T. ) ;
#3165 = ORIENTED_EDGE ( 'NONE', *, *, #1046, .F. ) ;
#3166 = CARTESIAN_POINT ( 'NONE',  ( 1.499999999999994449, 35.60000000000001563, 17.50000000000000000 ) ) ;
#3167 = DIRECTION ( 'NONE',  ( 0.000000000000000000, 0.000000000000000000, 1.000000000000000000 ) ) ;
#3168 = ADVANCED_FACE ( 'NONE', ( #2026 ), #996, .F. ) ;
#3169 = ORIENTED_EDGE ( 'NONE', *, *, #1761, .F. ) ;
#3170 = LINE ( 'NONE', #3196, #1061 ) ;
#3171 = FACE_OUTER_BOUND ( 'NONE', #317, .T. ) ;
#3172 = AXIS2_PLACEMENT_3D ( 'NONE', #174, #3817, #472 ) ;
#3173 = FACE_OUTER_BOUND ( 'NONE', #1465, .T. ) ;
#3174 = ORIENTED_EDGE ( 'NONE', *, *, #981, .T. ) ;
#3175 = VECTOR ( 'NONE', #487, 1000.000000000000000 ) ;
#3176 = DIRECTION ( 'NONE',  ( 4.262219842694856156E-17, -1.000000000000000000, -0.000000000000000000 ) ) ;
#3177 = LINE ( 'NONE', #371, #3240 ) ;
#3178 = DIRECTION ( 'NONE',  ( 0.000000000000000000, 0.000000000000000000, 1.000000000000000000 ) ) ;
#3179 = EDGE_CURVE ( 'NONE', #2663, #3259, #800, .T. ) ;
#3180 = VECTOR ( 'NONE', #1635, 1000.000000000000000 ) ;
#3181 = ORIENTED_EDGE ( 'NONE', *, *, #204, .T. ) ;
#3182 = ORIENTED_EDGE ( 'NONE', *, *, #3796, .F. ) ;
#3183 = DIRECTION ( 'NONE',  ( 0.000000000000000000, 0.000000000000000000, 1.000000000000000000 ) ) ;
#3184 = AXIS2_PLACEMENT_3D ( 'NONE', #3634, #1496, #3333 ) ;
#3185 = CIRCLE ( 'NONE', #3501, 1.100000000000000311 ) ;
#3186 = ORIENTED_EDGE ( 'NONE', *, *, #3883, .F. ) ;
#3187 = ADVANCED_FACE ( 'NONE', ( #1377 ), #222, .T. ) ;
#3188 = CIRCLE ( 'NONE', #3633, 6.608327817556509665 ) ;
#3189 = CARTESIAN_POINT ( 'NONE',  ( 25.70832781755650487, -1.189249061152609716E-14, 11.00000000000000355 ) ) ;
#3190 = DIRECTION ( 'NONE',  ( 0.9626974320074186409, -0.2705802180617081221, 0.000000000000000000 ) ) ;
#3191 = CARTESIAN_POINT ( 'NONE',  ( -28.99999999999999289, -40.70000000000001705, 0.000000000000000000 ) ) ;
#3192 = EDGE_CURVE ( 'NONE', #2816, #1620, #1672, .T. ) ;
#3193 = VECTOR ( 'NONE', #2050, 1000.000000000000000 ) ;
#3194 = ORIENTED_EDGE ( 'NONE', *, *, #1627, .F. ) ;
#3195 = AXIS2_PLACEMENT_3D ( 'NONE', #690, #1382, #1049 ) ;
#3196 = CARTESIAN_POINT ( 'NONE',  ( -12.51274600669631454, -20.00958744222176833, 3.700000000000001954 ) ) ;
#3197 = FACE_OUTER_BOUND ( 'NONE', #2756, .T. ) ;
#3198 = ORIENTED_EDGE ( 'NONE', *, *, #2979, .T. ) ;
#3199 = DIRECTION ( 'NONE',  ( 0.000000000000000000, 0.000000000000000000, 1.000000000000000000 ) ) ;
#3200 = FACE_OUTER_BOUND ( 'NONE', #852, .T. ) ;
#3201 = CARTESIAN_POINT ( 'NONE',  ( 28.99999999999999645, 21.65000000000001634, 17.41517953184287748 ) ) ;
#3202 = ORIENTED_EDGE ( 'NONE', *, *, #3600, .F. ) ;
#3203 = ORIENTED_EDGE ( 'NONE', *, *, #3610, .T. ) ;
#3204 = EDGE_CURVE ( 'NONE', #3043, #2269, #2619, .T. ) ;
#3205 = CARTESIAN_POINT ( 'NONE',  ( 19.49167218244349797, 27.85000000000001208, 14.50000000000000178 ) ) ;
#3206 = ORIENTED_EDGE ( 'NONE', *, *, #2017, .T. ) ;
#3207 = AXIS2_PLACEMENT_3D ( 'NONE', #2469, #518, #199 ) ;
#3208 = EDGE_CURVE ( 'NONE', #1067, #1209, #866, .T. ) ;
#3209 = CARTESIAN_POINT ( 'NONE',  ( 22.95084471333864329, 15.75000000000001421, 16.72683944747165796 ) ) ;
#3210 = DIRECTION ( 'NONE',  ( 0.000000000000000000, 0.000000000000000000, -1.000000000000000000 ) ) ;
#3211 = DIRECTION ( 'NONE',  ( -0.000000000000000000, -1.000000000000000000, 0.000000000000000000 ) ) ;
#3212 = EDGE_CURVE ( 'NONE', #687, #3864, #2596, .T. ) ;
#3213 = EDGE_LOOP ( 'NONE', ( #3675, #3663 ) ) ;
#3214 = EDGE_CURVE ( 'NONE', #494, #1999, #1082, .T. ) ;
#3215 = DIRECTION ( 'NONE',  ( 0.000000000000000000, 1.000000000000000000, -0.000000000000000000 ) ) ;
#3216 = CARTESIAN_POINT ( 'NONE',  ( 19.49167218244349797, 3.650000000000008793, 11.00000000000000355 ) ) ;
#3217 = LINE ( 'NONE', #2033, #2802 ) ;
#3218 = ADVANCED_FACE ( 'NONE', ( #2280 ), #2298, .F. ) ;
#3219 = EDGE_CURVE ( 'NONE', #2529, #3009, #1992, .T. ) ;
#3220 = DIRECTION ( 'NONE',  ( 1.000000000000000000, 0.000000000000000000, 0.000000000000000000 ) ) ;
#3221 = ORIENTED_EDGE ( 'NONE', *, *, #428, .T. ) ;
#3222 = CARTESIAN_POINT ( 'NONE',  ( 0.3999999999999954148, 35.60000000000001563, 5.700000000000001954 ) ) ;
#3223 = VERTEX_POINT ( 'NONE', #3791 ) ;
#3224 = ORIENTED_EDGE ( 'NONE', *, *, #82, .F. ) ;
#3225 = FACE_OUTER_BOUND ( 'NONE', #3563, .T. ) ;
#3226 = FACE_OUTER_BOUND ( 'NONE', #469, .T. ) ;
#3227 = LINE ( 'NONE', #1412, #2030 ) ;
#3228 = VERTEX_POINT ( 'NONE', #1396 ) ;
#3229 = DIRECTION ( 'NONE',  ( 1.000000000000000000, 0.000000000000000000, 0.000000000000000000 ) ) ;
#3230 = CARTESIAN_POINT ( 'NONE',  ( 28.99999999999999645, 0.6734253672566401505, 17.50000000000000000 ) ) ;
#3231 = CARTESIAN_POINT ( 'NONE',  ( 30.50000000000000355, 26.55000000000001137, 0.000000000000000000 ) ) ;
#3232 = CARTESIAN_POINT ( 'NONE',  ( 11.91397706555285296, -16.58666960855721229, 3.700000000000001954 ) ) ;
#3233 = EDGE_CURVE ( 'NONE', #1230, #375, #1706, .T. ) ;
#3234 = CARTESIAN_POINT ( 'NONE',  ( 29.70832781755651908, 27.85000000000001208, 14.50000000000000178 ) ) ;
#3235 = VECTOR ( 'NONE', #547, 1000.000000000000000 ) ;
#3236 = ORIENTED_EDGE ( 'NONE', *, *, #3477, .F. ) ;
#3237 = CARTESIAN_POINT ( 'NONE',  ( -10.47425951416084544, -16.56799292517731814, 3.700000000000001954 ) ) ;
#3238 = VECTOR ( 'NONE', #1437, 1000.000000000000000 ) ;
#3239 = AXIS2_PLACEMENT_3D ( 'NONE', #3389, #667, #1914 ) ;
#3240 = VECTOR ( 'NONE', #2266, 1000.000000000000000 ) ;
#3241 = EDGE_LOOP ( 'NONE', ( #1387, #1010, #3424, #1681 ) ) ;
#3242 = VECTOR ( 'NONE', #3253, 1000.000000000000000 ) ;
#3243 = CARTESIAN_POINT ( 'NONE',  ( 27.64517063489148896, 15.75000000000001776, 17.49743346502749475 ) ) ;
#3244 = AXIS2_PLACEMENT_3D ( 'NONE', #606, #2100, #621 ) ;
#3245 = CARTESIAN_POINT ( 'NONE',  ( 28.99999999999999645, -13.54619080231573314, 17.41517953184287038 ) ) ;
#3246 = DIRECTION ( 'NONE',  ( -0.000000000000000000, -0.000000000000000000, -1.000000000000000000 ) ) ;
#3247 = AXIS2_PLACEMENT_3D ( 'NONE', #1760, #2697, #1131 ) ;
#3248 = ORIENTED_EDGE ( 'NONE', *, *, #3364, .F. ) ;
#3249 = ORIENTED_EDGE ( 'NONE', *, *, #1679, .T. ) ;
#3250 = DIRECTION ( 'NONE',  ( 0.000000000000000000, 0.000000000000000000, 1.000000000000000000 ) ) ;
#3251 = VECTOR ( 'NONE', #1817, 1000.000000000000227 ) ;
#3252 = EDGE_CURVE ( 'NONE', #2937, #2785, #205, .T. ) ;
#3253 = DIRECTION ( 'NONE',  ( 0.000000000000000000, 0.000000000000000000, 1.000000000000000000 ) ) ;
#3254 = CIRCLE ( 'NONE', #1466, 6.608327817556509665 ) ;
#3255 = CYLINDRICAL_SURFACE ( 'NONE', #1032, 3.608327817556510109 ) ;
#3256 = DIRECTION ( 'NONE',  ( -1.000000000000000000, 0.000000000000000000, 0.000000000000000000 ) ) ;
#3257 = LINE ( 'NONE', #3835, #185 ) ;
#3258 = EDGE_LOOP ( 'NONE', ( #2407, #1877 ) ) ;
#3259 = VERTEX_POINT ( 'NONE', #1690 ) ;
#3260 = EDGE_CURVE ( 'NONE', #1676, #2666, #3170, .T. ) ;
#3261 = ORIENTED_EDGE ( 'NONE', *, *, #2425, .F. ) ;
#3262 = ORIENTED_EDGE ( 'NONE', *, *, #2840, .F. ) ;
#3263 = CARTESIAN_POINT ( 'NONE',  ( 23.45212596208314437, -0.9499999999999866329, 16.73695160360760426 ) ) ;
#3264 = CARTESIAN_POINT ( 'NONE',  ( 28.99999999999999645, -4.557705582643216680, 17.43246972065560740 ) ) ;
#3265 = DIRECTION ( 'NONE',  ( 4.262219842694856156E-17, -1.000000000000000000, 0.000000000000000000 ) ) ;
#3266 = VECTOR ( 'NONE', #37, 1000.000000000000000 ) ;
#3267 = VERTEX_POINT ( 'NONE', #445 ) ;
#3268 = ORIENTED_EDGE ( 'NONE', *, *, #3770, .T. ) ;
#3269 = DIRECTION ( 'NONE',  ( 1.000000000000000000, 0.000000000000000000, 0.000000000000000000 ) ) ;
#3270 = EDGE_CURVE ( 'NONE', #636, #1034, #3278, .T. ) ;
#3271 = LINE ( 'NONE', #1136, #189 ) ;
#3272 = FACE_OUTER_BOUND ( 'NONE', #3213, .T. ) ;
#3273 = CARTESIAN_POINT ( 'NONE',  ( 18.04098673797158625, -17.30163278740197441, 17.50000000000000000 ) ) ;
#3274 = CARTESIAN_POINT ( 'NONE',  ( 29.00000000000000000, -40.70000000000001705, 17.50000000000000000 ) ) ;
#3275 = EDGE_LOOP ( 'NONE', ( #3554, #1442, #751, #3181 ) ) ;
#3276 = CARTESIAN_POINT ( 'NONE',  ( 12.58602147782949920, -21.15631835230778179, 2.000000000000001776 ) ) ;
#3277 = CARTESIAN_POINT ( 'NONE',  ( -21.24999999999999645, 32.95000000000001705, 17.50000000000000000 ) ) ;
#3278 = CIRCLE ( 'NONE', #1554, 3.608327817556510109 ) ;
#3279 = ORIENTED_EDGE ( 'NONE', *, *, #3927, .T. ) ;
#3280 = VERTEX_POINT ( 'NONE', #1414 ) ;
#3281 = DIRECTION ( 'NONE',  ( 1.000000000000000000, 0.000000000000000000, 0.000000000000000000 ) ) ;
#3282 = DIRECTION ( 'NONE',  ( 0.000000000000000000, 0.000000000000000000, 1.000000000000000000 ) ) ;
#3283 = CARTESIAN_POINT ( 'NONE',  ( 12.24999927169117697, -18.87149398043249704, 5.700000000000001954 ) ) ;
#3284 = VERTEX_POINT ( 'NONE', #1118 ) ;
#3285 = VERTEX_POINT ( 'NONE', #542 ) ;
#3286 = B_SPLINE_CURVE_WITH_KNOTS ( 'NONE', 3,
 ( #3825, #1667, #1988, #1644, #3481, #3464, #2633, #143, #1058, #754, #2889, #2255, #3209, #162, #439, #2932, #2004, #178, #217, #1370, #481, #795, #3525, #3243, #2292, #813 ),
 .UNSPECIFIED., .F., .F.,
 ( 4, 2, 2, 2, 2, 2, 2, 2, 2, 2, 2, 2, 4 ),
 ( -1.095707471406641591E-05, 0.0005961081675991268839, 0.001203173409912320323, 0.002417303894538717825, 0.003631434379165114894, 0.004238499621478313863, 0.004845564863791512397, 0.006059695348417909466, 0.007273825833044307403, 0.008487956317670703604, 0.009095021559983896067, 0.009398554181140496636, 0.009702086802297098939 ),
 .UNSPECIFIED. ) ;
#3287 = CARTESIAN_POINT ( 'NONE',  ( 23.10000000000000853, 11.15000000000001634, 11.00000000000000355 ) ) ;
#3288 = EDGE_CURVE ( 'NONE', #1509, #1008, #2394, .T. ) ;
#3289 = LINE ( 'NONE', #525, #2350 ) ;
#3290 = DIRECTION ( 'NONE',  ( 0.000000000000000000, 0.000000000000000000, 1.000000000000000000 ) ) ;
#3291 = DIRECTION ( 'NONE',  ( 0.000000000000000000, 0.000000000000000000, -1.000000000000000000 ) ) ;
#3292 = CARTESIAN_POINT ( 'NONE',  ( -12.51274600669631454, -20.00958744222176833, 2.000000000000001776 ) ) ;
#3293 = CARTESIAN_POINT ( 'NONE',  ( 11.14999927169117733, -18.87149398043249704, 3.700000000000001954 ) ) ;
#3294 = ORIENTED_EDGE ( 'NONE', *, *, #516, .T. ) ;
#3295 = DIRECTION ( 'NONE',  ( 0.000000000000000000, -1.000000000000000000, 0.000000000000000000 ) ) ;
#3296 = EDGE_CURVE ( 'NONE', #2591, #2065, #3605, .T. ) ;
#3297 = LINE ( 'NONE', #2106, #315 ) ;
#3298 = EDGE_CURVE ( 'NONE', #2184, #2667, #3628, .T. ) ;
#3299 = VECTOR ( 'NONE', #1938, 1000.000000000000000 ) ;
#3300 = ORIENTED_EDGE ( 'NONE', *, *, #3889, .T. ) ;
#3301 = ORIENTED_EDGE ( 'NONE', *, *, #680, .F. ) ;
#3302 = CARTESIAN_POINT ( 'NONE',  ( -11.60000000000000675, -18.87725054630192645, 5.700000000000001954 ) ) ;
#3303 = AXIS2_PLACEMENT_3D ( 'NONE', #2241, #622, #2177 ) ;
#3304 = CARTESIAN_POINT ( 'NONE',  ( 20.49167218244350153, 20.35000000000001563, 19.00000000000000355 ) ) ;
#3305 = CARTESIAN_POINT ( 'NONE',  ( 26.70832781755651908, 11.15000000000001634, 11.00000000000000355 ) ) ;
#3306 = AXIS2_PLACEMENT_3D ( 'NONE', #919, #2132, #3346 ) ;
#3307 = ORIENTED_EDGE ( 'NONE', *, *, #771, .F. ) ;
#3308 = VECTOR ( 'NONE', #3868, 1000.000000000000000 ) ;
#3309 = CYLINDRICAL_SURFACE ( 'NONE', #986, 2.608327817556509221 ) ;
#3310 = EDGE_CURVE ( 'NONE', #3919, #3875, #1374, .T. ) ;
#3311 = CARTESIAN_POINT ( 'NONE',  ( 2.070466806911881896, 33.36216601251454961, 3.700000000000001954 ) ) ;
#3312 = AXIS2_PLACEMENT_3D ( 'NONE', #3560, #3541, #3826 ) ;
#3313 = PLANE ( 'NONE',  #2027 ) ;
#3314 = CARTESIAN_POINT ( 'NONE',  ( 6.249999271691177860, -18.87149398043249704, 14.50000000000000178 ) ) ;
#3315 = CARTESIAN_POINT ( 'NONE',  ( 20.49167218244350153, 11.15000000000001634, 11.00000000000000355 ) ) ;
#3316 = VECTOR ( 'NONE', #648, 1000.000000000000000 ) ;
#3317 = LINE ( 'NONE', #248, #1200 ) ;
#3318 = LINE ( 'NONE', #886, #3050 ) ;
#3319 = EDGE_CURVE ( 'NONE', #254, #1286, #168, .T. ) ;
#3320 = AXIS2_PLACEMENT_3D ( 'NONE', #27, #1513, #3388 ) ;
#3321 = DIRECTION ( 'NONE',  ( -0.000000000000000000, 1.156482317317871478E-16, 1.000000000000000000 ) ) ;
#3322 = DIRECTION ( 'NONE',  ( 0.000000000000000000, 0.000000000000000000, 1.000000000000000000 ) ) ;
#3323 = ORIENTED_EDGE ( 'NONE', *, *, #154, .F. ) ;
#3324 = ORIENTED_EDGE ( 'NONE', *, *, #1500, .F. ) ;
#3325 = EDGE_CURVE ( 'NONE', #2015, #494, #1852, .T. ) ;
#3326 = LINE ( 'NONE', #2987, #1106 ) ;
#3327 = CYLINDRICAL_SURFACE ( 'NONE', #1524, 2.608327817556509221 ) ;
#3328 = ORIENTED_EDGE ( 'NONE', *, *, #1497, .F. ) ;
#3329 = DIRECTION ( 'NONE',  ( 4.625929269271486900E-16, 1.000000000000000000, 0.000000000000000000 ) ) ;
#3330 = AXIS2_PLACEMENT_3D ( 'NONE', #1583, #405, #661 ) ;
#3331 = EDGE_CURVE ( 'NONE', #1038, #1406, #2434, .T. ) ;
#3332 = LINE ( 'NONE', #3567, #2739 ) ;
#3333 = DIRECTION ( 'NONE',  ( -1.000000000000000000, 0.000000000000000000, -0.000000000000000000 ) ) ;
#3334 = CARTESIAN_POINT ( 'NONE',  ( 30.50000000000000000, -42.20000000000001705, 0.000000000000000000 ) ) ;
#3335 = DIRECTION ( 'NONE',  ( 1.000000000000000000, 0.000000000000000000, 0.000000000000000000 ) ) ;
#3336 = DIRECTION ( 'NONE',  ( 1.000000000000000000, 0.000000000000000000, 0.000000000000000000 ) ) ;
#3337 = EDGE_CURVE ( 'NONE', #1034, #2183, #1161, .T. ) ;
#3338 = EDGE_CURVE ( 'NONE', #1960, #99, #1225, .T. ) ;
#3339 = DIRECTION ( 'NONE',  ( 0.000000000000000000, 0.000000000000000000, 1.000000000000000000 ) ) ;
#3340 = EDGE_LOOP ( 'NONE', ( #2433, #617, #812, #912 ) ) ;
#3341 = ORIENTED_EDGE ( 'NONE', *, *, #2209, .F. ) ;
#3342 = CARTESIAN_POINT ( 'NONE',  ( 26.83304162965788819, -0.9499999999999836353, 17.42317252659258031 ) ) ;
#3343 = DIRECTION ( 'NONE',  ( -9.858363761195921714E-33, 2.312964634635742957E-16, 1.000000000000000000 ) ) ;
#3344 = VERTEX_POINT ( 'NONE', #1810 ) ;
#3345 = CARTESIAN_POINT ( 'NONE',  ( -11.60000000000000675, -18.87725054630192645, 3.700000000000001954 ) ) ;
#3346 = DIRECTION ( 'NONE',  ( 0.000000000000000000, 1.156482317317871478E-16, 1.000000000000000000 ) ) ;
#3347 = FACE_OUTER_BOUND ( 'NONE', #1328, .T. ) ;
#3348 = CARTESIAN_POINT ( 'NONE',  ( 23.10000000000001208, -5.549999999999982059, 14.50000000000000178 ) ) ;
#3349 = FACE_OUTER_BOUND ( 'NONE', #595, .T. ) ;
#3350 = FACE_OUTER_BOUND ( 'NONE', #2464, .T. ) ;
#3351 = DIRECTION ( 'NONE',  ( 0.000000000000000000, 0.000000000000000000, 1.000000000000000000 ) ) ;
#3352 = EDGE_CURVE ( 'NONE', #2009, #2123, #268, .T. ) ;
#3353 = FACE_OUTER_BOUND ( 'NONE', #3680, .T. ) ;
#3354 = ORIENTED_EDGE ( 'NONE', *, *, #3296, .F. ) ;
#3355 = ORIENTED_EDGE ( 'NONE', *, *, #506, .T. ) ;
#3356 = ORIENTED_EDGE ( 'NONE', *, *, #3138, .T. ) ;
#3357 = CARTESIAN_POINT ( 'NONE',  ( 25.70832781755651908, 0.000000000000000000, 11.00000000000000355 ) ) ;
#3358 = CYLINDRICAL_SURFACE ( 'NONE', #2354, 1.100000000000000311 ) ;
#3359 = VECTOR ( 'NONE', #567, 1000.000000000000000 ) ;
#3360 = ORIENTED_EDGE ( 'NONE', *, *, #270, .F. ) ;
#3361 = CARTESIAN_POINT ( 'NONE',  ( -8.512994479142848903, -20.05417127150669288, 3.700000000000001954 ) ) ;
#3362 = VERTEX_POINT ( 'NONE', #1448 ) ;
#3363 = VECTOR ( 'NONE', #1949, 1000.000000000000000 ) ;
#3364 = EDGE_CURVE ( 'NONE', #95, #375, #3391, .T. ) ;
#3365 = CARTESIAN_POINT ( 'NONE',  ( -0.000000000000000000, 21.65000000000000924, 11.00000000000000355 ) ) ;
#3366 = VECTOR ( 'NONE', #2352, 1000.000000000000000 ) ;
#3367 = AXIS2_PLACEMENT_3D ( 'NONE', #778, #3508, #3148 ) ;
#3368 = CARTESIAN_POINT ( 'NONE',  ( -16.50000000000000711, -18.87725054630192645, 14.50000000000000178 ) ) ;
#3369 = LINE ( 'NONE', #706, #945 ) ;
#3370 = VERTEX_POINT ( 'NONE', #1474 ) ;
#3371 = CIRCLE ( 'NONE', #1086, 2.608327817556509221 ) ;
#3372 = CARTESIAN_POINT ( 'NONE',  ( 0.000000000000000000, 21.65000000000000924, 0.000000000000000000 ) ) ;
#3373 = CARTESIAN_POINT ( 'NONE',  ( -9.400000000000005684, -18.87725054630192645, 3.700000000000001954 ) ) ;
#3374 = TOROIDAL_SURFACE ( 'NONE', #67, 6.000000000000000000, 3.000000000000000000 ) ;
#3375 = CARTESIAN_POINT ( 'NONE',  ( 26.70832781755651908, 0.000000000000000000, 11.00000000000000355 ) ) ;
#3376 = ORIENTED_EDGE ( 'NONE', *, *, #1801, .T. ) ;
#3377 = ORIENTED_EDGE ( 'NONE', *, *, #2274, .T. ) ;
#3378 = ORIENTED_EDGE ( 'NONE', *, *, #3364, .T. ) ;
#3379 = VECTOR ( 'NONE', #3432, 1000.000000000000000 ) ;
#3380 = CARTESIAN_POINT ( 'NONE',  ( 21.09073569357133238, -0.9499999999999876321, 17.04556995490862903 ) ) ;
#3381 = DIRECTION ( 'NONE',  ( 0.000000000000000000, 0.000000000000000000, -1.000000000000000000 ) ) ;
#3382 = VERTEX_POINT ( 'NONE', #2699 ) ;
#3383 = DIRECTION ( 'NONE',  ( 0.7655511956577031318, 0.6433749815053902976, -3.469446951953615767E-15 ) ) ;
#3384 = CARTESIAN_POINT ( 'NONE',  ( 25.70832781755651908, 11.15000000000001634, 19.00000000000000355 ) ) ;
#3385 = ADVANCED_FACE ( 'NONE', ( #2757 ), #3309, .F. ) ;
#3386 = EDGE_LOOP ( 'NONE', ( #3100, #181, #3498, #1655 ) ) ;
#3387 = DIRECTION ( 'NONE',  ( -0.000000000000000000, 0.000000000000000000, 1.000000000000000000 ) ) ;
#3388 = DIRECTION ( 'NONE',  ( 1.000000000000000000, 0.000000000000000000, 0.000000000000000000 ) ) ;
#3389 = CARTESIAN_POINT ( 'NONE',  ( 1.499999999999994449, 35.60000000000001563, 14.50000000000000178 ) ) ;
#3390 = AXIS2_PLACEMENT_3D ( 'NONE', #3740, #342, #998 ) ;
#3391 = CIRCLE ( 'NONE', #3653, 2.999999999999999112 ) ;
#3392 = DIRECTION ( 'NONE',  ( -0.000000000000000000, -0.000000000000000000, -1.000000000000000000 ) ) ;
#3393 = LINE ( 'NONE', #731, #2993 ) ;
#3394 = CARTESIAN_POINT ( 'NONE',  ( 19.69618423081572800, -14.25569341127284950, 17.34619275746906197 ) ) ;
#3395 = ORIENTED_EDGE ( 'NONE', *, *, #2218, .T. ) ;
#3396 = ORIENTED_EDGE ( 'NONE', *, *, #48, .T. ) ;
#3397 = VERTEX_POINT ( 'NONE', #3345 ) ;
#3398 = CARTESIAN_POINT ( 'NONE',  ( 18.55482936510853165, -0.9499999999999881872, 17.49743346502749475 ) ) ;
#3399 = DIRECTION ( 'NONE',  ( -1.000000000000000000, 0.000000000000000000, 0.000000000000000000 ) ) ;
#3400 = VERTEX_POINT ( 'NONE', #1825 ) ;
#3401 = DIRECTION ( 'NONE',  ( -0.000000000000000000, -0.000000000000000000, 1.000000000000000000 ) ) ;
#3402 = CARTESIAN_POINT ( 'NONE',  ( 20.49167218244350153, 20.35000000000001563, 19.00000000000000355 ) ) ;
#3403 = EDGE_CURVE ( 'NONE', #1509, #3267, #1493, .T. ) ;
#3404 = ORIENTED_EDGE ( 'NONE', *, *, #3775, .F. ) ;
#3405 = AXIS2_PLACEMENT_3D ( 'NONE', #2654, #1651, #3865 ) ;
#3406 = CARTESIAN_POINT ( 'NONE',  ( 0.000000000000000000, 0.000000000000000000, 17.50000000000000000 ) ) ;
#3407 = FACE_OUTER_BOUND ( 'NONE', #3241, .T. ) ;
#3408 = CARTESIAN_POINT ( 'NONE',  ( -30.50000000000000711, 42.20000000000001705, 19.00000000000000355 ) ) ;
#3409 = CARTESIAN_POINT ( 'NONE',  ( 14.06070411785182728, -17.43807802774336935, 3.700000000000001954 ) ) ;
#3410 = FACE_OUTER_BOUND ( 'NONE', #765, .T. ) ;
#3411 = LINE ( 'NONE', #3375, #940 ) ;
#3412 = ORIENTED_EDGE ( 'NONE', *, *, #3668, .T. ) ;
#3413 = VERTEX_POINT ( 'NONE', #1236 ) ;
#3414 = VERTEX_POINT ( 'NONE', #3885 ) ;
#3415 = FACE_OUTER_BOUND ( 'NONE', #2687, .T. ) ;
#3416 = EDGE_CURVE ( 'NONE', #2141, #2077, #2047, .T. ) ;
#3417 = EDGE_CURVE ( 'NONE', #1230, #3259, #3033, .T. ) ;
#3418 = EDGE_LOOP ( 'NONE', ( #1909, #3279, #1188, #612 ) ) ;
#3419 = DIRECTION ( 'NONE',  ( 1.000000000000000000, 0.000000000000000000, -0.000000000000000000 ) ) ;
#3420 = DIRECTION ( 'NONE',  ( -0.000000000000000000, 0.000000000000000000, 1.000000000000000000 ) ) ;
#3421 = AXIS2_PLACEMENT_3D ( 'NONE', #1733, #1140, #3895 ) ;
#3422 = VECTOR ( 'NONE', #1695, 1000.000000000000000 ) ;
#3423 = ORIENTED_EDGE ( 'NONE', *, *, #1104, .F. ) ;
#3424 = ORIENTED_EDGE ( 'NONE', *, *, #224, .F. ) ;
#3425 = ADVANCED_FACE ( 'NONE', ( #2114 ), #3016, .F. ) ;
#3426 = CARTESIAN_POINT ( 'NONE',  ( 29.00000000000000000, -11.74999999999998224, 17.41517953184286327 ) ) ;
#3427 = CARTESIAN_POINT ( 'NONE',  ( 19.49167218244349797, 0.000000000000000000, 11.00000000000000355 ) ) ;
#3428 = VECTOR ( 'NONE', #1615, 1000.000000000000000 ) ;
#3429 = CARTESIAN_POINT ( 'NONE',  ( -8.487253993303689015, -17.74491365038208457, 2.000000000000001776 ) ) ;
#3430 = AXIS2_PLACEMENT_3D ( 'NONE', #642, #2417, #2702 ) ;
#3431 = VECTOR ( 'NONE', #1981, 1000.000000000000000 ) ;
#3432 = DIRECTION ( 'NONE',  ( 0.000000000000000000, -1.000000000000000000, 0.000000000000000000 ) ) ;
#3433 = CARTESIAN_POINT ( 'NONE',  ( 26.70832781755651908, 9.850000000000015632, 11.00000000000000178 ) ) ;
#3434 = VECTOR ( 'NONE', #3904, 1000.000000000000227 ) ;
#3435 = DIRECTION ( 'NONE',  ( 1.000000000000000000, 0.000000000000000000, 0.000000000000000000 ) ) ;
#3436 = ORIENTED_EDGE ( 'NONE', *, *, #654, .T. ) ;
#3437 = ORIENTED_EDGE ( 'NONE', *, *, #2847, .T. ) ;
#3438 = ORIENTED_EDGE ( 'NONE', *, *, #848, .T. ) ;
#3439 = EDGE_CURVE ( 'NONE', #3857, #3822, #582, .T. ) ;
#3440 = CARTESIAN_POINT ( 'NONE',  ( -8.512994479142848903, -20.05417127150669288, 3.700000000000001954 ) ) ;
#3441 = AXIS2_PLACEMENT_3D ( 'NONE', #42, #383, #2834 ) ;
#3442 = ORIENTED_EDGE ( 'NONE', *, *, #3462, .F. ) ;
#3443 = CARTESIAN_POINT ( 'NONE',  ( 18.04098673797156493, -17.30163278740196375, 14.49999999999999645 ) ) ;
#3444 = PLANE ( 'NONE',  #2034 ) ;
#3445 = CARTESIAN_POINT ( 'NONE',  ( -28.99999999999999289, 40.70000000000001705, 0.000000000000000000 ) ) ;
#3446 = ORIENTED_EDGE ( 'NONE', *, *, #1944, .F. ) ;
#3447 = ORIENTED_EDGE ( 'NONE', *, *, #2506, .T. ) ;
#3448 = LINE ( 'NONE', #2820, #3917 ) ;
#3449 = CARTESIAN_POINT ( 'NONE',  ( 3.152787679158696843, 37.21295574054423128, 3.700000000000001954 ) ) ;
#3450 = EDGE_CURVE ( 'NONE', #2113, #2541, #1564, .T. ) ;
#3451 = FILL_AREA_STYLE_COLOUR ( '', #2023 ) ;
#3452 = ORIENTED_EDGE ( 'NONE', *, *, #1299, .T. ) ;
#3453 = DIRECTION ( 'NONE',  ( 4.929181880597960857E-33, -1.156482317317871478E-16, -1.000000000000000000 ) ) ;
#3454 = FACE_BOUND ( 'NONE', #1263, .T. ) ;
#3455 = AXIS2_PLACEMENT_3D ( 'NONE', #2648, #261, #2729 ) ;
#3456 = CARTESIAN_POINT ( 'NONE',  ( 25.70832781755651908, -13.04999999999998117, 11.00000000000000355 ) ) ;
#3457 = ORIENTED_EDGE ( 'NONE', *, *, #3774, .T. ) ;
#3458 = ORIENTED_EDGE ( 'NONE', *, *, #1881, .F. ) ;
#3459 = VERTEX_POINT ( 'NONE', #3682 ) ;
#3460 = EDGE_CURVE ( 'NONE', #2054, #2225, #2396, .T. ) ;
#3461 = DIRECTION ( 'NONE',  ( -1.000000000000000000, 0.000000000000000000, 0.000000000000000000 ) ) ;
#3462 = EDGE_CURVE ( 'NONE', #1734, #1639, #381, .T. ) ;
#3463 = ORIENTED_EDGE ( 'NONE', *, *, #1012, .T. ) ;
#3464 = CARTESIAN_POINT ( 'NONE',  ( 19.96552565807815327, 15.75000000000001776, 17.32121947913860538 ) ) ;
#3465 = CARTESIAN_POINT ( 'NONE',  ( 12.24999927169117697, -18.87149398043249704, 14.50000000000000178 ) ) ;
#3466 = CARTESIAN_POINT ( 'NONE',  ( 26.70832781755651908, 11.15000000000001634, 11.00000000000000355 ) ) ;
#3467 = ORIENTED_EDGE ( 'NONE', *, *, #3774, .F. ) ;
#3468 = DIRECTION ( 'NONE',  ( -0.000000000000000000, -0.000000000000000000, -1.000000000000000000 ) ) ;
#3469 = DIRECTION ( 'NONE',  ( 0.000000000000000000, 0.000000000000000000, -1.000000000000000000 ) ) ;
#3470 = ORIENTED_EDGE ( 'NONE', *, *, #1718, .F. ) ;
#3471 = DIRECTION ( 'NONE',  ( -0.2470193734007389008, 0.9690105413073204499, 0.000000000000000000 ) ) ;
#3472 = CARTESIAN_POINT ( 'NONE',  ( 16.76011601465225098, -14.91436788124609514, 17.50000000000000000 ) ) ;
#3473 = EDGE_CURVE ( 'NONE', #2183, #2973, #3581, .T. ) ;
#3474 = CARTESIAN_POINT ( 'NONE',  ( -8.487253993303689015, -17.74491365038208457, 3.700000000000001954 ) ) ;
#3475 = VERTEX_POINT ( 'NONE', #3361 ) ;
#3476 = ORIENTED_EDGE ( 'NONE', *, *, #1605, .T. ) ;
#3477 = EDGE_CURVE ( 'NONE', #1560, #2510, #56, .T. ) ;
#3478 = EDGE_CURVE ( 'NONE', #2385, #2065, #1167, .T. ) ;
#3479 = ORIENTED_EDGE ( 'NONE', *, *, #2060, .F. ) ;
#3480 = EDGE_LOOP ( 'NONE', ( #2711, #3692, #2646, #2040, #557, #1015, #1035, #103 ) ) ;
#3481 = CARTESIAN_POINT ( 'NONE',  ( 19.36695837034214307, 15.75000000000001421, 17.42317252659258031 ) ) ;
#3482 = CARTESIAN_POINT ( 'NONE',  ( 18.35552989847220928, 15.75000000000001421, 17.50000000000000000 ) ) ;
#3483 = CARTESIAN_POINT ( 'NONE',  ( -0.000000000000000000, 4.950000000000008171, 11.00000000000000355 ) ) ;
#3484 = ORIENTED_EDGE ( 'NONE', *, *, #670, .F. ) ;
#3485 = DIRECTION ( 'NONE',  ( 1.000000000000000000, 0.000000000000000000, 0.000000000000000000 ) ) ;
#3486 = DIRECTION ( 'NONE',  ( 0.000000000000000000, -1.000000000000000000, 0.000000000000000000 ) ) ;
#3487 = EDGE_CURVE ( 'NONE', #3126, #2054, #3127, .T. ) ;
#3488 = CIRCLE ( 'NONE', #3049, 3.599999999999999201 ) ;
#3489 = LINE ( 'NONE', #1105, #3175 ) ;
#3490 = ORIENTED_EDGE ( 'NONE', *, *, #2427, .F. ) ;
#3491 = ADVANCED_FACE ( 'NONE', ( #3088, #2210 ), #1845, .F. ) ;
#3492 = DIRECTION ( 'NONE',  ( 0.4903162587544987461, -0.8715445865823455707, 0.000000000000000000 ) ) ;
#3493 = DIRECTION ( 'NONE',  ( 0.000000000000000000, -0.000000000000000000, -1.000000000000000000 ) ) ;
#3494 = CIRCLE ( 'NONE', #1900, 5.999999999999998224 ) ;
#3495 = CARTESIAN_POINT ( 'NONE',  ( 16.49167218244350153, 20.35000000000001563, 14.50000000000000178 ) ) ;
#3496 = EDGE_CURVE ( 'NONE', #3819, #2126, #2171, .T. ) ;
#3497 = VECTOR ( 'NONE', #2051, 1000.000000000000000 ) ;
#3498 = ORIENTED_EDGE ( 'NONE', *, *, #259, .T. ) ;
#3499 = ORIENTED_EDGE ( 'NONE', *, *, #3889, .F. ) ;
#3500 =( NAMED_UNIT ( * ) SI_UNIT ( $, .STERADIAN. ) SOLID_ANGLE_UNIT ( ) );
#3501 = AXIS2_PLACEMENT_3D ( 'NONE', #3703, #976, #3399 ) ;
#3502 = ADVANCED_FACE ( 'NONE', ( #80 ), #100, .F. ) ;
#3503 = VERTEX_POINT ( 'NONE', #1291 ) ;
#3504 = EDGE_LOOP ( 'NONE', ( #1805, #3837, #2318, #2994, #73 ) ) ;
#3505 = VECTOR ( 'NONE', #1517, 1000.000000000000000 ) ;
#3506 = CARTESIAN_POINT ( 'NONE',  ( 29.00000000000000000, -40.70000000000001705, -104.1362568945129823 ) ) ;
#3507 = FACE_OUTER_BOUND ( 'NONE', #3120, .T. ) ;
#3508 = DIRECTION ( 'NONE',  ( 0.000000000000000000, 0.000000000000000000, 1.000000000000000000 ) ) ;
#3509 = TOROIDAL_SURFACE ( 'NONE', #1589, 6.608327817556510553, 3.000000000000000000 ) ;
#3510 = ORIENTED_EDGE ( 'NONE', *, *, #3338, .T. ) ;
#3511 = AXIS2_PLACEMENT_3D ( 'NONE', #1912, #705, #1359 ) ;
#3512 = DIRECTION ( 'NONE',  ( 0.8603986292611133235, -0.5096216231338670521, 0.000000000000000000 ) ) ;
#3513 = EDGE_CURVE ( 'NONE', #3938, #1245, #1864, .T. ) ;
#3514 = EDGE_CURVE ( 'NONE', #408, #3228, #3524, .T. ) ;
#3515 = DIRECTION ( 'NONE',  ( 1.000000000000000000, 0.000000000000000000, 0.000000000000000000 ) ) ;
#3516 = VERTEX_POINT ( 'NONE', #3070 ) ;
#3517 = CARTESIAN_POINT ( 'NONE',  ( 26.70832781755651908, 26.55000000000001492, 11.00000000000000000 ) ) ;
#3518 = CARTESIAN_POINT ( 'NONE',  ( 23.10000000000001563, -13.04999999999998117, 17.50000000000000000 ) ) ;
#3519 = PLANE ( 'NONE',  #1257 ) ;
#3520 = ORIENTED_EDGE ( 'NONE', *, *, #654, .F. ) ;
#3521 = ORIENTED_EDGE ( 'NONE', *, *, #2754, .F. ) ;
#3522 = ORIENTED_EDGE ( 'NONE', *, *, #1595, .F. ) ;
#3523 = ORIENTED_EDGE ( 'NONE', *, *, #623, .F. ) ;
#3524 = CIRCLE ( 'NONE', #3139, 2.999999999999998668 ) ;
#3525 = CARTESIAN_POINT ( 'NONE',  ( 27.44692288479741293, 15.75000000000002132, 17.48772464545143634 ) ) ;
#3526 = CYLINDRICAL_SURFACE ( 'NONE', #327, 2.999999999999999112 ) ;
#3527 = CARTESIAN_POINT ( 'NONE',  ( 0.3999999999999954148, 35.60000000000001563, 3.700000000000001954 ) ) ;
#3528 = CIRCLE ( 'NONE', #216, 1.100000000000000311 ) ;
#3529 = ORIENTED_EDGE ( 'NONE', *, *, #3478, .F. ) ;
#3530 = CARTESIAN_POINT ( 'NONE',  ( 23.10000000000000853, 3.650000000000009237, 14.50000000000000178 ) ) ;
#3531 = EDGE_CURVE ( 'NONE', #1386, #1689, #2887, .T. ) ;
#3532 = FILL_AREA_STYLE ('',( #3451 ) ) ;
#3533 = CARTESIAN_POINT ( 'NONE',  ( 23.10000000000000853, 11.15000000000001634, 11.00000000000000355 ) ) ;
#3534 = LINE ( 'NONE', #1364, #1453 ) ;
#3535 = CARTESIAN_POINT ( 'NONE',  ( 25.70832781755651908, -13.04999999999998117, 19.00000000000000355 ) ) ;
#3536 = ORIENTED_EDGE ( 'NONE', *, *, #2243, .T. ) ;
#3537 = CARTESIAN_POINT ( 'NONE',  ( 29.00000000000000000, -40.70000000000001705, 0.000000000000000000 ) ) ;
#3538 = EDGE_LOOP ( 'NONE', ( #2250, #1809, #1246, #360 ) ) ;
#3539 = ADVANCED_FACE ( 'NONE', ( #638 ), #1546, .F. ) ;
#3540 = CARTESIAN_POINT ( 'NONE',  ( 35.70832781755653684, 4.950000000000009059, 19.00000000000000355 ) ) ;
#3541 = DIRECTION ( 'NONE',  ( 0.000000000000000000, 0.000000000000000000, -1.000000000000000000 ) ) ;
#3542 = CARTESIAN_POINT ( 'NONE',  ( 1.499999999999994449, 35.60000000000001563, 17.50000000000000000 ) ) ;
#3543 = ORIENTED_EDGE ( 'NONE', *, *, #555, .T. ) ;
#3544 = CARTESIAN_POINT ( 'NONE',  ( -12.48700552085715643, -17.70032982109715647, 2.000000000000001776 ) ) ;
#3545 = DIRECTION ( 'NONE',  ( 1.000000000000000000, 0.000000000000000000, 0.000000000000000000 ) ) ;
#3546 = EDGE_CURVE ( 'NONE', #3595, #3414, #596, .T. ) ;
#3547 = CARTESIAN_POINT ( 'NONE',  ( 28.99999999999999645, 14.12657463274338099, 17.50000000000000000 ) ) ;
#3548 = CARTESIAN_POINT ( 'NONE',  ( 29.00000000000000000, -6.849999999999980993, 17.41517953184286327 ) ) ;
#3549 = CARTESIAN_POINT ( 'NONE',  ( 26.70832781755651908, 0.000000000000000000, 11.00000000000000355 ) ) ;
#3550 = ORIENTED_EDGE ( 'NONE', *, *, #1379, .F. ) ;
#3551 = ORIENTED_EDGE ( 'NONE', *, *, #1694, .T. ) ;
#3552 = CIRCLE ( 'NONE', #3811, 1.100000000000000311 ) ;
#3553 = ORIENTED_EDGE ( 'NONE', *, *, #1953, .T. ) ;
#3554 = ORIENTED_EDGE ( 'NONE', *, *, #943, .F. ) ;
#3555 = ORIENTED_EDGE ( 'NONE', *, *, #480, .T. ) ;
#3556 = EDGE_CURVE ( 'NONE', #1920, #2184, #1330, .T. ) ;
#3557 = AXIS2_PLACEMENT_3D ( 'NONE', #902, #2048, #2333 ) ;
#3558 = CARTESIAN_POINT ( 'NONE',  ( 24.65698467243438330, -0.9499999999999857447, 16.92729786822549443 ) ) ;
#3559 = VECTOR ( 'NONE', #785, 1000.000000000000000 ) ;
#3560 = CARTESIAN_POINT ( 'NONE',  ( 1.499999999999994449, 35.60000000000001563, 3.700000000000001954 ) ) ;
#3561 = PLANE ( 'NONE',  #64 ) ;
#3562 = AXIS2_PLACEMENT_3D ( 'NONE', #3057, #2707, #333 ) ;
#3563 = EDGE_LOOP ( 'NONE', ( #1423, #3141, #1413, #2108, #1558, #2928, #3745, #2652 ) ) ;
#3564 = ORIENTED_EDGE ( 'NONE', *, *, #2383, .F. ) ;
#3565 = CARTESIAN_POINT ( 'NONE',  ( 23.10000000000001208, -5.549999999999982059, 11.00000000000000355 ) ) ;
#3566 = CIRCLE ( 'NONE', #140, 1.099999999999998979 ) ;
#3567 = CARTESIAN_POINT ( 'NONE',  ( -30.50000000000000711, 42.20000000000001705, 19.00000000000000355 ) ) ;
#3568 = DIRECTION ( 'NONE',  ( 0.000000000000000000, 0.000000000000000000, 1.000000000000000000 ) ) ;
#3569 = DIRECTION ( 'NONE',  ( 1.000000000000000000, 0.000000000000000000, 0.000000000000000000 ) ) ;
#3570 = PLANE ( 'NONE',  #247 ) ;
#3571 = EDGE_LOOP ( 'NONE', ( #2595, #3006, #1699, #2487 ) ) ;
#3572 = ORIENTED_EDGE ( 'NONE', *, *, #1070, .F. ) ;
#3573 = ORIENTED_EDGE ( 'NONE', *, *, #1095, .T. ) ;
#3574 = CARTESIAN_POINT ( 'NONE',  ( -30.49999999999999645, -42.20000000000001705, 19.00000000000000355 ) ) ;
#3575 = VERTEX_POINT ( 'NONE', #1926 ) ;
#3576 = ORIENTED_EDGE ( 'NONE', *, *, #480, .F. ) ;
#3577 = EDGE_CURVE ( 'NONE', #2557, #3599, #289, .T. ) ;
#3578 = DIRECTION ( 'NONE',  ( -1.426192198154054644E-32, 1.156482317317871478E-16, 1.000000000000000000 ) ) ;
#3579 = CARTESIAN_POINT ( 'NONE',  ( 25.70832781755653684, -6.849999999999981881, 19.00000000000000355 ) ) ;
#3580 = DIRECTION ( 'NONE',  ( -1.000000000000000000, 0.000000000000000000, 0.000000000000000000 ) ) ;
#3581 = CIRCLE ( 'NONE', #3330, 6.608327817556509665 ) ;
#3582 = ORIENTED_EDGE ( 'NONE', *, *, #3416, .T. ) ;
#3583 = ORIENTED_EDGE ( 'NONE', *, *, #3115, .F. ) ;
#3584 = DIRECTION ( 'NONE',  ( 0.000000000000000000, 0.000000000000000000, -1.000000000000000000 ) ) ;
#3585 = CARTESIAN_POINT ( 'NONE',  ( 19.49167218244349797, -5.549999999999982059, 11.00000000000000355 ) ) ;
#3586 = DIRECTION ( 'NONE',  ( -0.000000000000000000, 0.000000000000000000, 1.000000000000000000 ) ) ;
#3587 = EDGE_CURVE ( 'NONE', #408, #116, #2511, .T. ) ;
#3588 = FACE_OUTER_BOUND ( 'NONE', #1149, .T. ) ;
#3589 = DIRECTION ( 'NONE',  ( -0.000000000000000000, -0.000000000000000000, -1.000000000000000000 ) ) ;
#3590 = DIRECTION ( 'NONE',  ( -1.000000000000000000, -0.000000000000000000, -0.000000000000000000 ) ) ;
#3591 = VERTEX_POINT ( 'NONE', #2951 ) ;
#3592 = AXIS2_PLACEMENT_3D ( 'NONE', #3406, #2261, #2239 ) ;
#3593 = CARTESIAN_POINT ( 'NONE',  ( 23.10000000000001563, -13.04999999999998117, 14.50000000000000178 ) ) ;
#3594 = ADVANCED_FACE ( 'NONE', ( #777 ), #1967, .F. ) ;
#3595 = VERTEX_POINT ( 'NONE', #1352 ) ;
#3596 = DIRECTION ( 'NONE',  ( 1.000000000000000000, 0.000000000000000000, 0.000000000000000000 ) ) ;
#3597 = VECTOR ( 'NONE', #3133, 1000.000000000000000 ) ;
#3598 = ORIENTED_EDGE ( 'NONE', *, *, #2898, .F. ) ;
#3599 = VERTEX_POINT ( 'NONE', #462 ) ;
#3600 = EDGE_CURVE ( 'NONE', #1355, #137, #3286, .T. ) ;
#3601 = PLANE ( 'NONE',  #1358 ) ;
#3602 = CARTESIAN_POINT ( 'NONE',  ( 0.9295331930881353122, 37.83783398748548166, 3.700000000000001954 ) ) ;
#3603 = PLANE ( 'NONE',  #2677 ) ;
#3604 = ORIENTED_EDGE ( 'NONE', *, *, #82, .T. ) ;
#3605 = LINE ( 'NONE', #324, #2069 ) ;
#3606 = FACE_BOUND ( 'NONE', #3829, .T. ) ;
#3607 = DIRECTION ( 'NONE',  ( 1.000000000000000000, 0.000000000000000000, 0.000000000000000000 ) ) ;
#3608 = FACE_OUTER_BOUND ( 'NONE', #1228, .T. ) ;
#3609 = CARTESIAN_POINT ( 'NONE',  ( 29.00000000000000000, -40.70000000000001705, -104.1362568945129823 ) ) ;
#3610 = EDGE_CURVE ( 'NONE', #738, #1360, #2187, .T. ) ;
#3611 = DIRECTION ( 'NONE',  ( -0.8715445865823454596, -0.4903162587544986906, 0.000000000000000000 ) ) ;
#3612 = VERTEX_POINT ( 'NONE', #1410 ) ;
#3613 = PLANE ( 'NONE',  #3562 ) ;
#3614 = EDGE_CURVE ( 'NONE', #3857, #3575, #2553, .T. ) ;
#3615 = ORIENTED_EDGE ( 'NONE', *, *, #1389, .F. ) ;
#3616 = DIRECTION ( 'NONE',  ( 4.625929269271485914E-16, 1.000000000000000000, 0.000000000000000000 ) ) ;
#3617 = AXIS2_PLACEMENT_3D ( 'NONE', #3495, #528, #2268 ) ;
#3618 = ORIENTED_EDGE ( 'NONE', *, *, #757, .F. ) ;
#3619 = ORIENTED_EDGE ( 'NONE', *, *, #173, .F. ) ;
#3620 = CARTESIAN_POINT ( 'NONE',  ( 26.23447434192187799, -0.9499999999999841904, 17.32121947913859472 ) ) ;
#3621 = VECTOR ( 'NONE', #2705, 1000.000000000000000 ) ;
#3622 = ADVANCED_FACE ( 'NONE', ( #3225 ), #2313, .T. ) ;
#3623 = VECTOR ( 'NONE', #3003, 999.9999999999998863 ) ;
#3624 = LINE ( 'NONE', #1233, #3629 ) ;
#3625 = AXIS2_PLACEMENT_3D ( 'NONE', #3909, #1511, #2397 ) ;
#3626 = ORIENTED_EDGE ( 'NONE', *, *, #1472, .T. ) ;
#3627 = VECTOR ( 'NONE', #589, 1000.000000000000000 ) ;
#3628 = LINE ( 'NONE', #618, #3091 ) ;
#3629 = VECTOR ( 'NONE', #1562, 1000.000000000000000 ) ;
#3630 = DIRECTION ( 'NONE',  ( -0.000000000000000000, 0.000000000000000000, 1.000000000000000000 ) ) ;
#3631 = EDGE_CURVE ( 'NONE', #176, #2412, #1721, .T. ) ;
#3632 = EDGE_CURVE ( 'NONE', #832, #2269, #3778, .T. ) ;
#3633 = AXIS2_PLACEMENT_3D ( 'NONE', #649, #2764, #3336 ) ;
#3634 = CARTESIAN_POINT ( 'NONE',  ( 0.000000000000000000, 0.000000000000000000, 3.700000000000001954 ) ) ;
#3635 = DIRECTION ( 'NONE',  ( 0.000000000000000000, -1.000000000000000000, 0.000000000000000000 ) ) ;
#3636 = LINE ( 'NONE', #906, #3818 ) ;
#3637 = VECTOR ( 'NONE', #2919, 1000.000000000000000 ) ;
#3638 = CARTESIAN_POINT ( 'NONE',  ( 25.70832781755653684, -3.567747183457833567E-14, 11.00000000000000355 ) ) ;
#3639 = LINE ( 'NONE', #869, #641 ) ;
#3640 = CARTESIAN_POINT ( 'NONE',  ( 20.49167218244350153, 3.650000000000009681, 11.00000000000000355 ) ) ;
#3641 = EDGE_LOOP ( 'NONE', ( #753, #3583, #3479, #2216 ) ) ;
#3642 = ORIENTED_EDGE ( 'NONE', *, *, #1526, .T. ) ;
#3643 = CARTESIAN_POINT ( 'NONE',  ( 20.03857326998891608, -14.97588429814278754, 14.51450917483571423 ) ) ;
#3644 = CARTESIAN_POINT ( 'NONE',  ( -10.50000000000000533, -18.87725054630192645, 5.700000000000001954 ) ) ;
#3645 = ORIENTED_EDGE ( 'NONE', *, *, #1307, .F. ) ;
#3646 = DIRECTION ( 'NONE',  ( 1.156482317317871725E-15, 0.000000000000000000, 1.000000000000000000 ) ) ;
#3647 = PLANE ( 'NONE',  #3306 ) ;
#3648 = ADVANCED_FACE ( 'NONE', ( #1077 ), #2871, .F. ) ;
#3649 = CARTESIAN_POINT ( 'NONE',  ( 4.660696125871204742, 40.70000000000001705, 17.50000000000000000 ) ) ;
#3650 = CARTESIAN_POINT ( 'NONE',  ( 12.58602147782949920, -21.15631835230778179, 3.700000000000001954 ) ) ;
#3651 = FACE_OUTER_BOUND ( 'NONE', #551, .T. ) ;
#3652 = LINE ( 'NONE', #2138, #3621 ) ;
#3653 = AXIS2_PLACEMENT_3D ( 'NONE', #1745, #2131, #3584 ) ;
#3654 = DIRECTION ( 'NONE',  ( 0.000000000000000000, 0.000000000000000000, 1.000000000000000000 ) ) ;
#3655 = CARTESIAN_POINT ( 'NONE',  ( -12.51274600669631454, -20.00958744222176833, 2.000000000000001776 ) ) ;
#3656 = ORIENTED_EDGE ( 'NONE', *, *, #771, .T. ) ;
#3657 = ORIENTED_EDGE ( 'NONE', *, *, #2550, .F. ) ;
#3658 = ORIENTED_EDGE ( 'NONE', *, *, #2336, .T. ) ;
#3659 = LINE ( 'NONE', #676, #913 ) ;
#3660 = FACE_OUTER_BOUND ( 'NONE', #3082, .T. ) ;
#3661 = EDGE_CURVE ( 'NONE', #1360, #3919, #2954, .T. ) ;
#3662 = AXIS2_PLACEMENT_3D ( 'NONE', #524, #182, #2332 ) ;
#3663 = ORIENTED_EDGE ( 'NONE', *, *, #2443, .F. ) ;
#3664 = CARTESIAN_POINT ( 'NONE',  ( 25.70832781755653684, 21.65000000000001279, 19.00000000000000355 ) ) ;
#3665 = DIRECTION ( 'NONE',  ( 1.000000000000000000, 0.000000000000000000, 0.000000000000000000 ) ) ;
#3666 = DIRECTION ( 'NONE',  ( -0.000000000000000000, -0.000000000000000000, -1.000000000000000000 ) ) ;
#3667 = FACE_OUTER_BOUND ( 'NONE', #3882, .T. ) ;
#3668 = EDGE_CURVE ( 'NONE', #3109, #95, #2612, .T. ) ;
#3669 = CARTESIAN_POINT ( 'NONE',  ( 3.607423429605833398, 40.70000000000001705, 17.46155808083882022 ) ) ;
#3670 = CARTESIAN_POINT ( 'NONE',  ( 29.00000000000000000, -2.573425367256611196, 17.50000000000000000 ) ) ;
#3671 = DIRECTION ( 'NONE',  ( -0.000000000000000000, -1.000000000000000000, 0.000000000000000000 ) ) ;
#3672 = PLANE ( 'NONE',  #566 ) ;
#3673 = EDGE_LOOP ( 'NONE', ( #2488, #231, #772 ) ) ;
#3674 = ORIENTED_EDGE ( 'NONE', *, *, #2800, .F. ) ;
#3675 = ORIENTED_EDGE ( 'NONE', *, *, #1091, .F. ) ;
#3676 = ADVANCED_FACE ( 'NONE', ( #2668 ), #1211, .F. ) ;
#3677 = LINE ( 'NONE', #717, #475 ) ;
#3678 = LINE ( 'NONE', #633, #1398 ) ;
#3679 = EDGE_CURVE ( 'NONE', #1940, #2528, #854, .T. ) ;
#3680 = EDGE_LOOP ( 'NONE', ( #572, #2083, #3618, #118 ) ) ;
#3681 = AXIS2_PLACEMENT_3D ( 'NONE', #2600, #3812, #2282 ) ;
#3682 = CARTESIAN_POINT ( 'NONE',  ( 30.50000000000000711, -11.74999999999998046, 19.00000000000000355 ) ) ;
#3683 = CARTESIAN_POINT ( 'NONE',  ( 26.70832781755651908, -11.74999999999998046, 14.50000000000000178 ) ) ;
#3684 = CIRCLE ( 'NONE', #1966, 2.999999999999999112 ) ;
#3685 = AXIS2_PLACEMENT_3D ( 'NONE', #296, #1498, #1163 ) ;
#3686 = VERTEX_POINT ( 'NONE', #3302 ) ;
#3687 = CARTESIAN_POINT ( 'NONE',  ( -30.49999999999999645, -42.20000000000001705, 19.00000000000000355 ) ) ;
#3688 = AXIS2_PLACEMENT_3D ( 'NONE', #2133, #2377, #619 ) ;
#3689 = AXIS2_PLACEMENT_3D ( 'NONE', #2277, #2873, #2851 ) ;
#3690 = CARTESIAN_POINT ( 'NONE',  ( 29.70832781755651908, 0.000000000000000000, 14.50000000000000178 ) ) ;
#3691 = DIRECTION ( 'NONE',  ( -0.000000000000000000, -0.000000000000000000, -1.000000000000000000 ) ) ;
#3692 = ORIENTED_EDGE ( 'NONE', *, *, #3631, .F. ) ;
#3693 = AXIS2_PLACEMENT_3D ( 'NONE', #2158, #2746, #31 ) ;
#3694 = CARTESIAN_POINT ( 'NONE',  ( 28.99999999999999645, 9.850000000000019185, 17.41517953184286327 ) ) ;
#3695 = CARTESIAN_POINT ( 'NONE',  ( 16.76011601465225098, -14.91436788124609336, 14.50000000000000000 ) ) ;
#3696 = VECTOR ( 'NONE', #1871, 1000.000000000000000 ) ;
#3697 = DIRECTION ( 'NONE',  ( -0.000000000000000000, 0.000000000000000000, 1.000000000000000000 ) ) ;
#3698 = ORIENTED_EDGE ( 'NONE', *, *, #241, .F. ) ;
#3699 = ORIENTED_EDGE ( 'NONE', *, *, #61, .F. ) ;
#3700 = ORIENTED_EDGE ( 'NONE', *, *, #401, .F. ) ;
#3701 = AXIS2_PLACEMENT_3D ( 'NONE', #3020, #1198, #2118 ) ;
#3702 = FACE_OUTER_BOUND ( 'NONE', #2904, .T. ) ;
#3703 = CARTESIAN_POINT ( 'NONE',  ( 12.24999927169117697, -18.87149398043249704, 5.700000000000001954 ) ) ;
#3704 = ORIENTED_EDGE ( 'NONE', *, *, #601, .F. ) ;
#3705 = CARTESIAN_POINT ( 'NONE',  ( 20.49167218244350153, 20.35000000000001563, 11.00000000000000355 ) ) ;
#3706 = DIRECTION ( 'NONE',  ( 1.000000000000000000, 0.000000000000000000, 0.000000000000000000 ) ) ;
#3707 = ORIENTED_EDGE ( 'NONE', *, *, #256, .T. ) ;
#3708 = CYLINDRICAL_SURFACE ( 'NONE', #1971, 2.999999999999999112 ) ;
#3709 = CARTESIAN_POINT ( 'NONE',  ( 25.70832781755651553, 20.35000000000001563, 11.00000000000000355 ) ) ;
#3710 = DIRECTION ( 'NONE',  ( -0.000000000000000000, 1.156482317317871478E-16, 1.000000000000000000 ) ) ;
#3711 = AXIS2_PLACEMENT_3D ( 'NONE', #1129, #576, #895 ) ;
#3712 = EDGE_CURVE ( 'NONE', #399, #2205, #1489, .T. ) ;
#3713 = ADVANCED_FACE ( 'NONE', ( #3029 ), #3601, .T. ) ;
#3714 = LINE ( 'NONE', #2199, #965 ) ;
#3715 = DIRECTION ( 'NONE',  ( 0.000000000000000000, -1.000000000000000000, 0.000000000000000000 ) ) ;
#3716 = CARTESIAN_POINT ( 'NONE',  ( 28.99999999999999645, 14.12657463274338099, 17.50000000000000000 ) ) ;
#3717 = ORIENTED_EDGE ( 'NONE', *, *, #944, .F. ) ;
#3718 = ORIENTED_EDGE ( 'NONE', *, *, #1707, .F. ) ;
#3719 = ORIENTED_EDGE ( 'NONE', *, *, #1617, .F. ) ;
#3720 = PLANE ( 'NONE',  #1925 ) ;
#3721 = DIRECTION ( 'NONE',  ( 0.000000000000000000, -2.312964634635742957E-16, -1.000000000000000000 ) ) ;
#3722 = EDGE_CURVE ( 'NONE', #2393, #1350, #89, .T. ) ;
#3723 = ORIENTED_EDGE ( 'NONE', *, *, #1329, .T. ) ;
#3724 = DIRECTION ( 'NONE',  ( 0.000000000000000000, 0.000000000000000000, 1.000000000000000000 ) ) ;
#3725 = FACE_OUTER_BOUND ( 'NONE', #136, .T. ) ;
#3726 = ORIENTED_EDGE ( 'NONE', *, *, #3804, .F. ) ;
#3727 = CARTESIAN_POINT ( 'NONE',  ( -10.50000000000000533, -18.87725054630192645, -6.485281374238573093 ) ) ;
#3728 = PLANE ( 'NONE',  #1327 ) ;
#3729 = EDGE_CURVE ( 'NONE', #1038, #1781, #2110, .T. ) ;
#3730 = CYLINDRICAL_SURFACE ( 'NONE', #3303, 3.608327817556510109 ) ;
#3731 = CARTESIAN_POINT ( 'NONE',  ( -24.84999999999999787, 32.95000000000001705, 17.50000000000000000 ) ) ;
#3732 = LINE ( 'NONE', #1006, #507 ) ;
#3733 = CARTESIAN_POINT ( 'NONE',  ( 17.29849712609157564, -15.62092441372627505, 17.50000000018593482 ) ) ;
#3734 = EDGE_LOOP ( 'NONE', ( #3782, #473, #1919, #2508 ) ) ;
#3735 = VERTEX_POINT ( 'NONE', #1467 ) ;
#3736 = ORIENTED_EDGE ( 'NONE', *, *, #3159, .T. ) ;
#3737 = CYLINDRICAL_SURFACE ( 'NONE', #212, 2.608327817556509221 ) ;
#3738 = EDGE_LOOP ( 'NONE', ( #3773, #2382 ) ) ;
#3739 = EDGE_CURVE ( 'NONE', #534, #2816, #1730, .T. ) ;
#3740 = CARTESIAN_POINT ( 'NONE',  ( 23.10000000000000853, 20.35000000000001563, 14.50000000000000178 ) ) ;
#3741 = CARTESIAN_POINT ( 'NONE',  ( 26.70832781755651908, 9.850000000000017408, 14.50000000000000178 ) ) ;
#3742 = CARTESIAN_POINT ( 'NONE',  ( 0.000000000000000000, 26.55000000000001492, 11.00000000000000355 ) ) ;
#3743 = VECTOR ( 'NONE', #867, 1000.000000000000000 ) ;
#3744 = VECTOR ( 'NONE', #3810, 1000.000000000000227 ) ;
#3745 = ORIENTED_EDGE ( 'NONE', *, *, #3204, .F. ) ;
#3746 = ORIENTED_EDGE ( 'NONE', *, *, #3462, .T. ) ;
#3747 = DIRECTION ( 'NONE',  ( -0.000000000000000000, -0.000000000000000000, -1.000000000000000000 ) ) ;
#3748 = VECTOR ( 'NONE', #1551, 1000.000000000000000 ) ;
#3749 = LINE ( 'NONE', #3134, #3128 ) ;
#3750 = DIRECTION ( 'NONE',  ( 0.000000000000000000, 0.000000000000000000, 1.000000000000000000 ) ) ;
#3751 = ORIENTED_EDGE ( 'NONE', *, *, #402, .F. ) ;
#3752 = EDGE_CURVE ( 'NONE', #2808, #2009, #3326, .T. ) ;
#3753 = CIRCLE ( 'NONE', #2613, 2.999999999999999112 ) ;
#3754 = CARTESIAN_POINT ( 'NONE',  ( 26.70832781755651908, 3.650000000000009237, 14.50000000000000178 ) ) ;
#3755 = LINE ( 'NONE', #3137, #3180 ) ;
#3756 = AXIS2_PLACEMENT_3D ( 'NONE', #2755, #598, #2771 ) ;
#3757 = FACE_OUTER_BOUND ( 'NONE', #1473, .T. ) ;
#3758 = EDGE_LOOP ( 'NONE', ( #142, #2546, #3915, #1170 ) ) ;
#3759 = VERTEX_POINT ( 'NONE', #2367 ) ;
#3760 = ORIENTED_EDGE ( 'NONE', *, *, #2146, .T. ) ;
#3761 =( LENGTH_UNIT ( ) NAMED_UNIT ( * ) SI_UNIT ( .MILLI., .METRE. ) );
#3762 = TOROIDAL_SURFACE ( 'NONE', #1273, 5.999999999999999112, 3.000000000000000000 ) ;
#3763 = AXIS2_PLACEMENT_3D ( 'NONE', #3602, #1786, #1571 ) ;
#3764 = ORIENTED_EDGE ( 'NONE', *, *, #3022, .F. ) ;
#3765 = DIRECTION ( 'NONE',  ( 0.000000000000000000, 0.000000000000000000, 1.000000000000000000 ) ) ;
#3766 = DIRECTION ( 'NONE',  ( 1.000000000000000000, 0.000000000000000000, 0.000000000000000000 ) ) ;
#3767 = CARTESIAN_POINT ( 'NONE',  ( 26.70832781755651908, 20.35000000000001563, 11.00000000000000355 ) ) ;
#3768 = EDGE_LOOP ( 'NONE', ( #949, #2191, #2744, #3323, #1009, #1125, #3154, #97 ) ) ;
#3769 = DIRECTION ( 'NONE',  ( 1.000000000000000000, 0.000000000000000000, 0.000000000000000000 ) ) ;
#3770 = EDGE_CURVE ( 'NONE', #290, #2827, #1740, .T. ) ;
#3771 = CARTESIAN_POINT ( 'NONE',  ( 28.99999999999999645, 9.850000000000012079, 0.000000000000000000 ) ) ;
#3772 = SURFACE_STYLE_USAGE ( .BOTH. , #746 ) ;
#3773 = ORIENTED_EDGE ( 'NONE', *, *, #2599, .F. ) ;
#3774 = EDGE_CURVE ( 'NONE', #1763, #3459, #234, .T. ) ;
#3775 = EDGE_CURVE ( 'NONE', #2225, #2054, #410, .T. ) ;
#3776 = FACE_OUTER_BOUND ( 'NONE', #3122, .T. ) ;
#3777 = PLANE ( 'NONE',  #1333 ) ;
#3778 = CIRCLE ( 'NONE', #787, 2.999999999999999112 ) ;
#3779 = DIRECTION ( 'NONE',  ( 1.000000000000000000, 0.000000000000000000, 0.000000000000000000 ) ) ;
#3780 = VERTEX_POINT ( 'NONE', #2712 ) ;
#3781 = ORIENTED_EDGE ( 'NONE', *, *, #647, .T. ) ;
#3782 = ORIENTED_EDGE ( 'NONE', *, *, #2859, .T. ) ;
#3783 =( GEOMETRIC_REPRESENTATION_CONTEXT ( 3 ) GLOBAL_UNCERTAINTY_ASSIGNED_CONTEXT ( ( #1613 ) ) GLOBAL_UNIT_ASSIGNED_CONTEXT ( ( #3761, #2906, #3500 ) ) REPRESENTATION_CONTEXT ( 'NONE', 'WORKASPACE' ) );
#3784 = ORIENTED_EDGE ( 'NONE', *, *, #1180, .T. ) ;
#3785 = ORIENTED_EDGE ( 'NONE', *, *, #2353, .F. ) ;
#3786 = DIRECTION ( 'NONE',  ( -1.000000000000000000, -0.000000000000000000, -0.000000000000000000 ) ) ;
#3787 = LINE ( 'NONE', #814, #2747 ) ;
#3788 = EDGE_CURVE ( 'NONE', #723, #320, #2121, .T. ) ;
#3789 = LINE ( 'NONE', #3483, #1841 ) ;
#3790 = ORIENTED_EDGE ( 'NONE', *, *, #3823, .T. ) ;
#3791 = CARTESIAN_POINT ( 'NONE',  ( 25.70832781755652974, -5.549999999999982059, 19.00000000000000355 ) ) ;
#3792 = DIRECTION ( 'NONE',  ( -0.000000000000000000, -0.000000000000000000, -1.000000000000000000 ) ) ;
#3793 = VECTOR ( 'NONE', #291, 1000.000000000000000 ) ;
#3794 = CARTESIAN_POINT ( 'NONE',  ( 28.99999999999999645, 1.168929186963116651, 17.50000000000000000 ) ) ;
#3795 = EDGE_LOOP ( 'NONE', ( #793, #1618, #74, #1368 ) ) ;
#3796 = EDGE_CURVE ( 'NONE', #3228, #2105, #2909, .T. ) ;
#3797 = PLANE ( 'NONE',  #2430 ) ;
#3798 = PLANE ( 'NONE',  #1901 ) ;
#3799 = DIRECTION ( 'NONE',  ( 0.000000000000000000, 0.000000000000000000, 1.000000000000000000 ) ) ;
#3800 = ORIENTED_EDGE ( 'NONE', *, *, #3403, .T. ) ;
#3801 = EDGE_LOOP ( 'NONE', ( #2341, #2897, #1305, #3698 ) ) ;
#3802 = DIRECTION ( 'NONE',  ( -0.000000000000000000, 0.000000000000000000, 1.000000000000000000 ) ) ;
#3803 = ORIENTED_EDGE ( 'NONE', *, *, #3870, .F. ) ;
#3804 = EDGE_CURVE ( 'NONE', #534, #2973, #861, .T. ) ;
#3805 = DIRECTION ( 'NONE',  ( -0.000000000000000000, 1.000000000000000000, -1.156482317317871478E-16 ) ) ;
#3806 = CARTESIAN_POINT ( 'NONE',  ( 29.00000000000000355, -14.04226538457299789, 17.43246849297688428 ) ) ;
#3807 = LINE ( 'NONE', #3742, #3363 ) ;
#3808 = ORIENTED_EDGE ( 'NONE', *, *, #1879, .F. ) ;
#3809 = CARTESIAN_POINT ( 'NONE',  ( -10.47425951416084544, -16.56799292517731814, 3.700000000000001954 ) ) ;
#3810 = DIRECTION ( 'NONE',  ( 0.7840581977653580115, 0.6206873146093279114, 0.000000000000000000 ) ) ;
#3811 = AXIS2_PLACEMENT_3D ( 'NONE', #411, #3469, #87 ) ;
#3812 = DIRECTION ( 'NONE',  ( -0.000000000000000000, 1.000000000000000000, -1.156482317317871478E-16 ) ) ;
#3813 = ORIENTED_EDGE ( 'NONE', *, *, #1913, .F. ) ;
#3814 = CIRCLE ( 'NONE', #3942, 3.000000000000000000 ) ;
#3815 = PLANE ( 'NONE',  #2623 ) ;
#3816 = LINE ( 'NONE', #2603, #2156 ) ;
#3817 = DIRECTION ( 'NONE',  ( 0.000000000000000000, 0.000000000000000000, 1.000000000000000000 ) ) ;
#3818 = VECTOR ( 'NONE', #865, 1000.000000000000000 ) ;
#3819 = VERTEX_POINT ( 'NONE', #2450 ) ;
#3820 = ORIENTED_EDGE ( 'NONE', *, *, #2209, .T. ) ;
#3821 = AXIS2_PLACEMENT_3D ( 'NONE', #915, #3030, #304 ) ;
#3822 = VERTEX_POINT ( 'NONE', #319 ) ;
#3823 = EDGE_CURVE ( 'NONE', #3370, #533, #3659, .T. ) ;
#3824 = AXIS2_PLACEMENT_3D ( 'NONE', #592, #3654, #1018 ) ;
#3825 = CARTESIAN_POINT ( 'NONE',  ( 18.35552989847220928, 15.75000000000001421, 17.50000000000000000 ) ) ;
#3826 = DIRECTION ( 'NONE',  ( -1.000000000000000000, 0.000000000000000000, 0.000000000000000000 ) ) ;
#3827 = DIRECTION ( 'NONE',  ( 1.000000000000000000, 0.000000000000000000, 0.000000000000000000 ) ) ;
#3828 = VECTOR ( 'NONE', #3471, 1000.000000000000114 ) ;
#3829 = EDGE_LOOP ( 'NONE', ( #75, #1991 ) ) ;
#3830 = AXIS2_PLACEMENT_3D ( 'NONE', #2399, #3666, #881 ) ;
#3831 = CARTESIAN_POINT ( 'NONE',  ( 20.49167218244350153, 11.15000000000001634, 11.00000000000000355 ) ) ;
#3832 = DIRECTION ( 'NONE',  ( -0.000000000000000000, -0.000000000000000000, -1.000000000000000000 ) ) ;
#3833 = DIRECTION ( 'NONE',  ( 1.000000000000000000, 0.000000000000000000, 0.000000000000000000 ) ) ;
#3834 = DIRECTION ( 'NONE',  ( 1.000000000000000000, 0.000000000000000000, 0.000000000000000000 ) ) ;
#3835 = CARTESIAN_POINT ( 'NONE',  ( -30.49999999999999645, -42.20000000000001705, 19.00000000000000355 ) ) ;
#3836 = EDGE_CURVE ( 'NONE', #3759, #2385, #1416, .T. ) ;
#3837 = ORIENTED_EDGE ( 'NONE', *, *, #23, .T. ) ;
#3838 = DIRECTION ( 'NONE',  ( 1.000000000000000000, 0.000000000000000000, -0.000000000000000000 ) ) ;
#3839 = EDGE_CURVE ( 'NONE', #122, #3043, #77, .T. ) ;
#3840 = VECTOR ( 'NONE', #1152, 1000.000000000000114 ) ;
#3841 = VERTEX_POINT ( 'NONE', #1840 ) ;
#3842 = ORIENTED_EDGE ( 'NONE', *, *, #3712, .F. ) ;
#3843 = DIRECTION ( 'NONE',  ( -0.000000000000000000, -0.000000000000000000, -1.000000000000000000 ) ) ;
#3844 = FACE_OUTER_BOUND ( 'NONE', #1522, .T. ) ;
#3845 = CARTESIAN_POINT ( 'NONE',  ( -8.487253993303689015, -17.74491365038208457, 3.700000000000001954 ) ) ;
#3846 = ADVANCED_FACE ( 'NONE', ( #3415 ), #3737, .F. ) ;
#3847 = ORIENTED_EDGE ( 'NONE', *, *, #84, .F. ) ;
#3848 = DIRECTION ( 'NONE',  ( 1.000000000000000000, 0.000000000000000000, 0.000000000000000000 ) ) ;
#3849 = VECTOR ( 'NONE', #3929, 1000.000000000000000 ) ;
#3850 = DIRECTION ( 'NONE',  ( 0.000000000000000000, 0.000000000000000000, 1.000000000000000000 ) ) ;
#3851 = DIRECTION ( 'NONE',  ( -1.000000000000000000, 0.000000000000000000, -0.000000000000000000 ) ) ;
#3852 = ADVANCED_FACE ( 'NONE', ( #1523 ), #3720, .F. ) ;
#3853 = ADVANCED_FACE ( 'NONE', ( #3702 ), #631, .F. ) ;
#3854 = DIRECTION ( 'NONE',  ( 1.387778780781445676E-15, 1.000000000000000000, 0.000000000000000000 ) ) ;
#3855 = VERTEX_POINT ( 'NONE', #1543 ) ;
#3856 = ORIENTED_EDGE ( 'NONE', *, *, #2169, .T. ) ;
#3857 = VERTEX_POINT ( 'NONE', #1600 ) ;
#3858 = ORIENTED_EDGE ( 'NONE', *, *, #3473, .T. ) ;
#3859 = CARTESIAN_POINT ( 'NONE',  ( 27.43697940278389069, -0.9499999999999855227, 17.48925234290731368 ) ) ;
#3860 = DIRECTION ( 'NONE',  ( -0.000000000000000000, 0.000000000000000000, 1.000000000000000000 ) ) ;
#3861 = PLANE ( 'NONE',  #3247 ) ;
#3862 = ORIENTED_EDGE ( 'NONE', *, *, #2950, .T. ) ;
#3863 = EDGE_CURVE ( 'NONE', #1920, #1304, #2769, .T. ) ;
#3864 = VERTEX_POINT ( 'NONE', #98 ) ;
#3865 = DIRECTION ( 'NONE',  ( 1.000000000000000000, 0.000000000000000000, 0.000000000000000000 ) ) ;
#3866 = CARTESIAN_POINT ( 'NONE',  ( 19.49167218244349797, 20.35000000000001563, 11.00000000000000355 ) ) ;
#3867 = CARTESIAN_POINT ( 'NONE',  ( 20.49167218244350153, 0.000000000000000000, 11.00000000000000355 ) ) ;
#3868 = DIRECTION ( 'NONE',  ( -0.01114595732123251602, -0.9999378818883667419, 0.000000000000000000 ) ) ;
#3869 = AXIS2_PLACEMENT_3D ( 'NONE', #1596, #692, #93 ) ;
#3870 = EDGE_CURVE ( 'NONE', #2024, #3027, #1011, .T. ) ;
#3871 = CARTESIAN_POINT ( 'NONE',  ( -12.48700552085715643, -17.70032982109715647, 3.700000000000001954 ) ) ;
#3872 = ORIENTED_EDGE ( 'NONE', *, *, #3883, .T. ) ;
#3873 = DIRECTION ( 'NONE',  ( 1.000000000000000000, -0.000000000000000000, 0.000000000000000000 ) ) ;
#3874 = CIRCLE ( 'NONE', #1972, 3.608327817556510109 ) ;
#3875 = VERTEX_POINT ( 'NONE', #19 ) ;
#3876 = VERTEX_POINT ( 'NONE', #2228 ) ;
#3877 = VECTOR ( 'NONE', #2398, 1000.000000000000000 ) ;
#3878 = CARTESIAN_POINT ( 'NONE',  ( 20.49167218244350153, 0.000000000000000000, 11.00000000000000355 ) ) ;
#3879 = DIRECTION ( 'NONE',  ( 1.000000000000000000, 0.000000000000000000, 0.000000000000000000 ) ) ;
#3880 = DIRECTION ( 'NONE',  ( 0.000000000000000000, 0.000000000000000000, 1.000000000000000000 ) ) ;
#3881 = AXIS2_PLACEMENT_3D ( 'NONE', #2467, #2789, #2730 ) ;
#3882 = EDGE_LOOP ( 'NONE', ( #3764, #2486, #3760, #3062 ) ) ;
#3883 = EDGE_CURVE ( 'NONE', #3475, #2749, #2788, .T. ) ;
#3884 = ORIENTED_EDGE ( 'NONE', *, *, #615, .T. ) ;
#3885 = CARTESIAN_POINT ( 'NONE',  ( 20.49167218244350153, 27.85000000000001208, 11.00000000000000355 ) ) ;
#3886 = CIRCLE ( 'NONE', #897, 3.000000000000000888 ) ;
#3887 = CARTESIAN_POINT ( 'NONE',  ( 23.10000000000000853, 3.650000000000009237, 11.00000000000000355 ) ) ;
#3888 = VECTOR ( 'NONE', #1107, 1000.000000000000000 ) ;
#3889 = EDGE_CURVE ( 'NONE', #2365, #374, #3677, .T. ) ;
#3890 = LINE ( 'NONE', #1179, #2483 ) ;
#3891 = DIRECTION ( 'NONE',  ( 1.000000000000000000, 0.000000000000000000, 0.000000000000000000 ) ) ;
#3892 = CARTESIAN_POINT ( 'NONE',  ( -0.1527876791587042538, 33.98704425945579999, 2.000000000000001776 ) ) ;
#3893 = EDGE_CURVE ( 'NONE', #2686, #1540, #2753, .T. ) ;
#3894 = EDGE_CURVE ( 'NONE', #2792, #1067, #1232, .T. ) ;
#3895 = DIRECTION ( 'NONE',  ( 1.000000000000000000, 0.000000000000000000, 0.000000000000000000 ) ) ;
#3896 = CARTESIAN_POINT ( 'NONE',  ( 28.99999999999999645, 30.82657463274338028, 17.50000000000000000 ) ) ;
#3897 = DIRECTION ( 'NONE',  ( 1.000000000000000000, 0.000000000000000000, 0.000000000000000000 ) ) ;
#3898 = ORIENTED_EDGE ( 'NONE', *, *, #2777, .F. ) ;
#3899 = PLANE ( 'NONE',  #3869 ) ;
#3900 = ORIENTED_EDGE ( 'NONE', *, *, #971, .F. ) ;
#3901 = ORIENTED_EDGE ( 'NONE', *, *, #3916, .F. ) ;
#3902 = DIRECTION ( 'NONE',  ( 0.000000000000000000, -1.000000000000000000, 0.000000000000000000 ) ) ;
#3903 = PLANE ( 'NONE',  #1275 ) ;
#3904 = DIRECTION ( 'NONE',  ( -0.9626974320074201952, 0.2705802180617025154, 0.000000000000000000 ) ) ;
#3905 = AXIS2_PLACEMENT_3D ( 'NONE', #2849, #119, #935 ) ;
#3906 = ORIENTED_EDGE ( 'NONE', *, *, #1341, .F. ) ;
#3907 = DIRECTION ( 'NONE',  ( 0.1455018833757425467, -0.9893579746149073761, 0.000000000000000000 ) ) ;
#3908 = EDGE_CURVE ( 'NONE', #1676, #2178, #3083, .T. ) ;
#3909 = CARTESIAN_POINT ( 'NONE',  ( 1.499999999999994449, 35.60000000000001563, 5.700000000000001954 ) ) ;
#3910 = FACE_OUTER_BOUND ( 'NONE', #3801, .T. ) ;
#3911 = EDGE_CURVE ( 'NONE', #1350, #2393, #3528, .T. ) ;
#3912 = CARTESIAN_POINT ( 'NONE',  ( 20.49167218244350153, -13.04999999999998117, 19.00000000000000355 ) ) ;
#3913 = DIRECTION ( 'NONE',  ( -1.000000000000000000, -4.262219842694856156E-17, 0.000000000000000000 ) ) ;
#3914 = FACE_OUTER_BOUND ( 'NONE', #1036, .T. ) ;
#3915 = ORIENTED_EDGE ( 'NONE', *, *, #3752, .F. ) ;
#3916 = EDGE_CURVE ( 'NONE', #2253, #2448, #792, .T. ) ;
#3917 = VECTOR ( 'NONE', #725, 1000.000000000000000 ) ;
#3918 = CARTESIAN_POINT ( 'NONE',  ( 29.70832781755651908, 0.000000000000000000, 14.50000000000000178 ) ) ;
#3919 = VERTEX_POINT ( 'NONE', #810 ) ;
#3920 = FACE_OUTER_BOUND ( 'NONE', #1403, .T. ) ;
#3921 = EDGE_LOOP ( 'NONE', ( #916, #1601, #3572, #461 ) ) ;
#3922 = ORIENTED_EDGE ( 'NONE', *, *, #3138, .F. ) ;
#3923 = DIRECTION ( 'NONE',  ( 1.000000000000000000, -0.000000000000000000, 0.000000000000000000 ) ) ;
#3924 = DIRECTION ( 'NONE',  ( 0.000000000000000000, 1.000000000000000000, -0.000000000000000000 ) ) ;
#3925 = CARTESIAN_POINT ( 'NONE',  ( 12.24999927169117697, -18.87149398043249704, 5.700000000000001954 ) ) ;
#3926 = EDGE_CURVE ( 'NONE', #1689, #2828, #195, .T. ) ;
#3927 = EDGE_CURVE ( 'NONE', #738, #3875, #292, .T. ) ;
#3928 = EDGE_LOOP ( 'NONE', ( #1858, #3262, #2463, #2955 ) ) ;
#3929 = DIRECTION ( 'NONE',  ( 0.000000000000000000, -1.156482317317871478E-16, -1.000000000000000000 ) ) ;
#3930 = FACE_OUTER_BOUND ( 'NONE', #950, .T. ) ;
#3931 = DIRECTION ( 'NONE',  ( -0.000000000000000000, -0.000000000000000000, -1.000000000000000000 ) ) ;
#3932 = PLANE ( 'NONE',  #775 ) ;
#3933 = CARTESIAN_POINT ( 'NONE',  ( 26.70832781755651908, 0.000000000000000000, 11.00000000000000355 ) ) ;
#3934 = LINE ( 'NONE', #884, #885 ) ;
#3935 = DIRECTION ( 'NONE',  ( -0.000000000000000000, 0.000000000000000000, 1.000000000000000000 ) ) ;
#3936 = CARTESIAN_POINT ( 'NONE',  ( 3.723254486070577407, 34.97512175305875104, 3.700000000000001954 ) ) ;
#3937 = CIRCLE ( 'NONE', #1014, 2.999999999999999112 ) ;
#3938 = VERTEX_POINT ( 'NONE', #2251 ) ;
#3939 = ORIENTED_EDGE ( 'NONE', *, *, #1886, .F. ) ;
#3940 = B_SPLINE_CURVE_WITH_KNOTS ( 'NONE', 3,
 ( #468, #2878, #149, #801, #3794, #3230 ),
 .UNSPECIFIED., .F., .F.,
 ( 4, 2, 4 ),
 ( 0.006359008135741248298, 0.007859302857020484395, 0.009359597578299719625 ),
 .UNSPECIFIED. ) ;
#3941 = CARTESIAN_POINT ( 'NONE',  ( 20.33764032494468665, -15.37150784288579608, 14.50000000000000178 ) ) ;
#3942 = AXIS2_PLACEMENT_3D ( 'NONE', #1611, #2154, #2839 ) ;
#3943 = DIRECTION ( 'NONE',  ( 1.000000000000000000, 0.000000000000000000, -0.000000000000000000 ) ) ;
ENDSEC;
END-ISO-10303-21;
